id,num_orders
1028232,107.36
1127204,101.53
1212707,142.11
1082698,72.3
1400926,54.22
1284113,197.87
1197966,241.2
1132739,212.12
1057981,112.57
1095932,154.81
1454421,168.15
1149765,210.03
1166964,417.59
1010949,314.33
1409575,63.82
1181616,18.29
1456020,301.42
1264395,237.44
1472931,90.82
1412015,98.54
1461229,166.67
1014564,211.67
1485914,74.26
1345389,112.24
1006833,152.01
1174921,25.53
1175393,21.78
1152412,33.86
1497398,36.19
1363486,28.11
1366766,42.15
1192413,19.95
1319547,301.79
1337684,127.0
1479766,209.8
1460444,1193.48
1139730,919.72
1115056,372.86
1335827,122.33
1385333,781.12
1096323,877.46
1230693,958.39
1027016,119.38
1181520,90.15
1306234,185.18
1271440,1007.12
1269834,504.75
1176823,1269.72
1193098,120.11
1034878,96.34
1010243,159.65
1451807,51.32
1016845,96.98
1198021,209.76
1413802,90.04
1231223,129.99
1274226,726.06
1425142,483.46
1211593,283.9
1419190,57.1
1180223,58.13
1194932,133.68
1323477,170.31
1371595,237.37
1171521,182.59
1052384,245.79
1060921,74.26
1261811,176.74
1246502,217.93
1497466,410.39
1232717,31.3
1136112,38.54
1196334,427.85
1349533,271.27
1463406,275.79
1447686,265.75
1336105,109.73
1012855,401.37
1180646,398.0
1062490,309.09
1098228,1450.17
1101375,501.83
1400016,428.01
1439889,80.9
1408468,69.75
1044490,81.54
1290002,794.18
1190633,764.11
1040430,1154.26
1049366,98.63
1224120,137.73
1293810,186.26
1197335,803.67
1323989,532.21
1129467,1323.97
1229328,79.06
1164395,78.68
1217722,37.69
1171266,82.58
1024905,69.79
1343027,176.47
1141892,83.48
1302404,54.83
1170447,521.24
1140772,560.17
1103484,355.79
1387134,37.88
1117711,22.02
1472121,41.94
1289523,280.28
1091114,419.05
1043572,419.5
1103283,286.75
1265051,131.59
1168741,144.65
1052776,137.27
1206564,185.16
1302153,283.41
1083754,47.49
1097952,30.5
1251605,34.44
1333032,942.06
1086936,232.5
1088412,175.81
1236400,50.83
1244516,103.51
1380381,73.73
1495062,422.28
1439647,223.26
1019214,313.71
1316160,742.79
1022008,541.81
1138248,321.0
1052922,41.84
1181474,81.59
1046475,48.98
1216688,387.12
1067565,559.99
1008328,406.55
1430287,153.94
1406716,208.35
1105380,142.71
1248694,325.9
1252163,266.67
1443474,517.15
1033716,79.71
1300295,68.72
1311882,66.5
1257968,71.51
1226362,124.98
1030655,152.72
1210527,60.76
1278927,45.52
1232239,71.87
1133067,348.89
1382522,547.7
1219136,300.05
1498130,37.53
1251629,59.22
1032092,31.03
1249865,159.67
1207630,196.58
1144733,156.51
1436768,63.92
1148964,54.44
1237346,246.36
1206015,60.16
1105113,232.09
1430481,37.77
1001589,82.15
1224132,60.52
1074380,322.13
1097109,342.41
1211246,206.05
1390579,350.26
1473058,330.59
1186964,141.14
1222837,51.59
1342393,51.97
1170472,287.17
1170791,290.52
1046653,337.96
1195179,185.89
1332509,152.82
1438300,123.42
1435748,370.0
1052668,258.08
1227060,369.33
1342252,129.19
1143109,60.34
1394807,145.95
1448374,64.25
1028680,91.11
1079691,94.63
1402079,39.98
1424446,86.6
1133297,349.94
1076214,741.87
1173823,348.42
1488584,30.42
1072892,35.5
1277491,32.83
1290868,140.87
1048888,233.6
1138141,229.23
1473125,40.77
1196726,26.7
1179278,31.83
1282305,48.68
1359903,70.68
1355143,130.75
1095889,44.88
1250665,97.7
1426610,55.9
1390104,341.32
1051519,447.24
1337584,200.35
1332667,2058.48
1075942,1256.47
1109804,694.67
1316684,81.53
1248315,201.16
1113611,141.47
1110867,934.9
1247289,1060.39
1022953,1820.56
1160081,113.16
1120430,121.48
1487280,244.09
1020081,1978.86
1329551,996.06
1137610,1794.01
1072530,246.87
1115708,214.82
1203532,161.61
1494216,331.11
1116374,308.97
1032497,171.69
1413930,298.91
1136118,161.01
1254872,125.92
1398257,1151.77
1364001,1099.88
1369843,464.3
1379360,93.64
1442044,62.65
1285290,87.19
1129707,443.3
1086750,527.72
1147262,604.39
1025605,191.69
1414158,195.92
1082079,192.06
1467510,199.95
1374892,236.21
1171352,672.54
1213246,54.16
1279131,88.15
1256386,76.57
1234220,2030.49
1008206,543.88
1267686,405.62
1470186,107.71
1233312,226.41
1279379,149.31
1431703,1123.41
1339938,482.57
1010552,368.74
1237947,804.47
1175098,624.77
1066074,220.87
1045918,82.84
1226081,50.98
1148633,459.06
1441429,481.75
1291804,608.81
1305194,104.0
1327840,115.95
1320801,196.09
1467101,140.34
1473989,240.22
1466330,494.11
1390856,33.66
1120639,33.75
1279275,73.4
1166120,100.85
1128404,52.08
1252491,38.77
1328056,491.5
1452353,400.64
1353276,118.22
1297182,22.26
1469299,30.51
1129687,199.01
1362599,391.64
1245170,421.16
1098570,38.05
1452600,29.08
1194207,36.08
1023619,77.95
1254600,129.94
1157094,182.33
1165391,30.22
1131248,43.55
1383646,214.65
1288250,106.23
1476141,74.88
1401237,62.88
1383510,69.39
1433607,46.08
1098207,284.02
1453624,283.92
1089046,147.72
1306954,2084.8
1413179,680.47
1379869,527.58
1037218,113.56
1247919,279.33
1097438,137.34
1441938,892.21
1060769,891.18
1409283,1244.21
1397517,159.33
1220386,130.99
1297481,310.03
1309280,888.39
1013813,715.03
1087803,1578.49
1256077,79.58
1328392,56.46
1197947,86.95
1134877,181.32
1149222,123.69
1321757,206.18
1364052,157.91
1346914,107.2
1343936,737.42
1284997,942.85
1443980,242.65
1272226,74.58
1267791,42.9
1049345,71.02
1300007,548.67
1220471,555.8
1486124,595.45
1183373,118.43
1076787,124.74
1218918,107.05
1351627,180.08
1333350,271.77
1312936,486.59
1477543,52.16
1408514,43.43
1256773,45.98
1174904,419.69
1392815,401.55
1389126,249.39
1074816,107.51
1124612,156.8
1318251,124.75
1089252,634.94
1396463,359.33
1289632,355.5
1083889,364.67
1121896,240.94
1004866,126.85
1234436,46.84
1311318,83.15
1476647,54.24
1419834,261.43
1188670,310.77
1260238,218.58
1263791,100.29
1070835,106.85
1433069,162.37
1349084,267.98
1360259,216.71
1022475,386.39
1037167,80.49
1492031,49.65
1057541,65.07
1483675,69.66
1463966,80.95
1474096,58.46
1440771,46.64
1452763,90.85
1382621,270.87
1035365,570.4
1355984,247.74
1140520,18.96
1168148,108.71
1052343,182.12
1370827,208.61
1055728,49.31
1053449,33.71
1368579,27.19
1208370,67.75
1027455,30.62
1147326,67.98
1203029,35.23
1389643,66.88
1482071,40.37
1411487,328.58
1043533,357.13
1294351,188.13
1409427,357.93
1000264,213.87
1016463,63.18
1224218,51.03
1485114,66.06
1006410,89.9
1221242,164.87
1031339,495.29
1153545,194.53
1182144,119.59
1194788,82.49
1082828,71.51
1265773,235.76
1154515,135.35
1105986,257.45
1293017,45.19
1272587,44.55
1027143,37.77
1179146,85.14
1342337,27.52
1269746,38.4
1369030,178.11
1109605,406.59
1099603,193.88
1319113,20.65
1155697,21.65
1218892,89.72
1493357,164.89
1202597,158.47
1116108,24.68
1229780,27.32
1391127,31.42
1085957,53.2
1267409,50.92
1245159,95.7
1378973,60.72
1079844,231.48
1024089,225.31
1463712,135.9
1268331,355.38
1058344,349.22
1417277,192.67
1056035,89.05
1343254,81.05
1262833,64.22
1272751,237.34
1013213,608.79
1263405,396.47
1204818,100.82
1333742,60.25
1043262,58.36
1449237,820.19
1080908,304.22
1073524,1057.33
1196482,135.53
1068138,143.2
1320427,150.13
1184166,114.94
1228572,292.25
1075131,265.56
1128915,131.03
1182843,125.17
1094044,690.13
1209858,602.55
1222963,216.12
1037477,85.81
1001694,29.28
1054299,66.49
1371044,129.73
1254718,224.44
1086268,204.36
1003757,41.65
1448276,45.31
1489645,363.13
1491279,158.11
1408337,219.48
1360068,78.19
1316400,161.3
1110618,131.41
1146271,516.36
1474849,343.78
1352055,157.54
1245977,118.8
1165288,119.57
1081099,68.99
1441467,42.43
1336838,230.95
1106150,412.13
1190084,142.63
1232610,161.58
1321845,96.41
1159511,260.56
1441739,251.95
1096623,131.67
1474925,22.45
1118719,27.17
1297074,25.93
1054861,165.54
1208736,368.12
1161439,139.2
1282737,120.37
1194305,137.5
1353044,127.92
1063225,21.72
1116078,19.55
1075416,29.06
1088172,45.26
1320248,379.27
1271591,470.14
1127237,164.48
1243020,350.82
1416839,229.07
1172788,94.56
1473056,92.69
1060753,29.0
1053540,231.71
1261815,378.81
1489999,251.33
1133739,40.3
1384693,67.01
1072117,118.24
1023989,186.34
1183974,213.82
1171351,58.38
1004475,32.87
1080300,55.39
1164653,33.08
1444590,43.02
1169717,88.04
1399692,159.78
1393811,54.26
1177147,15.79
1455218,17.42
1478944,82.62
1415824,142.85
1041241,150.5
1045506,19.41
1210059,53.79
1139397,45.14
1008295,25.54
1406978,55.97
1470180,49.62
1326956,198.42
1268964,197.33
1267165,865.19
1414458,266.65
1105486,338.86
1246396,22.01
1223814,83.16
1208097,69.99
1426257,465.44
1402266,661.29
1273610,1380.81
1082679,164.69
1061395,154.29
1448891,278.19
1121802,535.44
1017920,408.56
1220913,708.44
1201769,80.26
1214790,50.57
1055980,54.32
1143296,34.19
1161381,52.36
1049400,44.49
1388858,93.23
1367157,63.16
1056911,83.49
1363870,357.3
1206999,514.68
1220962,122.72
1244866,26.77
1161719,26.29
1492231,262.15
1492759,224.73
1408726,260.09
1337818,102.96
1136894,94.31
1050836,95.52
1157808,160.91
1438743,262.25
1092027,281.45
1286976,37.73
1244383,35.04
1220086,40.77
1014137,204.46
1460613,138.62
1269949,90.02
1022949,51.36
1118546,94.52
1006832,252.44
1461216,203.99
1333438,305.55
1014151,671.17
1196661,403.25
1072688,127.13
1161832,45.35
1146287,79.98
1329636,44.63
1113345,450.86
1079296,498.42
1245711,339.05
1312378,145.39
1280461,166.24
1132214,228.52
1013410,388.06
1315890,354.58
1453825,434.45
1137590,35.49
1046820,22.94
1100813,24.84
1213133,17.42
1119887,35.95
1339495,56.14
1172173,21.75
1250692,24.74
1000962,430.17
1122867,635.83
1367068,355.41
1181254,24.63
1411654,61.92
1154407,129.67
1477833,39.93
1422724,28.14
1112704,170.67
1346146,189.07
1108405,289.54
1194904,69.46
1448084,76.77
1266676,29.4
1099057,71.18
1188584,374.47
1230753,348.28
1237054,439.5
1161084,368.85
1401228,203.61
1493372,94.78
1395665,58.62
1002279,90.5
1424621,75.78
1256602,274.85
1390004,309.36
1146927,236.82
1057232,57.9
1319822,72.85
1353668,32.0
1157084,228.91
1115935,200.53
1033089,615.86
1090029,78.13
1464617,94.4
1209279,69.44
1039223,65.19
1152313,93.76
1198253,196.97
1356983,57.55
1375236,67.39
1276289,64.22
1188533,316.01
1163547,363.1
1089771,193.91
1449997,58.67
1261700,27.46
1098789,48.3
1119881,91.18
1174890,117.2
1194658,169.32
1354710,31.48
1276097,32.84
1451749,41.92
1260659,133.21
1342195,71.51
1177959,148.89
1346194,51.04
1081095,111.31
1228200,108.04
1400215,258.85
1101987,302.4
1280892,103.13
1207745,575.11
1158313,455.18
1326014,214.34
1040372,48.87
1405754,64.97
1251759,82.76
1094372,247.67
1113898,508.4
1351735,523.55
1305756,160.17
1144073,167.84
1219445,154.41
1399854,504.16
1077708,254.16
1136982,558.86
1168044,121.33
1301176,123.61
1045879,56.33
1375132,173.69
1224442,200.89
1195553,65.62
1486052,54.84
1406304,45.49
1003371,419.14
1447908,559.98
1022766,241.36
1359162,32.72
1149541,38.17
1389512,42.62
1294598,176.25
1187407,217.49
1151085,342.29
1262007,65.93
1273205,45.27
1098767,28.0
1328665,160.05
1207902,71.64
1110134,156.33
1135750,39.1
1404904,68.95
1252213,40.97
1471895,632.23
1370308,324.78
1488744,274.21
1312130,198.01
1432207,192.42
1067574,62.32
1497576,19.39
1173597,99.47
1463356,35.82
1476005,411.97
1226297,477.2
1312818,253.44
1170077,78.01
1132041,62.05
1144962,159.93
1180712,188.69
1420842,118.56
1048319,166.34
1062167,33.84
1281864,38.96
1310639,27.82
1316568,67.91
1470598,47.79
1126729,24.16
1187117,22.7
1231315,27.55
1193778,173.64
1497770,348.43
1296043,146.23
1109033,127.16
1253619,126.13
1015055,194.28
1323954,70.0
1236535,18.99
1291602,37.98
1034239,34.96
1487244,241.94
1432981,214.92
1413500,91.76
1240615,1493.5
1125250,605.47
1049986,686.6
1432590,40.01
1064865,76.13
1462054,69.93
1175329,585.03
1231504,553.07
1310137,918.72
1176123,90.89
1267634,59.08
1397808,111.43
1489068,973.78
1399261,408.0
1057026,909.27
1157087,119.18
1221970,121.24
1055041,186.13
1378097,139.97
1154169,118.5
1062376,122.95
1181839,116.41
1276632,93.35
1388270,527.27
1171130,473.95
1242759,258.55
1035528,52.76
1232845,63.98
1133643,68.87
1020633,197.22
1137724,181.82
1418017,200.0
1129706,118.47
1414426,73.29
1443244,35.07
1336913,68.01
1216868,206.22
1074099,319.62
1005733,53.61
1187232,36.85
1315006,480.25
1429640,310.73
1193124,307.0
1321067,110.0
1020914,103.7
1464172,92.92
1012356,255.6
1048213,224.85
1414658,201.88
1067356,1029.9
1402145,343.35
1205618,238.88
1102348,47.4
1439251,51.01
1141169,62.54
1429174,663.47
1360530,667.83
1078717,969.92
1034750,238.22
1292295,198.84
1464006,367.78
1207416,707.44
1081039,525.11
1038600,748.92
1434474,96.17
1420970,61.98
1493390,66.2
1062042,21.85
1407930,38.89
1309366,81.84
1494106,73.07
1253128,60.68
1230871,531.66
1103899,438.08
1178356,176.59
1270686,29.06
1461376,36.54
1055872,36.26
1027667,161.7
1150000,134.02
1035466,127.69
1015226,133.53
1004410,63.59
1225216,178.01
1261758,208.33
1009224,178.25
1164468,33.66
1234697,138.7
1072809,225.63
1405077,152.84
1133718,27.59
1090779,62.12
1220305,32.24
1455516,258.88
1077080,249.65
1381871,267.07
1497941,697.26
1405281,603.06
1184133,349.35
1297493,67.34
1351826,87.15
1351915,58.74
1303502,255.57
1103552,408.83
1074755,526.79
1054413,161.15
1100592,119.63
1265971,175.37
1062386,320.38
1005415,302.97
1454684,676.58
1098324,153.05
1463531,115.63
1128843,170.13
1200592,145.21
1337305,221.38
1130901,215.55
1101312,76.01
1423243,64.36
1358603,62.07
1040493,450.27
1023439,701.21
1402530,324.13
1148734,47.66
1115378,38.25
1138163,116.83
1089398,147.69
1111393,312.92
1441237,75.48
1073593,45.31
1353069,50.37
1237302,173.83
1068099,67.98
1296768,132.77
1407946,47.18
1341469,105.78
1099372,58.72
1310892,340.26
1190768,310.77
1070732,147.67
1249505,262.44
1235991,287.58
1260972,109.99
1207552,51.46
1043700,35.27
1311764,53.21
1387118,238.76
1193391,242.28
1091807,280.95
1240478,127.09
1494088,130.24
1347537,134.72
1102292,274.25
1088345,188.08
1446214,256.15
1033631,24.73
1291932,39.42
1048558,30.42
1374367,31.09
1379701,273.17
1324376,482.84
1000116,194.37
1213448,15.67
1246867,127.82
1414636,183.22
1390449,209.28
1440242,74.19
1382211,17.98
1248175,29.33
1395486,39.2
1222155,53.19
1031664,359.51
1022670,450.06
1280365,192.44
1034558,60.15
1147078,56.84
1459822,76.01
1099677,171.45
1348084,149.91
1220274,87.52
1209309,55.79
1184750,162.21
1190011,193.1
1319480,104.98
1305176,134.59
1251039,21.2
1312629,74.52
1031682,305.69
1034125,114.7
1046291,15.57
1444323,154.1
1317716,205.75
1057421,234.89
1428458,194.66
1348068,153.59
1380958,171.6
1001797,846.62
1207458,315.67
1252167,257.43
1402459,61.13
1336623,97.11
1092234,24.77
1276698,320.61
1014174,344.06
1389987,553.92
1176492,68.89
1248265,79.15
1045510,96.8
1045443,354.75
1099568,236.08
1295338,528.31
1207102,45.8
1391315,52.15
1251276,48.1
1003702,64.31
1371347,160.28
1495432,76.42
1427121,83.2
1314783,26.93
1358927,52.64
1465453,238.15
1183611,362.73
1272052,139.76
1363954,37.87
1409502,32.73
1030133,159.38
1363671,184.13
1035001,232.23
1410185,95.08
1432211,69.56
1065392,80.34
1373418,84.45
1365940,129.87
1242870,184.88
1231479,33.78
1404091,33.93
1181234,180.16
1085163,136.02
1436870,78.49
1254416,31.8
1471032,47.72
1334116,45.62
1347256,152.67
1311604,176.34
1063501,180.67
1025721,454.01
1276142,251.88
1060806,216.18
1071661,29.74
1498066,52.53
1407735,52.31
1051651,264.04
1363995,327.48
1454364,307.72
1467138,44.19
1074197,50.05
1230896,86.75
1115906,369.38
1186445,200.41
1478644,395.91
1096482,142.63
1429191,173.13
1257617,148.09
1440883,61.55
1021872,151.43
1154559,137.65
1095162,43.96
1300311,36.34
1389878,74.74
1412672,320.25
1155036,393.15
1112459,203.47
1133681,28.08
1218617,22.66
1190145,23.89
1262383,71.46
1331957,156.01
1481626,146.44
1134995,40.01
1285263,27.57
1106138,34.04
1175167,174.61
1205164,101.85
1483833,209.06
1496897,44.16
1074105,96.18
1465377,40.75
1106879,106.69
1150467,161.16
1116996,93.85
1185434,1744.46
1266519,799.05
1353114,753.88
1129265,62.82
1252749,130.42
1162104,80.45
1193418,784.9
1284837,775.47
1363184,998.44
1191468,95.06
1078789,100.93
1136805,267.75
1405386,1506.47
1114322,553.86
1350211,1518.12
1278837,101.64
1172455,72.6
1478221,60.51
1098408,86.2
1091951,182.21
1099622,140.89
1139472,161.99
1061430,163.16
1258982,81.4
1405793,590.72
1494572,692.82
1023532,255.49
1088540,55.5
1350522,40.45
1062543,449.53
1123146,482.81
1335657,516.05
1336480,107.79
1334472,141.15
1223905,108.16
1106947,84.92
1268382,177.18
1410375,380.19
1480252,27.19
1270897,33.14
1171323,451.84
1347721,367.22
1195122,209.72
1160060,86.92
1103877,143.97
1227192,105.42
1225674,317.42
1435797,256.5
1364079,273.07
1306281,111.61
1299709,157.83
1299648,61.24
1191925,39.0
1303294,110.75
1276615,64.21
1347235,276.49
1433729,266.08
1442624,130.06
1136999,104.82
1419217,87.02
1314342,428.61
1429773,114.34
1267876,199.34
1387167,21.39
1173342,35.55
1186948,61.39
1233252,149.05
1066977,709.09
1152418,353.62
1124445,18.05
1026138,137.18
1332514,187.24
1468716,165.88
1287492,33.04
1206863,16.57
1398867,28.96
1055136,127.19
1118702,96.48
1359875,363.19
1107202,387.85
1296158,148.01
1470774,793.22
1117544,429.71
1151189,261.25
1186842,41.42
1398197,65.08
1083741,64.9
1037042,515.14
1088465,503.6
1451012,733.8
1227620,88.1
1102512,91.67
1234887,167.61
1128433,788.01
1444037,281.2
1015740,658.0
1346922,23.06
1102942,16.84
1174075,47.75
1108936,66.37
1412117,37.56
1014965,190.18
1418316,39.88
1472488,51.09
1019856,461.5
1175542,497.54
1013232,189.44
1321001,340.16
1100828,398.42
1068732,340.29
1386147,79.23
1410568,72.15
1471314,107.72
1143781,143.78
1010375,297.07
1144387,61.71
1229377,39.18
1095558,34.66
1478260,219.64
1438799,86.55
1359239,82.92
1097687,41.46
1065465,61.21
1028748,52.87
1487448,267.52
1331356,316.95
1480686,314.69
1236999,963.82
1199822,262.53
1254681,252.83
1047669,75.6
1084506,55.65
1407062,67.3
1004423,431.78
1207875,501.9
1328513,916.59
1170969,112.03
1281563,110.04
1432075,165.6
1253965,650.52
1444649,295.35
1152272,850.78
1393567,114.82
1154663,134.01
1144903,87.2
1329590,229.83
1441678,135.44
1001524,149.44
1440235,59.31
1437743,76.3
1468736,473.69
1325002,536.33
1255670,163.03
1054864,49.63
1057573,36.99
1006532,170.34
1276400,367.14
1086209,327.97
1325888,150.48
1269656,163.56
1219510,110.73
1402597,73.52
1254290,149.7
1207536,223.1
1358623,64.19
1106454,52.17
1096522,68.56
1497989,354.84
1034611,292.07
1145961,194.45
1241244,55.99
1335255,72.58
1167949,78.77
1215373,231.12
1245385,222.07
1299559,210.72
1402501,66.18
1356370,72.38
1244578,41.33
1402872,64.05
1373011,182.18
1099626,73.16
1240618,141.43
1313356,153.49
1063775,121.8
1351476,318.78
1423116,153.37
1026366,147.06
1006892,16.27
1366540,18.02
1308211,15.95
1060946,39.06
1111869,22.3
1321821,27.59
1442998,88.14
1187281,740.58
1149992,334.41
1269393,142.37
1271415,203.42
1115599,213.63
1049715,47.37
1386843,76.59
1449443,404.09
1247790,438.96
1377409,170.85
1402068,573.46
1131692,469.88
1103707,163.69
1011869,117.44
1134421,85.19
1187227,77.18
1404182,293.94
1430582,639.1
1077995,480.42
1484671,86.81
1420778,105.42
1310109,86.68
1219340,693.0
1483037,327.35
1278014,855.98
1020009,141.38
1357861,150.93
1246537,130.0
1138911,236.6
1072349,302.66
1044205,104.01
1003775,79.35
1105139,123.58
1233795,472.25
1488993,606.57
1128989,148.41
1461060,61.21
1093258,73.51
1458579,135.79
1267831,256.69
1076102,295.14
1492794,83.4
1258414,49.03
1233270,38.38
1218069,255.03
1209101,208.93
1005839,368.76
1205721,64.04
1286663,143.68
1396005,106.44
1005991,355.99
1411749,321.79
1256153,142.43
1334064,316.44
1053700,248.56
1079711,213.91
1449942,20.3
1080233,48.48
1320661,72.18
1137255,361.19
1264796,575.3
1048031,391.92
1363159,139.86
1311397,163.0
1408686,127.99
1335629,269.75
1384967,306.11
1425196,189.43
1185945,41.16
1233671,38.19
1168634,53.83
1475193,95.13
1008215,21.68
1490942,42.13
1086613,255.96
1429213,253.91
1247277,63.06
1315521,20.24
1251613,18.81
1341539,20.23
1314843,106.34
1060246,164.89
1196722,115.58
1062489,26.48
1391156,26.41
1420868,50.74
1266795,36.14
1452943,49.72
1372739,44.75
1384170,44.18
1270445,428.14
1440443,589.53
1158748,106.29
1373369,1567.76
1171380,893.64
1334250,239.76
1260574,69.55
1004325,76.28
1402074,73.13
1305204,738.38
1225037,750.87
1174606,1103.39
1118582,142.77
1302852,139.9
1236914,173.3
1047047,787.97
1219768,379.65
1449676,1082.15
1459390,80.68
1403792,71.93
1181820,86.72
1158592,53.88
1106569,113.34
1460628,60.39
1456648,76.53
1074653,524.88
1172350,537.91
1064482,136.79
1035769,38.64
1092414,27.86
1187218,38.0
1309910,114.58
1064688,83.61
1208945,89.45
1223704,251.45
1342926,382.9
1016090,158.17
1084541,147.58
1006036,241.29
1271294,322.41
1293143,32.17
1380357,292.96
1394412,154.93
1045597,83.66
1242518,41.51
1425711,89.55
1236266,76.99
1391787,250.17
1018619,228.84
1439086,204.9
1487991,333.58
1460540,221.87
1421075,64.26
1337962,70.79
1205702,58.88
1216068,73.54
1416093,173.64
1106438,644.23
1187958,330.45
1461237,108.58
1493677,85.56
1346875,103.74
1047024,329.31
1179951,210.13
1272720,395.94
1009102,110.29
1102030,88.23
1357349,106.41
1254542,119.53
1239839,147.36
1142498,75.37
1479142,57.63
1127057,55.28
1143077,179.44
1315764,602.21
1076879,419.46
1117812,25.36
1171684,46.33
1187665,113.91
1150288,122.77
1092093,221.69
1447408,34.19
1331327,34.77
1478225,74.87
1247480,64.34
1105195,73.19
1439531,33.61
1079007,66.78
1068176,43.37
1396170,177.01
1334406,175.29
1014026,168.39
1352373,517.45
1243030,386.72
1041420,167.89
1319327,53.0
1410028,90.77
1139636,31.95
1036193,633.43
1003367,663.19
1387633,372.42
1332886,109.41
1080327,82.06
1013373,139.45
1078845,213.67
1240791,168.39
1474319,318.97
1494561,70.18
1150748,52.04
1140411,54.84
1440680,47.82
1067429,116.16
1160511,90.83
1065243,46.61
1279830,35.25
1030666,49.55
1433611,418.52
1333707,487.46
1266311,253.83
1103146,28.46
1491817,126.42
1212716,109.95
1301661,245.14
1233889,46.97
1342250,24.0
1079171,22.43
1132769,90.85
1177184,56.24
1162498,33.94
1226350,84.95
1353682,22.91
1144693,271.14
1200921,321.67
1098073,180.33
1083024,440.51
1496726,247.0
1222568,155.0
1118152,40.42
1474455,76.78
1344569,286.69
1362812,611.48
1357918,280.72
1427314,220.07
1177846,187.46
1447665,161.34
1180242,445.24
1057980,121.92
1057989,416.65
1494214,29.99
1360415,55.91
1474051,54.75
1139545,38.19
1102908,50.66
1281533,44.91
1233530,234.97
1474190,346.16
1195458,117.38
1481613,36.07
1004249,86.53
1165001,142.1
1022162,59.23
1185155,38.5
1152177,113.74
1374738,47.62
1379639,137.98
1333423,43.24
1128407,54.15
1204473,44.07
1310544,195.21
1154591,352.42
1494201,109.26
1115748,492.49
1353589,405.74
1484676,198.17
1048616,31.8
1314508,79.17
1296975,85.01
1372115,283.32
1336189,349.04
1121324,349.89
1045996,96.87
1361706,95.61
1431483,116.1
1387232,165.48
1160893,114.14
1431384,337.17
1235837,83.67
1436037,79.05
1202680,95.33
1412587,28.94
1377286,55.44
1197461,108.96
1116597,53.96
1062507,60.07
1030306,247.66
1013660,332.5
1086030,173.16
1229602,36.68
1272184,26.85
1433035,94.14
1374038,119.0
1222840,165.15
1356273,19.04
1101932,27.56
1021010,68.07
1171411,55.67
1337490,99.76
1332396,34.06
1303811,56.81
1333733,57.05
1191789,160.51
1325792,196.26
1476106,165.95
1171225,574.95
1235681,291.35
1224499,366.27
1423465,40.47
1120552,77.12
1292401,63.43
1226546,319.12
1485369,423.5
1369288,509.19
1432305,156.75
1079777,150.94
1092628,132.82
1282588,341.23
1415191,240.94
1209550,354.63
1370271,29.94
1104842,27.51
1381859,45.13
1062232,34.39
1171522,86.84
1084587,43.15
1439204,37.57
1159953,373.82
1379917,308.01
1082924,89.52
1380277,22.25
1303074,27.54
1357053,157.81
1482844,164.04
1095958,73.63
1335161,65.36
1432554,89.27
1058867,64.59
1289214,131.87
1028000,76.86
1437271,33.85
1399943,30.58
1107949,226.79
1356581,91.18
1194491,34.44
1203992,67.8
1073984,25.44
1158974,154.46
1244952,143.55
1350959,191.16
1221985,535.94
1428233,255.98
1247118,244.05
1460736,38.58
1317327,59.66
1233024,36.3
1471569,329.43
1415077,317.53
1056913,608.95
1277505,79.89
1359182,189.23
1430948,318.02
1013760,215.22
1147147,280.55
1415890,37.76
1265084,43.93
1431945,35.83
1484655,60.74
1161020,26.72
1175530,249.8
1154338,150.76
1130574,154.62
1051940,33.29
1440445,26.32
1192440,160.73
1260322,217.27
1421768,200.03
1449682,50.9
1415276,61.99
1453255,76.7
1248669,114.15
1230958,167.48
1157877,38.86
1325572,187.8
1431659,127.11
1309583,65.29
1209010,43.26
1285811,68.44
1136992,63.8
1108246,189.77
1104829,155.47
1330971,75.86
1224992,557.16
1268353,165.12
1232469,151.33
1410483,53.45
1063825,83.0
1243528,52.35
1349678,295.72
1072684,397.62
1342993,497.51
1495669,102.38
1322377,120.52
1202457,107.92
1415501,367.46
1363882,436.4
1080956,694.86
1134020,54.66
1151908,34.96
1350192,93.48
1416559,33.46
1092576,65.41
1344385,82.89
1217656,67.14
1302415,55.12
1242600,198.84
1467152,474.88
1438001,146.72
1460611,44.24
1441014,37.67
1357398,154.54
1077114,180.81
1263663,132.5
1372445,79.14
1298212,38.78
1491344,67.43
1281588,125.42
1136004,108.41
1289149,177.08
1474421,25.11
1473813,34.89
1252840,82.68
1172252,131.84
1189064,98.27
1361099,57.36
1013719,90.43
1073519,51.1
1277293,224.32
1159227,209.17
1139762,238.79
1295739,137.4
1009685,155.16
1474772,72.33
1165673,23.63
1065468,58.32
1102053,39.47
1161784,306.95
1051139,382.74
1269039,147.88
1158737,67.13
1246489,102.28
1202461,122.53
1198164,217.54
1011440,249.04
1413230,156.64
1094332,17.55
1141137,33.3
1049606,32.58
1391442,129.04
1359351,598.59
1233267,180.84
1314748,14.78
1413495,71.6
1225930,135.43
1137875,136.48
1190701,16.41
1122832,61.82
1089220,28.73
1249809,366.54
1093731,548.6
1064557,178.17
1117909,452.42
1214618,221.1
1089335,203.33
1213475,23.85
1170902,60.5
1481946,578.65
1224868,198.21
1106482,201.7
1273502,44.72
1216168,85.53
1083594,207.16
1224295,150.39
1013278,412.15
1005855,114.88
1056709,55.04
1249671,97.8
1230380,114.32
1484433,86.83
1267040,54.58
1473223,23.2
1233669,247.97
1250796,361.58
1313401,143.01
1237110,21.56
1238242,17.43
1000121,66.28
1129558,81.53
1018802,92.04
1368711,133.85
1368971,66.91
1240209,161.73
1430887,52.15
1476123,60.37
1068042,44.66
1124650,69.05
1289201,69.31
1281401,98.03
1485491,404.95
1104767,397.45
1260343,205.95
1420693,55.24
1462062,98.5
1057642,46.88
1379980,209.59
1095043,340.29
1096435,408.81
1339708,102.44
1430712,80.12
1348620,103.79
1489978,159.66
1343050,191.37
1171803,333.6
1239136,75.03
1159926,62.18
1167786,46.68
1261300,80.6
1164093,78.94
1161124,41.13
1077741,89.1
1139047,82.96
1253918,280.39
1081347,580.01
1067587,279.57
1029248,27.35
1456841,32.83
1383133,109.6
1263414,125.52
1110768,153.39
1363668,30.59
1187183,25.63
1364266,152.87
1026176,35.38
1177476,94.79
1499793,45.78
1245784,102.69
1031113,55.2
1117382,264.36
1449051,295.46
1441522,170.12
1220040,179.47
1445037,191.41
1313829,80.51
1345555,63.47
1278499,68.42
1352264,285.53
1466161,415.36
1252687,199.0
1479808,127.26
1223345,146.58
1049411,142.92
1003384,296.1
1363984,212.69
1216354,239.68
1394628,33.55
1343435,32.27
1370718,90.97
1156018,26.04
1395048,136.45
1314516,301.11
1399258,120.22
1338874,16.17
1118069,25.4
1465660,98.01
1255031,137.64
1058944,135.69
1305598,25.08
1196241,43.89
1004788,22.88
1463684,35.52
1061891,53.33
1257545,57.91
1137317,412.5
1316766,338.98
1215009,177.19
1198616,303.06
1119975,238.59
1173978,135.31
1003325,62.24
1014959,43.85
1238676,285.11
1180681,268.12
1154031,167.04
1392618,81.43
1158959,66.35
1174657,90.25
1215383,342.3
1056737,187.85
1226869,295.94
1338426,41.28
1119609,63.02
1063798,28.11
1045972,46.64
1150952,153.58
1077779,611.76
1144441,307.87
1257450,28.96
1254802,114.57
1250391,166.21
1045722,189.59
1346647,31.38
1026834,28.11
1283298,136.52
1481903,43.38
1318877,54.99
1130427,46.65
1357694,106.1
1244100,76.71
1131178,302.57
1402295,354.6
1126893,167.4
1093651,519.4
1112711,364.55
1105210,297.87
1164254,70.93
1498407,59.3
1283105,44.3
1415914,288.45
1057017,296.47
1137052,426.25
1144252,96.13
1370833,111.55
1295518,78.2
1065864,455.28
1166233,203.16
1209388,499.85
1374893,69.01
1119217,56.24
1004773,107.28
1248761,185.95
1178734,178.34
1098698,37.04
1044262,58.26
1053113,276.92
1309992,461.0
1307732,209.24
1417093,33.64
1326039,31.25
1233803,107.94
1099973,100.44
1409188,189.85
1369859,44.94
1251710,45.02
1152116,36.6
1363025,206.96
1267904,186.89
1269147,290.8
1001765,65.99
1392665,221.37
1261277,271.23
1422430,140.17
1106809,1058.12
1353415,373.45
1368715,320.68
1087675,43.48
1336730,95.72
1332354,58.98
1456769,660.04
1190728,623.48
1268579,970.95
1217878,104.21
1106508,187.64
1006087,445.4
1402675,621.18
1276630,503.67
1205256,954.8
1445432,96.61
1009975,61.26
1394741,67.17
1275536,138.2
1158507,65.98
1269365,76.22
1204388,516.92
1068999,534.39
1370340,139.11
1252762,19.94
1154390,20.74
1394582,31.83
1149088,354.83
1386755,387.95
1299563,482.36
1491160,84.82
1230263,59.61
1011505,34.0
1446632,180.89
1415161,216.39
1228341,310.05
1056047,26.52
1278396,31.97
1005154,378.37
1312357,116.73
1370120,96.98
1255799,37.08
1115383,96.44
1118490,68.66
1493917,476.53
1487221,308.83
1149775,339.58
1460445,343.21
1448306,338.62
1431907,174.58
1401766,27.18
1047198,73.58
1002660,48.83
1366099,317.01
1292159,297.4
1373525,261.02
1049952,64.33
1377098,62.3
1198185,65.78
1256980,209.67
1010248,154.55
1080513,270.14
1081848,67.8
1054349,81.55
1233461,62.91
1313017,89.33
1105421,313.27
1339465,212.16
1063256,57.46
1013469,49.77
1375319,172.58
1366962,332.42
1317620,168.5
1127397,21.68
1250684,18.0
1102059,96.99
1281560,117.95
1392837,157.1
1279583,38.41
1225127,32.19
1188903,172.16
1320069,88.82
1081725,148.04
1288919,50.0
1098380,69.42
1141854,44.44
1471277,146.54
1485310,131.57
1057256,102.58
1443523,230.1
1242874,206.07
1028151,122.62
1302656,52.4
1431208,131.55
1473127,72.19
1249389,413.14
1270759,631.08
1220718,240.33
1429360,99.25
1141020,117.77
1325573,64.29
1165621,323.12
1386579,228.44
1089648,251.56
1210152,18.4
1013568,23.45
1269338,34.45
1462527,64.81
1094399,32.93
1197572,36.07
1127792,154.2
1290080,665.44
1160077,252.58
1439020,18.52
1129340,202.54
1198240,186.75
1123239,253.85
1402087,57.31
1104882,42.42
1155836,127.54
1057692,74.73
1045903,687.3
1247162,713.88
1447707,398.25
1450701,459.52
1119729,356.18
1463108,183.76
1004715,65.66
1055930,107.06
1258137,45.98
1220154,342.76
1425882,449.34
1023497,435.08
1410135,213.72
1265438,171.14
1414821,86.39
1116522,271.26
1443270,328.05
1263016,476.33
1018136,82.69
1451314,106.29
1038393,89.29
1403993,59.13
1274108,71.37
1188111,66.44
1342222,290.46
1057623,373.53
1324265,175.02
1438649,29.42
1073338,37.03
1082298,145.89
1110286,186.83
1266357,243.46
1138371,41.78
1298566,49.51
1430079,42.78
1375660,56.22
1319105,54.1
1361990,140.34
1337117,36.37
1092006,88.21
1379437,54.36
1315755,357.96
1101610,404.85
1212642,158.28
1257724,645.1
1466648,202.46
1254129,252.22
1046453,41.25
1417296,67.71
1103295,46.52
1288752,346.32
1460898,310.55
1045465,346.16
1429233,71.33
1428924,102.0
1179927,119.4
1401756,219.99
1482727,204.35
1412634,340.13
1122492,37.0
1051180,27.8
1076417,27.29
1297374,76.91
1204108,52.82
1021362,38.97
1390263,45.25
1363384,53.44
1116791,38.2
1326548,203.23
1433636,386.16
1481561,73.47
1034638,125.78
1230918,269.48
1242400,169.96
1115757,66.69
1041643,48.6
1287497,62.17
1306844,79.66
1200113,85.15
1078215,176.07
1298841,30.21
1392730,29.37
1198643,34.95
1020564,172.5
1154567,118.04
1225474,114.67
1248898,35.37
1170575,57.63
1413355,38.67
1113523,173.94
1356462,94.6
1174460,162.4
1040703,752.88
1009276,573.42
1348411,225.26
1235035,23.04
1435764,62.81
1109203,46.2
1310361,415.7
1173091,441.69
1201488,694.31
1416516,103.62
1156700,278.65
1135820,161.89
1477704,260.45
1178324,367.08
1198224,558.81
1308367,49.39
1260111,30.41
1298774,18.31
1295663,36.45
1084873,72.49
1238634,43.05
1237748,33.45
1143221,592.11
1228159,673.57
1349223,218.87
1056933,18.49
1424540,24.54
1484915,98.34
1111332,90.19
1063614,87.96
1301207,89.9
1053999,152.23
1118223,157.25
1450088,259.97
1230421,22.25
1068073,51.43
1197880,40.35
1094580,66.31
1172938,59.87
1029830,25.55
1359667,43.19
1377423,330.93
1310816,292.32
1316805,237.86
1259591,2072.68
1167271,736.56
1201964,539.68
1049973,76.91
1185564,94.7
1047036,56.44
1209578,652.46
1416876,720.03
1113492,1101.51
1029884,156.08
1497894,107.92
1300128,264.75
1300828,1225.98
1394735,546.97
1339641,1226.54
1395056,113.12
1015576,111.61
1328783,104.31
1208849,303.44
1242697,191.96
1359281,260.95
1485050,112.22
1309096,76.99
1066654,52.83
1333325,692.93
1065376,836.69
1392342,325.58
1418086,41.87
1126584,65.98
1140959,51.88
1313505,355.36
1117255,494.29
1266859,558.06
1352627,120.99
1366366,100.53
1476169,113.29
1372662,168.13
1226797,172.98
1296700,607.19
1240353,45.31
1147081,40.74
1187416,34.68
1261102,451.86
1458629,322.77
1242716,289.4
1421036,68.76
1346652,122.46
1245436,100.09
1198242,446.18
1045821,476.9
1443036,366.59
1173972,1773.36
1026093,667.06
1050787,478.01
1173917,80.86
1401571,116.93
1157221,64.15
1005375,664.3
1046037,647.99
1179494,1153.82
1351594,135.08
1004476,118.62
1108850,330.75
1243144,996.72
1152066,409.77
1222518,1020.43
1387120,99.8
1333542,95.14
1017181,80.44
1272397,78.98
1435758,41.28
1373049,126.63
1408547,146.79
1428679,86.7
1244464,54.47
1384377,647.97
1488118,557.25
1228826,357.45
1245151,48.44
1095362,53.03
1069078,62.35
1049725,341.51
1187024,259.74
1135586,410.28
1277897,142.46
1269737,152.95
1027610,108.74
1365843,170.27
1086058,195.46
1219724,422.26
1199897,44.58
1416231,37.59
1391175,317.73
1140599,275.13
1099643,332.83
1088269,84.74
1073405,121.05
1055745,57.34
1472617,592.11
1230428,284.08
1040401,362.39
1113951,178.09
1095435,173.9
1363338,100.77
1349382,72.35
1035972,121.02
1285850,58.18
1116211,152.8
1221446,428.97
1067824,210.39
1325209,44.28
1250269,60.67
1422706,78.79
1276177,343.82
1129647,205.46
1270817,248.7
1205675,21.71
1374416,27.32
1371785,43.16
1437236,31.72
1342334,76.04
1015263,164.34
1005610,863.3
1207270,311.65
1328618,25.68
1263164,121.41
1370636,140.47
1052297,125.46
1234483,43.87
1344207,38.71
1194915,30.86
1450536,153.51
1114215,90.6
1076467,430.58
1013988,497.51
1410873,255.69
1026962,272.86
1003254,240.23
1267865,194.17
1226940,110.66
1332638,55.2
1105644,186.45
1336298,205.72
1443390,170.75
1314804,31.63
1179911,81.46
1005967,62.92
1419947,254.95
1364329,222.77
1229710,148.51
1215604,30.46
1188630,42.79
1019807,23.6
1397082,43.79
1004160,195.58
1009831,655.72
1386562,265.12
1204381,24.97
1318327,26.87
1087987,90.8
1057435,107.88
1178120,194.78
1259676,15.52
1482446,17.09
1079506,20.02
1239800,70.11
1431582,27.56
1003568,40.73
1344720,38.79
1440313,83.5
1191198,51.93
1437760,388.57
1279562,489.14
1204132,153.62
1398096,117.48
1494166,112.25
1219707,76.96
1317056,103.9
1281517,145.76
1015899,80.96
1154251,130.93
1216050,106.57
1270599,218.57
1217407,157.69
1095052,197.67
1309274,20.72
1095238,25.78
1170773,22.99
1076486,28.46
1350206,16.55
1276836,27.77
1157695,63.46
1010666,227.64
1436514,86.19
1147480,91.57
1218947,178.07
1050335,197.27
1171256,37.53
1271548,23.35
1461471,18.97
1303550,65.49
1197899,27.87
1223492,174.29
1058027,116.52
1342205,185.94
1359066,951.53
1191706,431.59
1051218,366.15
1194601,41.34
1463442,73.46
1391735,502.49
1237811,491.23
1015345,593.3
1306276,88.32
1281383,79.75
1019593,199.98
1239125,232.11
1494423,276.14
1231512,688.61
1198829,34.48
1330395,110.38
1090050,131.79
1285816,85.87
1452241,107.19
1306442,33.48
1080063,52.17
1242898,404.81
1180697,466.03
1111935,167.31
1233504,38.32
1282522,25.77
1224947,40.2
1102338,141.23
1036719,251.3
1061800,312.4
1004280,77.02
1081737,85.74
1240408,130.37
1423030,153.45
1180839,168.52
1235293,246.94
1402334,43.3
1455922,37.22
1086605,44.4
1324560,178.24
1258874,118.35
1464606,135.85
1320138,36.63
1140900,92.28
1265408,28.22
1299126,202.59
1034569,181.57
1142696,253.38
1138175,588.25
1105308,126.56
1109747,149.62
1050057,57.14
1490235,50.14
1126706,314.05
1372959,373.09
1030230,538.01
1294042,65.45
1050893,49.8
1499803,102.56
1223585,508.84
1464318,256.73
1363250,446.75
1465396,39.33
1062525,82.35
1282663,26.41
1377031,17.63
1120331,75.84
1406956,258.41
1091889,281.64
1211590,132.52
1317126,20.12
1074826,31.48
1013839,40.68
1085749,146.89
1377992,171.11
1050861,115.67
1348062,170.46
1428528,47.07
1205756,101.71
1109233,114.07
1037514,115.53
1121475,31.4
1135573,31.34
1288571,36.08
1382800,96.68
1344633,104.25
1231476,76.36
1377282,39.76
1157321,77.64
1391149,168.11
1017288,182.04
1324180,115.45
1264350,1323.27
1121765,341.78
1458080,331.57
1226279,42.97
1198368,53.58
1434682,43.22
1339805,471.55
1316313,475.7
1259982,799.87
1295018,63.67
1324344,100.42
1318994,159.2
1297230,860.57
1143198,311.53
1247498,778.17
1326313,136.1
1155844,60.45
1395026,150.14
1180389,245.23
1164822,140.3
1392770,214.78
1309919,36.12
1381318,44.07
1088812,483.91
1483907,447.77
1233536,166.18
1415482,30.04
1080169,21.73
1374582,192.3
1280402,194.24
1273131,328.6
1121169,65.39
1273251,70.97
1233241,76.4
1092200,148.82
1313319,131.4
1319982,178.3
1078039,52.21
1016178,34.27
1163661,219.82
1051496,242.45
1023579,182.56
1346863,66.49
1224175,101.24
1276697,43.91
1369746,221.81
1036027,202.64
1396041,187.21
1165135,257.71
1280129,148.77
1170036,82.85
1488157,37.33
1487745,119.0
1086065,74.24
1004297,217.31
1281725,334.03
1347240,156.2
1366721,125.6
1154649,86.67
1126082,70.53
1477870,199.51
1069963,166.98
1153258,240.58
1213120,26.61
1056340,20.42
1177540,19.78
1004822,52.12
1345635,48.15
1342550,30.8
1247389,26.07
1181846,103.37
1423783,215.22
1064603,691.53
1227396,282.37
1207359,37.8
1457058,109.02
1162178,170.79
1110725,185.76
1399983,23.82
1152804,28.04
1292007,115.97
1427732,38.27
1010463,66.14
1309036,31.25
1342610,71.12
1312991,66.45
1479327,337.37
1490132,447.03
1003511,157.17
1296483,235.05
1159992,227.26
1257518,122.46
1083984,60.37
1143378,91.06
1428130,62.56
1247809,245.4
1040825,314.63
1008440,275.86
1114881,89.78
1262540,45.33
1217335,30.45
1365771,246.14
1441890,208.63
1253878,398.38
1156598,86.8
1327940,85.58
1342187,65.48
1056722,103.22
1111500,50.16
1483718,177.31
1303708,61.91
1333239,52.14
1227875,284.03
1403092,385.97
1195341,185.7
1148358,16.68
1317712,47.62
1191899,16.82
1046904,90.95
1097512,127.81
1124932,102.79
1345447,31.75
1200189,19.1
1160436,95.18
1401432,117.96
1289683,160.07
1054533,34.57
1213514,82.19
1404278,241.38
1122707,260.69
1056683,118.13
1020966,230.3
1470747,168.54
1018571,88.25
1015655,35.52
1422465,106.45
1007336,26.78
1283002,273.18
1125834,561.11
1152981,264.04
1356764,136.56
1108099,90.69
1138894,108.69
1485722,204.58
1378174,260.01
1043846,197.08
1286080,31.39
1018712,27.32
1220358,52.29
1283339,39.79
1494589,66.98
1402753,40.48
1278056,104.77
1253078,471.07
1281581,166.1
1025533,15.72
1446457,110.26
1287283,117.72
1178769,154.46
1007301,31.55
1413481,36.96
1200731,48.76
1340912,29.35
1452440,55.68
1110848,46.45
1088449,348.19
1474845,478.1
1135110,167.08
1134786,1452.79
1008071,380.24
1018869,480.32
1011543,172.0
1197470,307.92
1399101,212.54
1449984,863.37
1177098,1030.07
1272083,1237.14
1391435,156.84
1279057,149.83
1009044,197.33
1214752,1767.42
1078901,925.25
1287288,1680.41
1192132,229.58
1234402,200.65
1232750,161.5
1268984,218.24
1073550,309.14
1179236,86.74
1061973,283.19
1330467,173.99
1355488,158.48
1185139,814.87
1051818,1013.2
1397206,386.51
1252654,86.24
1418909,78.95
1386036,465.34
1002589,740.98
1198931,577.32
1225988,81.71
1076920,83.16
1161079,51.4
1236099,178.8
1195643,346.95
1307333,623.84
1467437,36.27
1020490,36.92
1465107,41.14
1121637,830.98
1408811,575.49
1003760,450.1
1155995,182.73
1399262,292.68
1238090,174.48
1446578,402.2
1386889,558.08
1273910,510.31
1001412,448.63
1495114,154.91
1271646,183.51
1332352,33.29
1211448,57.74
1372618,38.6
1421532,485.34
1239742,432.15
1391392,421.2
1468082,278.02
1249067,261.58
1416643,284.02
1364414,317.18
1350437,367.84
1091337,505.94
1127292,36.31
1072941,47.21
1184440,36.1
1329008,52.44
1064715,30.6
1218158,31.6
1449013,417.76
1323236,315.65
1211901,197.43
1458394,19.06
1390196,21.14
1325001,72.14
1249518,66.61
1303070,121.65
1089683,151.79
1162091,125.41
1211267,128.29
1180457,256.08
1411070,225.89
1283293,18.02
1244005,15.91
1299438,51.79
1188409,37.09
1050592,43.82
1036190,69.0
1184567,28.21
1148182,389.09
1015560,645.14
1251542,248.86
1245457,660.52
1467164,386.71
1075689,256.98
1258805,34.01
1390444,61.83
1125927,75.32
1201006,541.52
1062733,587.95
1187527,543.26
1478521,119.25
1126260,134.02
1088641,205.1
1461461,440.05
1246057,525.64
1224798,442.73
1242930,32.66
1133031,70.8
1313303,36.11
1003426,653.73
1429396,545.33
1400252,176.44
1485905,32.28
1108200,146.46
1277378,141.97
1316737,105.69
1031656,101.3
1427372,89.93
1326753,124.78
1166693,91.83
1196826,191.38
1254639,233.17
1471596,41.75
1308655,167.78
1407630,55.17
1360628,49.69
1396228,40.17
1384266,37.89
1369149,34.08
1101374,653.83
1284482,419.89
1455381,257.32
1306935,1920.96
1399041,1356.76
1129929,641.38
1230094,102.74
1186826,179.19
1029555,138.89
1234117,967.14
1342352,1071.36
1364919,1398.82
1479955,156.43
1456560,157.79
1105933,330.83
1339034,1821.36
1473553,706.18
1128832,1604.52
1327909,88.48
1141823,73.15
1115349,92.53
1295236,277.69
1257211,86.09
1243692,151.99
1442994,121.81
1113589,134.61
1202702,810.03
1139996,903.72
1268487,471.5
1063639,42.27
1342445,43.22
1080952,61.21
1488050,642.33
1057752,844.21
1125151,857.99
1176349,122.74
1216741,147.51
1020876,127.73
1013212,185.4
1314432,320.01
1437923,518.75
1015842,38.54
1244026,57.64
1394171,578.22
1358455,396.64
1214772,235.55
1445388,75.61
1116026,204.69
1485405,155.07
1115994,482.46
1088835,496.44
1223314,650.89
1117594,704.63
1246456,653.96
1384107,318.59
1243607,56.67
1078594,45.26
1424863,68.11
1401181,373.84
1186995,359.71
1158925,554.37
1194476,173.74
1356515,155.44
1063805,197.39
1026340,626.34
1314539,258.51
1304421,540.73
1026497,101.52
1243434,100.21
1349423,103.82
1440330,88.48
1413653,393.42
1443157,295.58
1470635,76.21
1096268,59.94
1393626,58.92
1177199,517.3
1419882,996.51
1193613,553.29
1094126,29.94
1163148,44.78
1331608,33.4
1225453,254.68
1100128,193.07
1152619,500.51
1465064,49.49
1197882,44.55
1204356,43.66
1450571,334.61
1146852,119.97
1465517,156.81
1170587,35.64
1008749,98.28
1383333,88.31
1054024,339.77
1492548,282.11
1471695,369.86
1492614,215.17
1203473,249.31
1079689,67.23
1341115,24.32
1272743,93.1
1090971,90.07
1143939,167.29
1213249,383.59
1160226,207.11
1164145,51.2
1359621,142.14
1187272,363.92
1382421,391.6
1150058,249.28
1191625,37.13
1233904,29.62
1233177,54.7
1076029,59.45
1046255,36.45
1322786,36.27
1015528,257.02
1282016,1004.67
1452067,457.59
1492120,16.56
1466652,22.11
1288325,95.76
1037408,156.25
1365916,188.8
1284677,27.87
1495316,32.54
1076663,55.49
1497718,103.19
1122583,62.08
1325982,697.99
1208934,794.3
1321456,283.74
1497813,362.96
1008981,276.6
1157473,112.62
1426499,26.63
1308175,79.87
1241732,302.49
1334443,405.61
1075943,273.96
1212040,150.05
1053730,160.68
1397334,106.86
1268218,243.74
1451189,249.71
1331816,172.81
1366276,53.1
1451380,58.97
1349650,27.82
1495032,134.4
1135341,278.12
1205389,69.99
1481863,81.54
1231863,119.11
1265192,93.01
1249151,28.2
1348889,32.66
1053804,65.77
1086984,27.37
1199192,35.8
1306328,33.15
1357661,410.38
1248502,601.09
1117929,63.86
1255407,587.62
1462608,361.76
1194957,114.91
1489860,57.45
1369461,82.83
1341913,59.5
1080389,306.91
1434408,452.06
1169445,567.69
1298757,132.07
1170261,242.59
1075384,237.11
1258354,551.93
1297968,291.07
1329810,381.18
1029581,41.14
1254729,60.88
1217471,59.1
1409129,33.2
1323505,168.33
1292034,88.56
1242088,30.13
1181744,32.8
1483645,50.58
1318631,191.29
1201137,473.29
1320819,308.5
1084671,26.8
1353433,25.94
1052630,30.93
1289665,123.76
1131674,204.68
1099347,281.65
1401309,17.65
1211649,33.21
1249940,16.87
1015328,161.39
1268573,37.8
1236946,81.77
1181712,61.92
1053488,41.6
1134014,254.36
1253246,313.46
1158599,207.06
1123214,1481.53
1161630,881.13
1034885,230.04
1448825,40.58
1120835,82.84
1436307,49.99
1121988,596.32
1163226,610.81
1111122,885.5
1401754,102.34
1480288,117.8
1053207,206.41
1349184,386.47
1271696,231.17
1169730,684.52
1113162,93.95
1477586,62.49
1288584,145.54
1433314,75.52
1240273,78.95
1407667,176.63
1476887,46.49
1105919,41.86
1251406,568.53
1223600,378.66
1083097,200.16
1450412,32.78
1190838,32.87
1434166,36.03
1322878,214.23
1061276,307.46
1210001,239.85
1207310,86.8
1106904,82.25
1012771,101.56
1161036,132.56
1106662,229.29
1047465,372.09
1415287,23.92
1011931,249.39
1281482,268.53
1403343,215.81
1321976,24.13
1307302,51.44
1410444,61.57
1432009,360.61
1086708,350.93
1246312,226.5
1108704,430.61
1029294,259.59
1160680,102.67
1049158,23.83
1174176,47.62
1278821,498.65
1478370,466.84
1312971,661.67
1466260,111.4
1145664,92.48
1091873,121.69
1388739,497.13
1123649,265.53
1346060,836.5
1073283,78.42
1180736,40.09
1335892,28.75
1419869,33.12
1062551,56.82
1170240,33.02
1116916,36.15
1221310,633.59
1367131,469.19
1434558,189.67
1260085,27.5
1426036,28.58
1427226,92.65
1322332,156.69
1133401,158.19
1291135,248.51
1041163,168.54
1386673,159.72
1474949,99.33
1176325,175.74
1432968,200.71
1220063,25.28
1039116,111.06
1189397,125.48
1345375,70.12
1118233,39.1
1250158,77.53
1465066,41.26
1304645,154.31
1237295,186.08
1487998,174.2
1481640,343.57
1317164,106.58
1304520,109.19
1492792,54.98
1374168,60.36
1088611,32.35
1439151,431.88
1195576,730.94
1483750,333.36
1062418,68.32
1059894,184.27
1347832,138.39
1483614,662.6
1190208,439.08
1202850,603.24
1298775,21.01
1359223,53.48
1093737,22.78
1187473,58.78
1199424,38.85
1308216,36.89
1159875,378.39
1322431,1092.83
1085341,296.15
1089204,14.42
1336904,62.5
1208448,75.65
1062961,90.72
1027373,70.49
1308725,155.04
1484976,159.48
1375569,269.07
1355980,326.17
1135504,23.18
1073318,30.2
1222266,224.94
1377152,36.01
1094996,31.7
1286897,33.29
1228388,63.58
1081769,34.0
1246239,393.41
1449224,315.43
1271981,651.78
1485637,351.3
1039889,395.87
1475390,261.99
1229473,49.73
1235986,38.2
1080282,169.01
1277521,354.93
1043169,269.04
1284152,37.89
1356966,73.11
1253476,306.97
1066603,204.86
1067839,473.95
1447666,76.41
1074218,128.76
1423664,59.68
1298065,75.8
1280070,165.2
1137944,119.35
1220571,26.75
1176816,32.05
1141693,55.09
1325594,220.65
1439857,482.63
1022986,244.24
1378610,29.2
1339820,95.71
1410872,159.59
1203499,285.02
1262302,47.61
1386974,37.94
1413707,152.31
1424985,151.7
1059461,164.43
1012027,56.84
1082700,75.78
1398879,45.89
1221540,236.42
1176220,256.39
1335217,112.18
1375145,1396.82
1232446,489.88
1219527,423.49
1092729,59.76
1050512,92.66
1184847,79.47
1120021,672.76
1233269,660.2
1279653,854.85
1217530,101.89
1042152,111.83
1328139,190.36
1253767,937.25
1112072,435.49
1314712,1063.31
1308254,152.14
1089466,95.73
1208353,109.59
1062487,56.72
1119057,102.71
1153580,67.83
1219740,112.73
1010045,79.08
1187793,83.0
1020875,611.08
1371692,867.49
1492646,234.0
1161652,31.11
1497911,41.37
1004232,67.54
1115848,80.29
1213692,141.27
1002479,187.11
1352791,63.49
1022048,99.07
1157925,42.55
1186515,124.92
1319069,203.45
1037754,489.59
1085711,25.15
1004153,29.05
1238303,161.13
1378441,304.92
1462001,211.53
1196539,42.4
1161308,124.35
1397871,64.35
1037885,636.68
1319718,689.98
1390667,377.15
1233869,484.07
1466568,332.08
1426126,204.06
1101512,65.07
1395659,103.91
1458507,55.36
1477758,309.71
1144948,310.18
1254131,293.91
1217244,93.43
1406743,105.87
1324643,76.41
1324958,522.46
1424470,206.49
1092214,498.89
1344049,83.79
1412025,46.06
1413454,70.49
1031835,202.88
1422855,100.38
1086615,46.25
1323979,50.29
1043534,52.82
1050959,295.85
1154217,511.37
1144372,218.18
1173361,45.09
1351470,42.02
1407648,38.24
1023444,179.74
1096870,193.8
1099632,210.46
1487270,42.96
1062966,80.22
1100362,108.06
1170010,89.06
1355770,41.94
1434827,58.15
1379557,30.01
1138409,246.45
1216607,317.21
1140632,175.87
1262649,92.25
1454285,121.54
1313597,136.0
1308392,109.3
1383499,79.97
1182008,207.39
1108691,246.89
1010460,181.93
1297433,92.13
1086204,83.8
1483482,153.65
1225876,226.39
1246650,428.92
1257911,314.33
1125328,15.3
1197754,18.29
1344086,23.44
1424511,55.9
1221607,21.56
1204510,301.42
1199994,535.04
1484697,1225.26
1176447,66.88
1183783,166.0
1206185,231.03
1299729,73.66
1388295,112.24
1406361,152.01
1067321,38.33
1234400,21.98
1120564,28.81
1489262,36.64
1425117,25.92
1198791,64.74
1089505,35.89
1190103,303.63
1280026,119.06
1387983,204.54
1476535,1519.0
1301842,912.32
1292390,370.37
1165522,159.11
1009702,775.38
1350701,805.73
1398262,1032.64
1191829,140.3
1025776,139.99
1378503,177.72
1118621,1004.98
1056163,504.75
1101710,1294.02
1458214,81.23
1259675,96.34
1037655,155.36
1409671,81.85
1177882,101.7
1474866,89.82
1374584,93.23
1190669,135.55
1352572,807.46
1005746,1085.93
1411245,1471.16
1238801,55.89
1115132,164.49
1060474,165.85
1228275,230.15
1434146,178.84
1200598,194.27
1441064,95.94
1141743,172.55
1302001,217.93
1486369,416.57
1246974,31.3
1248779,27.76
1339197,38.54
1402996,235.64
1449142,277.57
1418001,311.57
1146210,251.55
1187686,167.17
1418147,479.09
1485809,397.47
1043605,266.58
1080847,1478.53
1398435,493.34
1371135,430.87
1043720,83.47
1025542,220.98
1119951,179.29
1480585,832.82
1234168,761.24
1087004,1153.85
1442356,110.77
1083028,131.08
1321966,146.22
1098456,804.59
1063221,598.85
1440344,1323.97
1154798,79.06
1131843,78.68
1024786,60.52
1018646,92.81
1161371,68.85
1048501,197.81
1023603,89.64
1319320,37.78
1141028,516.16
1473886,1840.2
1179187,1877.6
1055877,42.44
1268268,18.33
1486257,41.67
1306275,250.99
1066926,410.93
1120725,427.62
1398797,284.12
1303545,137.67
1108197,141.56
1017418,137.27
1448674,176.99
1246959,283.83
1438615,32.8
1207693,29.74
1074655,159.16
1207218,245.4
1341714,179.05
1153639,50.83
1327333,132.85
1110397,119.1
1079487,428.5
1321232,230.91
1340547,335.65
1419545,743.21
1438700,540.05
1490626,320.46
1445257,44.17
1220195,81.36
1493330,55.35
1474661,281.57
1139300,484.82
1356975,415.71
1058569,162.75
1168881,186.18
1243006,160.85
1231562,320.85
1380398,259.73
1451076,517.15
1290880,93.37
1175047,69.44
1262231,78.68
1225233,70.16
1058055,123.23
1442612,173.07
1482028,37.85
1313959,58.14
1443246,71.02
1333880,368.2
1278260,1199.35
1111993,1126.65
1423053,32.46
1156628,62.96
1412836,33.47
1060602,161.05
1045125,195.1
1471235,158.82
1187402,70.82
1301591,54.44
1016003,135.82
1081991,49.18
1277408,247.55
1207788,35.69
1245764,95.22
1317197,89.19
1040219,322.17
1173687,364.08
1296046,283.87
1436947,343.69
1463455,336.13
1494714,56.77
1476851,137.63
1299966,59.57
1326395,215.98
1345683,319.14
1101904,340.85
1441260,87.29
1446201,81.55
1190997,121.05
1301304,362.68
1144863,283.93
1174088,371.86
1051272,120.85
1011891,53.91
1002603,154.45
1122401,64.25
1488449,96.13
1373162,78.34
1457528,39.16
1324129,39.98
1380755,86.6
1088344,349.94
1187657,1595.14
1217625,1573.18
1010075,29.68
1366226,28.81
1318189,31.55
1023440,146.51
1440463,233.45
1236945,207.98
1025898,38.07
1364592,27.3
1255632,30.24
1015273,47.44
1319788,60.75
1077979,150.79
1008708,38.68
1366207,131.17
1068662,115.14
1401313,363.05
1053169,394.88
1031733,198.45
1039351,1754.53
1458788,1171.76
1054832,694.81
1039434,137.3
1203731,441.82
1265885,295.42
1137245,980.43
1005108,1120.34
1495360,1935.35
1008310,60.32
1247851,74.5
1123603,223.99
1190755,1789.0
1327025,1003.49
1480777,1873.8
1445154,244.43
1092272,211.01
1404661,161.61
1182532,331.11
1018735,382.48
1354339,136.89
1022252,147.93
1134200,161.01
1174768,144.04
1247585,1041.77
1158273,1967.67
1388974,2705.59
1203113,92.65
1307339,58.6
1283478,67.16
1260334,490.2
1159714,549.72
1240702,646.59
1046412,184.23
1416216,197.39
1399206,180.02
1191200,199.95
1350025,236.35
1182678,656.81
1303698,60.15
1269144,97.26
1057182,84.69
1358932,762.21
1479104,574.25
1143283,402.16
1178919,118.11
1264605,318.29
1451598,283.82
1351595,540.58
1210385,352.28
1331672,462.14
1452835,828.45
1107789,421.91
1040567,220.46
1321701,37.73
1060939,92.1
1368710,93.43
1269822,464.1
1205987,472.62
1083211,601.58
1124507,98.48
1489316,141.57
1363348,185.95
1455580,133.04
1292670,236.69
1253435,477.48
1064665,42.64
1421206,35.61
1305159,70.88
1492774,45.46
1234039,47.21
1338235,506.95
1024727,1120.41
1310745,1479.44
1200785,26.4
1119669,30.51
1037739,231.63
1120329,389.4
1394634,426.43
1073553,35.9
1448370,36.08
1486661,80.6
1187584,129.94
1356002,162.78
1204487,30.22
1262046,78.91
1157702,92.15
1092873,78.16
1093184,62.88
1393228,88.03
1325788,79.89
1144332,326.87
1366879,202.3
1420568,200.34
1342909,2090.2
1064720,670.35
1364543,531.55
1125921,104.25
1348282,377.47
1016091,392.99
1202667,1022.34
1261517,1031.4
1369586,1313.91
1160121,110.75
1106959,110.48
1342441,308.74
1316821,885.6
1210130,723.95
1140643,1594.88
1135420,80.37
1492186,78.2
1249257,55.92
1429990,138.05
1116838,156.91
1117923,125.49
1330209,104.0
1038561,157.75
1478318,110.31
1024894,655.72
1392430,1196.44
1213478,1857.43
1345224,54.6
1310051,41.77
1173186,71.02
1169576,481.63
1485377,696.88
1177585,594.47
1345983,120.89
1099423,113.74
1221805,109.54
1441768,185.03
1395760,257.12
1313089,441.81
1390256,49.83
1248845,37.0
1156707,46.28
1310941,290.35
1115483,405.69
1028984,254.4
1450974,110.2
1463839,228.41
1464601,218.06
1169044,634.94
1384942,371.81
1265199,352.78
1378453,379.56
1093815,210.86
1174471,145.42
1450413,46.17
1181114,107.32
1289757,70.13
1330961,186.82
1141504,249.53
1448531,222.04
1459846,100.22
1305429,77.2
1397198,90.87
1301951,256.14
1208838,216.71
1237898,361.16
1261905,102.23
1360663,49.65
1144479,58.16
1167503,47.5
1044692,100.16
1031861,58.42
1335769,21.47
1187170,45.12
1181252,63.28
1368162,268.67
1415138,779.18
1193016,1869.43
1084048,23.09
1207506,27.15
1469529,109.28
1036170,172.2
1210510,240.11
1482952,33.23
1472409,47.4
1281529,30.62
1487198,67.98
1315664,112.78
1118423,100.19
1434063,302.77
1263261,318.61
1082781,200.21
1100468,341.29
1253533,198.72
1014561,63.85
1258934,47.38
1120103,99.66
1374185,85.07
1075306,136.67
1169426,219.65
1291261,203.85
1495363,108.28
1118413,111.76
1269378,66.77
1199865,250.13
1077412,113.28
1348536,255.66
1097133,47.05
1290655,42.39
1077679,79.28
1439494,27.52
1433619,39.85
1128880,42.14
1243985,178.02
1070941,1727.88
1353172,1713.71
1208514,21.8
1244188,90.88
1455534,155.95
1489659,148.16
1030078,28.52
1001197,30.82
1308794,29.31
1108362,37.96
1020645,62.79
1281325,35.33
1066967,92.35
1365889,60.15
1343311,211.18
1250260,184.48
1162339,149.34
1030648,376.63
1414470,342.5
1206235,222.1
1221682,90.74
1106393,167.47
1035721,152.95
1087871,200.9
1379891,449.2
1094102,394.72
1250170,68.14
1206421,59.51
1065768,39.87
1420866,795.33
1384303,293.42
1492503,1057.44
1282002,150.84
1232383,143.2
1031538,150.29
1100491,135.99
1435819,302.32
1309581,275.21
1036796,96.53
1261157,107.23
1302794,132.36
1201394,596.15
1296504,4319.29
1499679,732.66
1451848,86.64
1458319,31.27
1407581,65.42
1179641,154.98
1096729,224.44
1320108,212.63
1297446,47.32
1370348,40.94
1348122,41.03
1297802,174.17
1484227,169.54
1288784,229.42
1371280,88.02
1083200,244.64
1085758,252.52
1265318,484.86
1429831,351.48
1426244,164.12
1352817,127.65
1113019,118.99
1242607,68.99
1482963,42.13
1199864,77.47
1039188,51.28
1217775,221.4
1049172,298.67
1341158,146.5
1201589,120.31
1455472,145.51
1187456,239.8
1265839,243.4
1239656,127.67
1000718,206.47
1264561,690.7
1168002,1376.96
1024017,109.5
1215404,127.86
1364881,157.37
1443887,24.28
1372842,22.88
1179491,88.47
1384763,488.75
1421944,407.18
1123531,144.62
1433764,344.5
1218844,223.0
1393553,94.56
1498558,35.08
1248411,83.15
1119891,54.28
1134540,208.34
1205802,245.16
1333839,253.88
1008228,160.69
1322554,59.86
1318647,116.1
1005046,183.55
1141626,222.71
1283654,62.84
1486308,27.17
1293396,38.18
1399766,45.99
1166085,100.58
1110338,686.49
1207811,635.19
1438086,81.81
1363283,142.52
1110918,146.86
1349592,30.05
1342523,46.46
1406013,25.28
1371746,67.13
1107668,56.93
1188873,198.42
1082167,197.33
1247782,112.39
1262997,856.47
1306516,280.75
1495174,340.77
1005749,59.37
1183147,164.94
1200860,92.05
1071899,447.01
1292844,624.52
1494860,1324.41
1152188,124.0
1343240,98.06
1144366,214.21
1083360,554.18
1464492,469.03
1410292,697.35
1262439,77.35
1314337,58.29
1163248,54.32
1463809,47.4
1375249,47.42
1203857,58.1
1070361,387.19
1220242,2064.17
1059573,1733.01
1021833,33.81
1036457,226.78
1393518,297.66
1316397,191.67
1141482,131.04
1179973,94.88
1328615,105.41
1300805,159.71
1339840,254.3
1174462,290.89
1469796,41.37
1209362,35.89
1220175,133.29
1327688,152.81
1015470,86.49
1144435,51.36
1477507,118.47
1154235,113.08
1388700,252.44
1105982,281.99
1489328,193.08
1374002,616.48
1496261,468.36
1082037,93.4
1084054,33.1
1352895,163.8
1292821,99.28
1129168,509.59
1264719,465.28
1063433,308.82
1121476,158.01
1042807,94.54
1299296,216.63
1306922,356.16
1251960,356.56
1309172,444.03
1263027,34.73
1103179,24.84
1038455,14.43
1400057,16.76
1165697,35.95
1211628,23.19
1166812,43.18
1031818,484.63
1428085,1321.01
1393667,1537.03
1150997,24.63
1475740,75.57
1217172,85.3
1283271,43.7
1416267,35.11
1112607,47.58
1055978,168.9
1428646,175.86
1481278,280.21
1219117,22.89
1371113,22.36
1362746,65.78
1218991,49.31
1311688,31.01
1225458,129.5
1236383,127.28
1289252,309.28
1459901,348.28
1044369,439.5
1351984,323.7
1495883,184.6
1015693,92.21
1166240,89.41
1210629,90.81
1294220,135.53
1131461,218.04
1309361,238.31
1320833,64.29
1473225,62.64
1394143,39.93
1071457,224.7
1379826,220.62
1318359,590.08
1100027,73.45
1034668,76.22
1373404,86.34
1061702,65.19
1293336,91.96
1095728,195.19
1262915,47.73
1295197,68.32
1435279,80.62
1464491,331.72
1222222,2366.4
1390452,964.82
1463302,52.83
1489802,91.43
1292473,111.57
1029622,170.18
1117073,31.4
1284109,31.46
1141262,37.14
1171808,75.95
1384634,58.64
1159030,135.53
1325434,76.89
1295977,130.44
1057561,129.69
1247779,284.45
1047110,313.01
1362773,93.87
1332437,556.49
1100676,462.24
1363993,209.09
1237367,58.95
1462537,118.38
1313449,65.74
1053666,243.35
1302251,375.98
1004481,501.58
1334411,164.42
1191055,141.13
1220798,113.76
1394510,503.23
1336265,254.62
1451719,556.69
1068035,122.34
1224034,126.01
1115000,66.57
1444878,145.68
1149258,190.29
1342462,59.2
1433039,31.67
1374485,42.34
1359908,435.16
1372928,1403.33
1462456,1271.38
1443654,33.38
1315946,41.81
1179239,178.11
1188742,215.76
1150146,336.75
1277261,74.84
1167783,49.95
1279968,30.26
1320507,73.6
1350935,62.17
1197052,152.64
1029579,37.93
1304742,84.13
1452669,312.51
1085737,320.4
1463122,257.33
1284072,223.14
1394210,173.22
1025091,62.32
1074887,20.52
1254262,76.58
1040334,64.59
1424569,124.95
1197276,202.67
1452472,251.82
1321401,97.34
1376468,89.23
1420185,64.96
1282937,192.75
1170153,90.68
1449399,183.81
1274790,45.76
1310614,28.75
1456931,74.49
1203967,48.3
1079069,22.68
1007858,24.09
1294120,28.22
1300983,169.05
1321774,687.52
1237520,1187.54
1347075,125.81
1239241,102.23
1205726,194.28
1047124,30.53
1406091,30.07
1254479,53.68
1121561,17.43
1076788,18.86
1183423,33.49
1486846,45.52
1303445,35.32
1329414,224.28
1023890,180.55
1406133,91.37
1397490,1493.5
1037647,812.37
1058080,642.28
1107995,31.82
1010319,130.2
1155430,109.11
1224703,525.27
1430097,554.95
1303810,876.37
1053426,85.75
1465123,60.11
1149154,160.81
1064789,973.78
1454243,417.66
1090905,917.5
1338101,118.36
1039156,121.99
1260187,179.16
1052288,146.59
1107329,162.05
1399544,74.19
1131518,88.99
1006869,95.23
1206660,539.43
1365329,1456.51
1038515,1468.08
1244162,52.76
1061266,38.28
1308370,69.01
1384720,247.32
1423011,195.34
1265394,184.38
1025300,124.41
1143644,67.59
1186542,47.66
1481273,61.25
1312485,202.98
1489678,312.53
1199112,53.92
1198571,35.86
1154629,38.01
1274070,242.76
1419037,323.88
1056666,306.51
1184809,129.43
1204098,118.64
1280965,255.62
1447792,224.7
1474459,226.9
1282200,1050.0
1475657,419.94
1156440,238.88
1223837,63.05
1202885,147.11
1468767,93.18
1420037,681.98
1319476,723.67
1042405,969.92
1053349,226.42
1399190,241.2
1110657,236.78
1387833,635.65
1160606,509.94
1046027,733.28
1103153,96.17
1146248,60.61
1107738,86.07
1091060,33.1
1262868,30.93
1193003,72.37
1197419,60.38
1438599,547.22
1440086,1656.5
1117913,1925.63
1184845,30.32
1049919,33.76
1086214,36.26
1135028,134.07
1397224,89.22
1339966,104.24
1054492,62.52
1133931,52.03
1421630,183.92
1383028,217.46
1440261,184.36
1376712,27.18
1034224,28.23
1112506,72.5
1448418,225.43
1059635,164.38
1442140,27.09
1274893,122.46
1262942,109.36
1136179,250.37
1235413,302.18
1208129,315.98
1278537,625.89
1140630,724.35
1460544,382.17
1006600,57.23
1277872,89.9
1287757,89.49
1390650,191.2
1095975,269.89
1265478,532.19
1060287,156.15
1151563,149.15
1376692,151.19
1058455,328.44
1254165,291.11
1445429,691.16
1473216,157.97
1305395,136.62
1315539,148.44
1260242,144.99
1130316,241.74
1360630,213.6
1274220,36.14
1056176,65.38
1457940,63.24
1266782,467.47
1079927,771.96
1102476,1374.04
1484172,42.43
1126975,37.3
1275435,113.22
1087733,158.37
1355898,286.68
1310322,43.88
1069567,54.65
1012130,50.37
1302873,95.22
1380215,68.96
1434488,137.79
1130479,46.56
1074570,126.85
1151684,108.81
1199038,290.92
1251345,310.77
1223304,206.42
1206767,253.76
1357362,216.34
1448800,66.04
1487007,22.76
1330119,83.2
1477226,65.71
1247256,151.73
1216224,252.53
1182872,290.59
1062248,78.4
1397155,141.39
1041719,154.1
1135029,273.32
1356809,178.24
1372850,241.62
1404048,39.42
1388692,36.5
1383758,25.9
1212449,62.99
1162985,253.34
1209888,1488.57
1499174,1455.82
1084107,16.3
1150878,23.13
1208872,123.39
1417793,196.23
1083362,211.32
1253958,22.33
1071747,28.69
1030032,20.11
1118685,27.44
1052944,39.62
1384559,80.3
1248568,92.53
1494935,344.39
1098084,403.2
1127415,209.49
1176365,59.15
1065907,54.95
1305254,76.01
1345747,57.99
1209410,71.08
1093858,194.87
1052783,135.12
1271480,60.88
1003753,55.79
1496674,215.95
1061568,251.28
1101584,104.98
1383497,138.63
1176978,18.4
1435029,15.63
1343650,61.55
1434359,525.69
1007900,459.36
1017579,34.86
1063688,151.94
1126370,186.56
1246771,229.99
1008773,28.97
1318618,22.74
1228888,194.66
1244298,114.36
1342952,163.07
1131807,846.17
1408017,260.81
1051889,248.17
1392162,54.99
1075826,106.65
1142469,89.08
1103064,342.5
1059918,314.73
1072901,748.27
1353610,73.73
1195954,79.15
1391305,115.75
1326150,376.94
1275063,210.53
1222180,528.72
1192156,47.62
1113235,52.54
1309343,48.1
1297632,66.2
1155726,133.62
1297290,69.29
1419156,59.55
1116236,30.01
1062782,47.11
1333678,249.42
1481991,1121.44
1275436,1123.95
1044455,46.29
1006565,168.83
1289303,225.64
1350978,215.26
1065002,99.26
1330381,64.38
1066756,87.39
1425889,85.8
1027637,127.62
1024593,187.3
1309569,35.08
1130481,36.93
1461497,30.07
1273574,155.3
1499564,145.86
1409226,76.08
1276415,27.77
1072191,138.77
1185549,140.44
1394977,187.66
1031757,215.82
1357869,154.62
1457412,392.23
1333143,327.43
1297235,212.64
1018080,41.18
1439262,45.33
1262889,75.39
1001905,108.53
1136010,208.69
1271463,306.42
1469634,47.49
1258810,38.87
1345259,88.32
1004246,377.34
1114751,212.5
1109347,392.21
1008772,117.76
1016691,173.13
1365501,127.92
1291288,164.44
1112058,166.97
1469210,39.86
1181698,27.31
1231344,39.12
1387977,328.36
1034867,1775.42
1276338,1731.89
1322128,27.07
1289484,26.51
1007731,66.01
1088564,168.93
1427862,145.26
1170554,43.68
1172262,34.04
1341146,123.26
1357235,108.74
1088765,133.54
1188175,37.47
1203176,133.48
1049616,98.49
1309039,203.4
1145033,161.16
1286575,93.85
1101049,1680.82
1137275,1060.62
1253464,597.59
1012371,81.86
1205708,225.1
1140483,104.94
1198884,839.54
1493378,775.05
1199993,964.46
1043523,105.42
1258021,111.4
1311206,199.8
1167724,1536.62
1169375,549.87
1108160,1518.12
1430956,106.17
1256536,73.4
1387281,59.92
1466943,80.54
1414650,174.78
1224371,137.23
1112793,54.74
1289127,151.11
1126069,89.58
1087935,590.72
1443408,1699.31
1429992,2387.42
1085191,37.8
1417469,48.28
1137795,40.56
1398189,449.54
1283686,517.41
1371464,508.7
1230167,116.03
1364248,120.11
1266392,117.57
1038730,74.75
1212416,155.15
1103878,386.55
1157948,28.53
1314522,33.41
1164578,305.15
1025278,366.53
1078493,204.18
1029300,74.99
1410995,165.87
1404963,170.74
1334883,317.42
1230293,258.78
1115318,270.41
1042427,147.37
1454164,145.59
1470573,63.97
1058785,43.41
1376825,109.95
1191397,77.7
1247051,184.21
1074540,254.4
1497803,128.51
1287425,89.09
1328270,95.99
1407720,370.33
1240373,150.25
1494455,201.12
1442368,17.1
1194849,107.89
1306896,29.45
1435035,69.63
1253592,117.81
1467682,882.77
1461002,1731.38
1001071,21.95
1191882,138.89
1140533,197.02
1049153,177.59
1389125,16.57
1498335,28.96
1336000,147.22
1345691,175.84
1337050,506.81
1263782,504.44
1192897,168.3
1299041,789.26
1417850,443.83
1024790,263.36
1008262,38.75
1089695,114.91
1234248,85.88
1363682,521.11
1321672,498.4
1035076,716.62
1060282,157.55
1361643,95.76
1125678,223.88
1407888,816.27
1032563,246.13
1189256,585.03
1058487,23.8
1413625,17.61
1121861,51.99
1105792,73.63
1239970,37.56
1078132,42.34
1028314,40.9
1461331,49.78
1203766,544.88
1314812,1275.06
1252214,1212.63
1199487,16.25
1213487,22.42
1149554,372.71
1201667,351.43
1459985,290.11
1477962,66.53
1201705,73.34
1249240,111.95
1122608,149.21
1440426,339.37
1357820,64.52
1038196,33.27
1230790,34.5
1211763,86.55
1011484,83.02
1323864,84.26
1139498,74.04
1344156,85.77
1443200,71.74
1189549,243.91
1397910,268.17
1317736,286.01
1129005,998.1
1306963,248.35
1471178,274.25
1431233,47.5
1228415,134.7
1399725,94.0
1182211,488.09
1441899,514.08
1470893,914.98
1139622,42.24
1381705,86.72
1214183,143.53
1273495,632.34
1101109,274.07
1120199,866.95
1050202,114.54
1334262,135.19
1337479,82.21
1219468,180.17
1310240,140.59
1277278,76.0
1489750,60.43
1096922,68.78
1476289,485.96
1115161,1147.66
1178631,1088.43
1245261,38.77
1372965,44.7
1476812,36.99
1496202,182.56
1048870,385.77
1263662,269.96
1238350,136.1
1472696,163.56
1258031,105.88
1050351,73.91
1459998,146.94
1490420,223.78
1000662,65.71
1044419,57.86
1460063,63.47
1343340,256.08
1374733,258.69
1370257,181.06
1455780,52.46
1140702,127.44
1363403,85.83
1310434,232.59
1364335,222.19
1114519,207.74
1305350,73.62
1245069,74.32
1474430,44.31
1093750,29.93
1435861,73.77
1239312,136.5
1184336,49.86
1454523,131.01
1098373,99.92
1495203,92.17
1052953,348.71
1009513,108.3
1368308,164.65
1498669,18.13
1466142,18.02
1256813,19.2
1042183,36.69
1464999,25.59
1143694,86.56
1430870,2210.74
1122208,2189.72
1462550,15.5
1032173,21.78
1092013,145.05
1079926,195.67
1038256,216.42
1343897,21.26
1004313,64.4
1338299,71.19
1091600,488.66
1475065,483.4
1360361,173.48
1414079,577.65
1325899,466.1
1059508,167.04
1053029,81.26
1132261,117.52
1079197,84.68
1273647,232.13
1285990,553.52
1453805,479.72
1228708,88.91
1477933,124.19
1140274,91.94
1050739,705.54
1127728,327.35
1403459,848.15
1283055,159.24
1112729,147.09
1380847,155.97
1165664,310.07
1060176,293.53
1377609,83.26
1343878,78.76
1115844,124.55
1053494,478.39
1173486,991.52
1250468,1058.0
1286426,71.27
1423088,61.18
1209561,77.56
1159489,141.17
1358267,254.83
1446470,295.14
1140775,83.4
1174433,37.14
1449283,37.65
1301983,137.32
1038551,200.87
1142609,372.16
1121544,50.07
1217322,139.04
1174114,118.21
1116883,356.53
1015942,316.08
1122590,108.65
1474493,300.08
1196897,248.93
1233988,208.87
1249222,23.66
1031203,76.86
1384396,80.57
1449924,134.4
1023315,348.28
1456955,308.57
1364616,171.24
1477907,172.39
1070194,137.76
1278780,269.75
1061803,313.68
1491984,201.29
1093579,32.3
1320120,38.0
1050143,53.83
1135844,31.81
1170667,35.38
1421320,255.96
1382855,733.56
1052474,1010.67
1168245,20.6
1358202,21.0
1347403,112.77
1423262,165.18
1490941,133.62
1045104,28.62
1180967,35.1
1169272,29.77
1417264,49.72
1122155,30.0
1421522,58.39
1343543,443.78
1127755,602.71
1286519,99.77
1159100,1541.58
1257945,898.9
1226115,240.83
1430521,72.35
1376221,140.55
1496715,88.04
1169115,747.46
1176448,756.52
1463004,1048.06
1250962,146.73
1295333,98.25
1178409,213.89
1012909,801.94
1338022,379.65
1366789,995.15
1373833,80.44
1381332,41.52
1243588,77.83
1346625,88.32
1220323,53.56
1370150,118.04
1425569,60.62
1035374,76.53
1394503,524.76
1058305,1116.48
1344498,1865.77
1141007,38.64
1473646,38.13
1487690,136.09
1450648,81.65
1205027,119.97
1476902,251.45
1165718,382.9
1378218,159.73
1078304,152.18
1089355,241.29
1297171,311.4
1312686,28.44
1325197,26.35
1481530,23.55
1284608,68.16
1463475,156.14
1315063,88.3
1059185,41.51
1374100,130.75
1042049,111.15
1387016,250.17
1280720,228.84
1297322,200.02
1173983,374.21
1109530,304.97
1210247,64.26
1376906,68.02
1454933,104.01
1258714,72.69
1442196,151.07
1149208,384.19
1109561,346.1
1086120,108.53
1395010,98.54
1199426,71.0
1102777,323.8
1457723,201.0
1481022,369.99
1022584,120.48
1117071,96.33
1444390,94.57
1136802,116.64
1160158,155.27
1389988,50.71
1380922,67.78
1117887,199.93
1237251,962.58
1062656,2167.23
1187507,28.7
1118587,22.34
1016028,120.33
1324267,119.32
1272876,213.3
1462161,33.41
1374036,38.56
1415631,52.81
1205040,65.94
1496216,30.45
1402048,115.21
1364233,103.45
1439116,228.17
1312641,182.29
1315279,142.89
1145134,636.5
1342622,451.73
1198108,171.99
1077816,42.84
1036232,93.1
1311646,47.74
1286961,161.45
1028838,245.43
1247743,359.79
1425258,109.51
1006454,79.36
1384974,92.39
1486614,206.89
1399973,181.69
1385096,324.91
1060853,60.86
1040838,48.34
1109072,62.07
1460672,47.82
1334969,125.65
1049364,92.73
1087717,25.24
1325920,21.13
1039447,51.68
1186967,383.78
1110292,751.67
1036751,1736.94
1236541,128.25
1275664,127.37
1209721,241.27
1162125,44.65
1263378,24.64
1199188,111.83
1488174,52.05
1070083,57.13
1132304,36.62
1167345,119.58
1012255,40.8
1032662,355.46
1033908,340.96
1291511,198.84
1027186,417.89
1040688,247.0
1315683,175.36
1330397,47.64
1264948,110.57
1159897,63.47
1059351,256.7
1239762,464.89
1447229,282.43
1151744,175.53
1216716,185.16
1312133,163.59
1118832,451.49
1252149,149.4
1094537,400.69
1447416,35.02
1127043,55.5
1164344,55.99
1370338,49.53
1421244,43.59
1093990,43.15
1497414,249.34
1210832,1805.95
1344468,1813.77
1404146,34.87
1103781,33.62
1294600,81.18
1215402,148.62
1043840,80.94
1116803,33.96
1090469,25.14
1017399,112.07
1248806,64.89
1131581,115.26
1060388,43.24
1003796,102.19
1363790,49.06
1408249,188.3
1029511,312.59
1110232,54.24
1281521,483.75
1083761,403.72
1368949,195.51
1161399,64.47
1471054,94.91
1029539,55.96
1423689,262.08
1039864,196.27
1026413,345.23
1044730,92.53
1014000,72.61
1062258,69.79
1234509,165.48
1236978,113.77
1487673,312.42
1371786,90.06
1110617,64.3
1343708,63.15
1433116,24.7
1308546,74.02
1329651,109.12
1379435,36.95
1145893,52.13
1369946,53.17
1056828,175.36
1093949,922.2
1394115,1245.53
1056092,24.03
1340133,29.71
1459830,88.52
1153248,122.54
1460813,153.9
1044801,28.73
1136984,58.76
1257636,53.12
1433830,94.31
1266400,38.72
1412306,90.32
1001630,87.6
1438073,182.48
1193535,178.45
1049161,115.52
1113088,556.33
1473044,474.32
1022104,420.08
1191423,52.55
1329211,111.02
1290034,109.38
1395289,345.71
1103569,388.63
1097299,493.37
1283783,168.13
1270643,170.88
1077145,207.05
1340515,352.17
1003274,244.13
1441788,342.44
1000409,29.96
1329787,32.27
1298237,47.76
1190800,39.58
1456232,34.29
1484891,387.83
1031253,1027.78
1010839,1297.07
1024581,25.21
1041176,22.25
1148161,27.54
1350810,115.17
1201815,166.99
1434822,58.95
1149326,65.36
1036321,68.29
1310991,61.91
1221524,132.06
1133330,104.6
1420669,26.96
1255934,90.94
1013345,89.22
1468382,25.3
1145754,62.53
1296525,95.52
1312320,156.2
1287128,143.55
1042549,184.9
1301321,536.89
1094909,259.22
1155168,242.98
1396268,39.97
1124007,80.37
1221654,88.55
1034052,291.26
1167273,344.71
1056567,384.2
1318214,90.64
1071404,82.42
1190919,161.82
1125207,330.92
1239109,245.12
1366465,287.31
1327054,37.74
1413660,42.04
1389070,74.26
1152849,30.94
1429343,67.18
1433370,34.07
1015651,43.59
1158903,234.37
1456903,853.87
1400224,860.32
1417054,23.02
1172631,28.14
1111819,29.91
1302703,138.85
1300752,222.6
1294900,158.45
1319818,60.68
1183251,77.88
1119599,76.7
1492080,116.82
1163294,159.17
1014711,35.32
1244747,26.47
1061707,98.07
1493848,80.54
1230234,66.17
1203418,43.26
1485817,69.38
1143509,204.82
1091408,210.77
1138077,83.39
1311411,550.37
1295313,165.12
1183342,136.84
1491036,53.45
1295983,135.64
1331317,99.87
1324969,334.99
1103729,387.79
1055560,488.57
1363126,85.54
1337290,110.92
1325872,97.86
1049470,359.03
1012992,438.41
1044579,667.79
1200607,70.2
1401512,40.66
1440033,93.57
1125481,45.6
1016837,62.77
1436547,68.46
1473669,69.35
1126786,66.65
1271366,202.02
1465667,1148.42
1056305,1493.42
1047663,21.98
1294079,37.67
1377246,151.49
1363975,192.57
1232131,152.61
1460621,79.14
1157067,63.06
1245780,76.92
1058708,68.05
1307097,108.41
1062037,181.69
1490720,22.03
1395873,25.82
1170057,123.3
1258413,126.22
1361970,102.42
1072658,46.31
1048034,96.31
1461040,97.03
1485183,236.65
1223342,224.06
1480807,199.58
1371494,146.92
1103790,163.7
1016615,95.49
1272610,48.16
1467769,79.9
1078797,65.03
1274462,161.79
1252119,187.84
1472378,148.79
1372362,168.29
1496832,106.73
1224855,54.68
1159741,185.56
1477503,269.62
1288873,164.82
1433395,15.68
1065649,25.38
1411840,45.26
1087160,30.14
1074147,167.79
1090440,1847.84
1394833,1833.01
1392268,63.02
1385412,148.58
1066080,133.96
1351946,29.68
1160992,69.03
1448499,70.03
1460215,364.08
1269050,594.8
1040647,170.37
1387886,436.37
1364865,256.3
1018974,183.46
1278003,49.59
1452327,114.17
1497155,181.43
1224475,198.71
1260226,38.73
1059327,30.41
1393536,52.46
1171318,200.72
1232647,163.34
1163568,393.14
1244463,128.17
1211183,61.59
1135295,88.7
1346678,109.48
1348987,93.19
1410509,22.08
1233091,38.51
1090616,241.21
1071801,645.79
1401641,696.87
1116388,20.5
1309103,65.0
1491166,83.08
1030588,144.33
1025159,31.63
1232718,32.66
1018868,30.67
1210049,113.24
1253684,73.46
1182135,145.73
1298742,59.26
1227002,73.35
1268785,60.86
1022714,154.23
1275470,70.06
1097202,89.12
1493366,398.58
1331057,439.33
1182877,235.63
1076949,44.58
1462250,119.98
1211529,92.95
1445903,247.96
1329450,266.53
1230201,394.29
1470087,82.14
1446867,94.82
1319291,108.28
1143124,178.3
1101383,204.52
1123524,300.0
1271587,57.06
1148781,60.7
1301245,42.92
1168313,74.73
1435780,83.07
1012281,36.2
1098155,76.87
1360008,309.52
1452904,788.56
1030802,1689.06
1106987,28.64
1151987,30.98
1134647,109.6
1475968,130.89
1338863,178.24
1378609,30.82
1039161,26.77
1011680,40.05
1298077,37.18
1295274,80.46
1309793,51.5
1052527,128.36
1109588,137.99
1336905,290.94
1468878,291.06
1138443,151.9
1275484,181.9
1332387,188.68
1448406,80.55
1131551,84.51
1218247,85.29
1476030,203.13
1068090,296.95
1185173,192.87
1366617,122.49
1198378,175.3
1182059,113.64
1118081,307.0
1325683,203.89
1130102,233.24
1491257,42.81
1382126,29.99
1191748,44.1
1466660,22.83
1390106,124.79
1244449,1187.46
1111218,1240.81
1389557,17.63
1350375,26.22
1186359,98.77
1213899,139.54
1439257,148.31
1091234,31.4
1011775,21.91
1378332,30.23
1091493,95.82
1104216,51.06
1181809,360.21
1379054,323.26
1340178,177.28
1177611,287.67
1296989,255.91
1434024,106.28
1240097,53.78
1195124,115.08
1310902,324.74
1376592,230.25
1266339,138.51
1300685,85.02
1168138,99.53
1216142,87.85
1145836,339.48
1255684,208.83
1137477,274.0
1120804,25.73
1423024,39.05
1438719,65.86
1185056,30.09
1026874,68.95
1000239,143.78
1018451,778.74
1438212,1660.98
1111309,29.07
1036368,30.99
1232302,40.64
1203845,110.1
1250127,132.68
1168534,199.72
1463718,25.98
1129628,26.55
1152567,117.51
1308024,67.06
1075107,43.92
1022331,155.29
1446941,138.82
1209021,323.98
1189249,347.44
1443158,131.43
1009004,531.25
1374089,363.17
1079607,297.87
1329352,63.4
1280562,99.37
1103749,73.73
1066165,326.51
1081755,266.54
1230372,425.44
1266770,80.97
1443525,97.74
1387877,126.62
1373382,451.66
1150804,203.16
1079093,493.88
1035507,104.09
1277459,81.75
1251663,100.27
1223245,161.29
1385359,177.77
1309145,51.1
1407808,51.9
1196459,279.63
1083320,922.14
1185822,1202.66
1273643,34.87
1258195,31.26
1431428,107.47
1409973,101.35
1249625,189.85
1355820,52.3
1234209,49.77
1139349,26.53
1008936,153.0
1066283,186.89
1170430,294.11
1232936,40.11
1080677,119.06
1021800,105.3
1123137,229.16
1411806,274.9
1328104,128.1
1318582,1308.66
1460235,795.17
1313982,301.66
1202724,38.08
1366938,195.07
1181409,90.3
1230032,594.81
1122286,619.42
1493246,1002.92
1482713,193.94
1154157,211.54
1365677,409.13
1136265,570.92
1229533,433.74
1305186,954.8
1159457,60.52
1118236,64.94
1280982,97.06
1212852,73.36
1215713,51.96
1350519,62.98
1403497,517.18
1140321,1442.23
1446737,1712.07
1106173,17.3
1481387,53.61
1065238,441.22
1183033,375.51
1229149,486.39
1097281,73.55
1356234,57.56
1471059,47.13
1383245,180.89
1378355,211.73
1363066,309.01
1165483,31.39
1081138,35.22
1466102,34.21
1497165,227.0
1079199,125.18
1422221,69.29
1169305,36.16
1468137,126.4
1407007,124.71
1454261,473.42
1294443,315.72
1440024,365.19
1180058,364.01
1419811,338.62
1486660,174.58
1465689,22.86
1136864,106.0
1006792,52.69
1050241,534.87
1200761,203.31
1090212,257.67
1310650,57.12
1382624,68.42
1155781,93.09
1247682,209.0
1304450,162.04
1196458,283.34
1157252,62.6
1299746,73.46
1336037,82.41
1122743,88.53
1445716,315.23
1338896,290.44
1272933,39.53
1455058,57.46
1004938,49.63
1336737,172.94
1453619,830.82
1453388,1289.54
1415166,21.68
1095178,58.08
1185761,19.32
1065427,95.0
1158519,118.28
1454709,172.44
1244297,41.46
1421956,122.73
1444887,77.05
1393415,163.75
1188398,45.29
1349856,72.4
1275306,70.22
1181771,146.54
1473546,127.07
1220699,91.54
1163835,235.9
1077197,213.31
1078943,124.08
1141699,63.37
1431365,100.68
1323704,61.72
1144725,281.95
1251827,479.27
1035762,235.74
1120903,85.11
1137816,121.13
1051613,106.17
1067751,311.61
1252232,215.17
1237824,243.22
1281696,18.4
1458838,23.53
1196617,34.45
1202967,63.09
1486074,39.87
1109827,31.4
1148446,166.28
1089612,1683.95
1091853,1574.45
1474470,24.18
1161356,29.41
1182360,198.8
1144385,159.78
1300003,251.86
1025058,26.74
1267543,26.62
1064112,38.9
1429670,39.3
1234570,126.55
1208998,124.67
1168162,328.81
1272298,371.29
1306135,413.69
1224760,459.52
1178379,344.04
1001682,183.76
1226758,50.41
1156896,95.73
1409965,54.91
1085877,288.32
1435973,384.5
1420872,421.36
1357911,239.36
1381530,155.16
1244720,156.47
1408421,297.89
1030388,260.06
1142936,477.48
1029029,72.62
1241621,94.88
1108100,105.27
1341505,52.99
1146546,49.05
1228717,72.89
1300602,325.8
1412835,919.65
1035112,1283.7
1482787,28.57
1260742,37.03
1150221,143.33
1233965,185.9
1001960,260.6
1232649,39.05
1438231,51.36
1214818,81.81
1293933,43.52
1338782,140.03
1245831,36.37
1113366,98.67
1064876,91.11
1393509,453.36
1351558,467.07
1294647,128.92
1138065,640.99
1217089,200.0
1298211,254.69
1270301,42.53
1233935,101.61
1402841,114.86
1167747,357.48
1472216,310.55
1081681,492.42
1373773,63.83
1254793,113.5
1200397,227.94
1057243,262.49
1004840,312.84
1369700,36.98
1447326,27.68
1205205,91.69
1320421,46.08
1248311,41.07
1221841,27.16
1207153,36.28
1078593,39.76
1258579,240.47
1271523,1033.4
1430507,1264.18
1172071,27.54
1366224,28.0
1326194,29.47
1321713,140.11
1146830,155.03
1183728,105.87
1241401,49.13
1105062,62.5
1365486,75.27
1405527,76.54
1196339,162.08
1124619,25.92
1371814,34.95
1178892,41.92
1384956,80.93
1287737,86.24
1442657,31.42
1459362,107.9
1453914,99.58
1198977,191.54
1206990,129.08
1013394,180.56
1012461,814.06
1355967,515.03
1401298,225.26
1279289,37.97
1150568,128.6
1054094,79.95
1229774,399.54
1022036,427.79
1364365,694.31
1076235,259.87
1143542,155.35
1019852,173.98
1082297,265.97
1272303,337.98
1033177,617.09
1243977,47.71
1145076,30.47
1235244,29.45
1314294,41.03
1365195,31.41
1229625,40.96
1448117,33.45
1178515,601.84
1432714,1378.05
1118544,1635.5
1416590,23.49
1384503,18.68
1245702,92.65
1442280,59.46
1367431,96.96
1236347,77.39
1078323,152.23
1148984,149.88
1343302,265.42
1414288,22.25
1377256,21.55
1364788,21.09
1309897,72.98
1142412,42.66
1226780,48.41
1213361,31.96
1002890,330.93
1086028,289.48
1333390,267.78
1327142,1967.03
1393728,736.56
1189658,536.8
1205070,71.07
1009043,176.75
1033147,143.25
1109999,629.35
1199684,714.58
1366158,1010.33
1066120,121.36
1483400,111.02
1175832,251.66
1223412,1192.31
1372987,550.48
1480786,1115.44
1395859,113.44
1462952,111.61
1489537,103.35
1441614,326.77
1087963,202.89
1492687,260.95
1406914,108.9
1260976,84.42
1347680,701.86
1159794,1286.67
1265893,1602.12
1241569,57.97
1229122,57.42
1303406,52.56
1428532,358.25
1263274,401.99
1031078,485.89
1165481,120.74
1127930,111.68
1108613,108.01
1421424,131.05
1337287,172.98
1176152,607.19
1343801,45.31
1434553,43.43
1327498,41.57
1151084,228.21
1285260,353.49
1249009,292.82
1240396,66.71
1117959,167.31
1472988,152.17
1184246,668.73
1222113,310.83
1053161,391.74
1350644,1708.22
1185453,923.82
1393875,440.13
1155630,46.39
1090332,226.47
1279092,268.84
1304158,653.86
1165089,668.25
1424073,1208.6
1370272,115.31
1179367,140.08
1315916,295.99
1179049,1005.26
1291763,435.98
1395897,1049.75
1274992,100.59
1486982,95.11
1437992,78.89
1030881,74.44
1449932,41.28
1374934,121.35
1221819,103.31
1018876,86.7
1386370,57.07
1032299,585.45
1150157,1604.81
1032558,1779.08
1091280,43.04
1090320,62.35
1215092,256.46
1441270,340.57
1065825,384.48
1496861,146.76
1220695,168.54
1118499,108.74
1277788,176.56
1028415,194.26
1058377,411.06
1058203,42.82
1451083,18.38
1083836,27.63
1013490,182.51
1287375,275.13
1405566,291.62
1056626,90.89
1388386,193.66
1373254,135.11
1484423,590.64
1258533,408.05
1114965,371.91
1075058,167.75
1323949,177.92
1408074,98.08
1250534,37.68
1444561,115.12
1342935,68.96
1025464,128.75
1074066,322.84
1273706,206.07
1203492,66.3
1408921,247.31
1221151,84.35
1450019,340.83
1371024,338.36
1044231,266.04
1346629,30.9
1152949,19.83
1474865,43.16
1191446,40.27
1175109,38.31
1014725,33.49
1175207,77.61
1060235,164.34
1051619,767.85
1161743,1520.61
1084551,25.69
1228342,77.62
1148724,130.45
1436823,127.89
1294764,20.49
1238365,49.18
1132553,36.8
1110389,168.39
1179414,169.85
1379585,385.06
1103117,445.01
1174564,213.66
1019750,373.22
1467189,276.73
1083326,147.67
1060989,30.16
1031082,92.65
1330372,50.36
1415361,159.71
1405041,270.07
1277919,169.76
1179936,49.32
1122653,68.55
1126746,256.16
1286535,228.35
1075135,120.29
1191038,31.45
1051743,33.67
1412947,50.48
1386138,20.08
1183542,32.3
1253731,196.9
1388765,746.82
1316517,1248.56
1447951,18.59
1029430,24.45
1167708,85.33
1008958,78.72
1247967,185.69
1203050,15.59
1117272,16.94
1164049,17.58
1309077,45.79
1152692,28.05
1304019,38.76
1102018,102.11
1392035,99.05
1108262,342.06
1286209,398.57
1079439,174.62
1094768,116.7
1425078,100.2
1007209,84.06
1226604,39.67
1039007,128.59
1029038,145.76
1068960,84.58
1113318,43.21
1185029,107.74
1198442,106.57
1287231,212.59
1011881,169.17
1232434,197.14
1495173,17.25
1059960,56.43
1313421,1138.14
1428766,1165.69
1010331,23.63
1412109,21.31
1423216,95.33
1383534,175.66
1389117,208.5
1105799,36.18
1439341,20.15
1081423,59.15
1286540,41.33
1112602,174.29
1274554,100.23
1221456,213.24
1328835,951.53
1131459,538.46
1096610,366.15
1262092,37.88
1127666,132.15
1115978,71.88
1095368,485.3
1033758,411.12
1359792,611.12
1112398,82.9
1239082,69.74
1251424,186.59
1333514,232.11
1037582,270.44
1117072,714.24
1088111,37.56
1436892,34.61
1304104,110.38
1447677,114.4
1277532,92.52
1014950,79.76
1287716,33.48
1087842,350.17
1288985,1161.07
1258199,1472.01
1459135,35.91
1208631,32.05
1418302,39.04
1167549,192.69
1442242,246.84
1306774,260.87
1468273,82.82
1407633,93.17
1235156,121.99
1486929,148.73
1344920,168.52
1051981,254.15
1249185,28.17
1491536,36.2
1149962,110.09
1345579,108.55
1444631,135.85
1220238,38.24
1035004,105.73
1151818,83.68
1079774,202.59
1348908,203.56
1301239,276.64
1165312,643.87
1107240,127.22
1075276,152.68
1425377,41.22
1361060,129.22
1174386,111.19
1385420,317.93
1087440,359.87
1093409,537.38
1428145,163.91
1316942,100.01
1209794,111.29
1206396,474.04
1015193,242.94
1391402,435.05
1376423,39.33
1235519,51.31
1193174,23.85
1043312,59.84
1281035,43.32
1311326,258.41
1044397,1182.53
1243253,1106.83
1440334,29.84
1118156,72.05
1352707,146.32
1424787,162.7
1045222,109.54
1368447,137.44
1400203,50.86
1438927,103.54
1070475,115.55
1297117,115.53
1286904,30.79
1061984,30.34
1226060,60.92
1478109,111.43
1349761,77.11
1394329,96.45
1127659,97.8
1297146,180.57
1451772,181.41
1470662,126.26
1169852,1323.27
1154015,363.98
1453206,336.19
1353248,44.38
1194111,154.45
1354008,130.11
1243256,324.95
1308796,439.34
1060557,776.41
1114607,83.22
1280829,142.17
1363865,161.15
1167634,844.97
1044391,315.51
1111828,773.88
1276735,80.42
1467304,69.47
1078445,136.68
1377809,165.03
1420293,128.78
1444603,74.77
1274531,29.05
1179843,52.53
1142629,517.52
1367832,1249.04
1441005,1538.44
1122374,30.57
1185511,211.01
1233708,238.06
1427047,213.3
1441170,66.34
1431518,82.99
1054223,70.26
1495200,129.67
1146335,126.57
1206301,176.81
1409480,42.45
1121979,26.1
1453325,43.81
1248345,182.14
1029671,204.45
1311954,182.73
1201289,57.35
1223150,124.53
1336467,127.19
1191177,234.31
1083550,238.32
1283359,231.03
1365978,221.16
1114886,180.51
1467615,96.68
1479779,37.9
1258801,148.47
1287867,87.51
1237737,150.08
1285268,265.77
1443123,156.35
1369157,90.03
1155410,68.0
1095804,102.46
1215216,209.34
1304127,206.84
1261101,240.58
1128126,34.08
1136502,19.81
1234971,22.2
1447907,47.07
1364763,48.15
1427813,42.31
1446359,30.88
1133369,115.08
1080009,201.91
1280020,773.75
1475697,1725.62
1266036,23.81
1397921,27.25
1249113,37.91
1424908,108.07
1028250,166.75
1051747,184.44
1319798,25.45
1439914,28.04
1280466,56.95
1381451,40.98
1297352,44.82
1486121,31.71
1096847,132.8
1223786,119.06
1034228,298.95
1480622,302.4
1388877,180.14
1265643,242.71
1349938,228.89
1086855,123.54
1467572,87.55
1287120,55.38
1233056,143.42
1281373,75.41
1359692,274.39
1037344,40.48
1323752,44.71
1124524,30.9
1210842,264.16
1452815,214.71
1433742,419.78
1473807,84.76
1466241,63.37
1283499,67.61
1177655,110.48
1165860,50.16
1423393,158.21
1359559,46.52
1009910,55.21
1311852,55.73
1069980,305.04
1126737,926.85
1343858,1634.77
1096127,22.56
1180122,48.61
1476984,16.82
1371198,88.87
1278606,120.29
1263980,147.41
1457860,26.64
1052867,25.92
1031655,22.42
1305800,98.16
1465418,137.82
1000119,145.18
1285974,81.57
1278915,38.19
1218127,231.81
1103679,253.65
1483536,152.13
1210680,228.73
1410454,165.98
1069802,88.81
1316041,65.34
1066872,101.76
1492890,51.43
1382675,225.35
1189808,376.97
1355233,263.2
1146613,90.16
1140422,125.94
1332326,89.83
1143142,200.15
1215064,305.31
1187193,197.47
1335910,27.7
1045845,28.34
1301699,47.13
1395269,42.89
1151954,41.09
1023979,104.81
1102244,985.48
1112950,1025.65
1249463,15.05
1437490,21.75
1362996,113.36
1261591,121.63
1386312,154.06
1087412,22.34
1360278,26.05
1141438,33.78
1279045,21.8
1318675,26.98
1150418,34.78
1132502,124.92
1205741,42.39
1038747,475.98
1157526,449.56
1269099,183.92
1052017,1452.79
1351714,418.62
1079368,456.06
1058360,152.19
1364127,441.52
1437934,308.65
1292983,926.45
1486011,1054.1
1099221,1243.53
1099528,121.08
1092985,102.45
1066687,252.31
1058556,1769.34
1229539,961.19
1149272,1664.05
1277023,229.58
1232348,200.65
1240251,161.5
1082662,197.28
1052320,315.88
1447264,68.06
1281392,168.83
1189762,152.83
1216663,158.48
1297480,713.64
1147532,1159.18
1132317,1407.42
1067370,85.34
1158868,21.87
1396660,78.82
1177651,479.74
1017711,770.27
1430253,608.81
1366211,85.4
1489348,107.14
1134692,45.78
1088551,173.74
1400933,336.76
1077544,602.44
1329046,35.53
1054376,31.3
1041761,41.14
1286192,496.43
1237636,573.48
1207260,486.43
1040659,182.73
1398440,360.27
1214968,235.0
1465365,411.72
1173359,382.1
1238143,446.5
1389027,492.12
1438706,161.1
1304503,183.51
1294685,129.72
1356431,115.5
1028461,470.94
1463605,396.82
1049233,434.65
1288867,291.88
1353480,203.96
1472800,272.87
1063313,305.6
1239916,413.54
1067887,501.01
1110530,37.51
1205668,31.17
1382956,28.87
1305198,23.78
1222096,29.93
1053275,29.85
1303892,422.54
1366790,1101.41
1131553,1400.83
1071864,22.37
1166942,71.64
1386720,83.03
1402512,53.51
1218776,113.09
1268696,162.07
1485716,123.01
1361772,126.67
1144924,253.62
1011507,225.89
1300533,19.72
1144255,57.19
1253465,37.09
1140398,45.38
1268737,72.54
1008654,74.9
1079479,387.07
1041893,434.29
1002198,433.29
1324576,706.3
1164908,364.87
1487402,258.99
1298831,56.48
1462554,291.94
1065645,185.29
1352126,520.5
1319141,594.21
1266277,531.66
1086088,84.92
1180004,114.58
1428749,224.39
1031143,434.29
1034621,560.92
1111734,469.88
1151385,42.03
1390101,30.49
1422296,26.38
1129020,70.16
1012264,39.22
1336097,701.6
1316018,1477.79
1043916,1580.48
1154721,25.28
1446239,26.01
1177218,146.81
1249354,156.91
1336425,136.1
1057468,101.9
1307655,88.22
1066019,82.42
1378906,91.83
1387452,180.79
1062163,230.2
1244888,39.35
1259215,29.28
1208083,62.39
1100203,67.87
1131297,43.76
1467641,53.69
1299994,42.93
1155055,669.98
1000105,419.89
1025335,379.61
1349929,1882.01
1185779,1334.37
1046382,649.39
1025866,142.2
1031599,405.62
1060085,424.26
1287542,994.9
1308085,1041.5
1267877,1311.83
1278982,138.55
1291901,117.46
1073276,286.81
1142781,1816.84
1079855,706.18
1356616,1618.85
1187865,84.85
1056121,87.06
1242035,70.46
1078995,97.23
1333324,289.9
1068853,66.36
1367348,97.05
1404802,122.82
1491605,118.13
1468486,753.08
1053955,1935.9
1123692,2224.37
1350493,41.57
1291172,34.68
1357847,59.95
1266608,645.18
1412748,832.52
1377611,870.03
1451180,125.15
1306218,147.51
1144384,113.29
1245740,205.59
1149171,311.93
1083487,518.75
1362249,54.49
1202324,31.36
1110233,332.6
1031442,392.03
1222650,262.57
1248715,78.85
1118461,245.53
1231774,242.25
1035138,497.64
1450335,475.51
1397885,641.43
1486028,725.14
1213389,671.6
1055966,305.74
1444377,65.13
1177300,110.91
1380652,87.76
1098169,286.01
1210151,405.45
1275715,555.15
1212725,114.94
1292414,147.11
1169301,175.11
1426674,659.77
1047310,266.34
1121467,542.41
1086610,108.94
1440438,95.26
1072222,99.03
1416370,89.01
1456294,384.98
1330934,295.8
1311030,184.54
1474006,60.35
1033993,89.19
1052133,527.74
1404698,1049.45
1194956,3193.16
1270770,34.03
1013434,45.08
1040462,34.49
1369168,257.17
1117429,178.76
1339008,536.58
1449755,60.52
1336558,44.55
1369059,46.95
1419513,175.21
1295497,124.94
1495193,172.97
1009387,46.5
1489542,134.25
1442804,117.09
1332189,369.96
1499518,316.02
1379662,370.06
1468175,175.54
1052376,191.73
1130535,125.92
1180055,54.0
1030286,126.29
1227742,66.38
1167629,145.9
1469431,325.36
1390427,193.83
1401174,102.59
1394966,122.65
1161844,363.92
1345514,315.39
1211349,249.59
1247038,30.2
1343032,35.09
1391420,50.84
1275184,36.45
1251536,35.45
1325298,257.02
1465194,715.97
1232785,1448.28
1122843,126.14
1003413,151.05
1207858,186.46
1283777,30.69
1476365,25.55
1419230,30.68
1116062,58.56
1164662,180.6
1074978,154.13
1089445,682.99
1499504,771.5
1023661,254.34
1094690,383.73
1480916,655.42
1082120,109.25
1370405,61.65
1381638,48.28
1268097,249.14
1343145,249.32
1096442,264.91
1451556,145.41
1010218,130.5
1366713,171.68
1058122,263.11
1319974,216.72
1360289,193.67
1398540,64.68
1189023,32.04
1402888,26.89
1483429,18.56
1349515,26.87
1458343,120.25
1222330,703.16
1497052,1220.71
1195504,18.69
1262825,16.85
1007957,79.09
1180672,120.79
1391916,81.13
1387003,25.44
1227588,33.63
1019300,17.58
1445161,34.99
1496802,24.15
1223894,47.62
1393921,32.14
1319382,373.82
1275605,600.64
1404071,70.37
1338733,503.44
1418346,374.8
1209298,110.82
1389663,32.48
1332257,80.53
1144509,62.93
1256024,345.71
1331367,295.55
1004578,533.6
1346606,141.29
1200413,211.32
1332431,207.62
1133666,374.01
1259331,303.71
1095638,381.18
1049770,41.14
1006149,49.2
1104854,52.73
1159662,154.43
1157559,79.74
1209556,38.45
1086282,29.98
1349724,32.39
1250084,251.99
1320497,976.15
1248373,2058.27
1279339,31.54
1359744,123.76
1262299,186.56
1376287,262.65
1338544,37.16
1425455,23.84
1459453,50.29
1232796,37.95
1434549,97.09
1067348,23.9
1274821,93.02
1058362,96.32
1472460,294.0
1210078,298.95
1218897,169.88
1038791,1509.77
1021993,881.13
1188905,230.04
1212228,37.48
1168918,121.61
1144232,80.41
1115180,536.86
1031803,610.81
1152573,900.87
1091471,70.68
1388976,92.48
1381358,190.03
1130619,392.47
1139577,227.64
1326969,658.85
1384889,93.95
1232549,63.13
1216944,86.53
1145467,83.23
1245225,74.61
1268061,63.3
1108169,43.5
1270179,49.21
1077955,543.87
1358943,1221.25
1181871,1248.02
1346636,34.13
1280906,39.45
1432772,34.66
1050289,220.01
1015088,312.84
1406512,241.02
1452410,87.54
1345120,83.03
1492039,94.82
1135545,131.22
1095231,254.25
1052061,372.09
1180965,29.64
1415441,25.96
1181335,28.81
1108509,123.74
1185994,288.45
1050693,192.66
1088772,29.61
1177684,87.51
1447902,100.67
1119531,251.43
1137260,211.48
1171690,232.7
1349640,439.96
1013001,259.59
1085396,102.67
1210473,59.61
1383428,100.65
1420224,76.02
1436586,461.24
1411161,421.53
1242304,662.87
1271724,115.52
1066734,98.12
1389761,144.14
1007829,573.24
1358951,288.59
1366689,617.95
1411916,78.42
1448616,40.09
1498333,29.42
1162719,37.47
1021598,34.84
1034912,27.47
1039898,32.87
1004559,39.08
1361824,575.13
1413681,1024.14
1253275,1650.35
1120019,26.45
1428931,134.93
1393220,151.4
1189592,178.25
1304893,245.97
1196547,127.82
1234362,182.32
1096408,100.02
1015877,177.18
1452142,200.71
1317910,40.57
1014438,24.07
1151863,22.78
1245920,55.17
1405401,127.86
1271433,69.23
1189202,33.27
1152407,99.18
1086170,90.32
1082523,155.68
1446998,190.43
1433590,177.19
1031471,345.35
1404058,105.92
1419372,115.82
1464863,52.32
1041129,150.03
1089153,93.16
1403041,474.38
1446499,620.65
1279331,246.22
1368546,75.33
1389405,71.41
1081122,172.26
1158128,662.6
1345826,480.22
1392817,617.52
1432390,18.44
1360123,19.24
1207971,50.81
1318026,47.65
1017200,34.92
1001837,37.08
1068162,309.95
1268993,2051.85
1331710,2747.01
1393810,15.62
1299363,26.34
1295451,34.44
1290936,49.27
1100322,122.91
1053078,78.02
1446887,109.39
1489133,163.82
1222642,269.72
1185374,334.46
1188655,19.77
1219979,31.29
1130670,58.76
1124601,30.61
1458686,31.37
1248048,30.63
1474450,163.45
1427746,78.65
1346290,376.89
1204575,326.68
1483269,794.16
1214130,317.88
1347952,376.38
1463410,185.17
1119490,39.37
1284206,96.16
1257317,55.17
1079666,148.18
1170512,307.6
1208467,245.79
1466198,36.15
1270068,68.18
1417092,81.28
1302292,306.97
1255787,189.46
1483725,473.95
1306889,71.98
1474997,114.06
1164216,58.16
1377872,81.68
1054478,137.69
1104736,115.35
1473421,24.59
1422919,36.46
1044743,48.87
1049667,223.59
1214145,713.89
1290504,1415.09
1114571,33.39
1413083,34.78
1235782,28.96
1438802,101.7
1176285,142.23
1430576,286.53
1123997,64.9
1198524,44.55
1195152,111.86
1249481,156.56
1317440,181.35
1047777,55.23
1187505,133.99
1021611,91.42
1337388,316.49
1039778,276.65
1252627,118.54
1354719,1396.82
1381352,680.1
1430679,423.49
1161082,57.65
1213511,172.78
1055182,181.08
1040633,700.17
1346803,739.25
1259804,912.97
1112317,109.89
1489069,115.7
1349919,285.93
1487539,940.92
1426307,440.42
1114271,1086.14
1007918,132.37
1013318,95.73
1166543,98.17
1410365,59.58
1062577,94.19
1051401,68.19
1364228,64.94
1438085,91.6
1076982,82.61
1479459,619.26
1170712,1651.67
1460894,1624.26
1311386,37.77
1436420,37.38
1436746,67.54
1225685,87.6
1128539,155.52
1185698,194.87
1365509,50.76
1281758,98.0
1395999,64.1
1241768,135.6
1046319,203.45
1076695,480.14
1078579,29.38
1195817,27.33
1273884,177.15
1039589,324.14
1281969,223.38
1340721,42.4
1202035,179.05
1442844,158.72
1204846,169.15
1428028,257.09
1102785,344.22
1478615,484.22
1429643,332.08
1436356,204.06
1221917,66.44
1006261,160.65
1436526,88.57
1435423,240.52
1105663,256.93
1288768,295.02
1236590,89.13
1038286,112.25
1348063,38.17
1254383,528.68
1465908,244.09
1193244,499.21
1139130,72.09
1287019,74.74
1045716,69.07
1124713,201.43
1492002,100.38
1074491,26.37
1126741,48.88
1443689,52.82
1428574,301.12
1230706,1104.68
1244397,1193.47
1400135,55.81
1123096,37.95
1462006,174.63
1396409,193.8
1112056,208.3
1201241,44.25
1215173,72.82
1323732,106.43
1063594,95.44
1063009,41.03
1487985,111.75
1206972,101.55
1074677,256.51
1347976,259.07
1120911,178.7
1230213,118.09
1412241,131.06
1199853,119.25
1126038,78.45
1065218,201.8
1407227,241.2
1195857,196.57
1064848,80.01
1347932,157.3
1006934,148.65
1415546,318.09
1436167,428.92
1155840,315.32
1312853,27.05
1341473,40.23
1210234,58.98
1420426,276.64
1264068,236.03
1160231,167.87
1271169,14.81
1343779,160.09
1392612,250.85
1460115,78.62
1209508,100.04
1308035,151.87
1051361,116.1
1394502,152.5
1002584,100.81
1256382,31.26
1116102,33.86
1439873,38.56
1327818,63.48
1053247,35.89
1240755,302.84
1323007,119.06
1159217,216.21
1297121,1500.72
1251244,915.39
1166952,370.37
1110279,162.23
1479251,762.23
1065455,863.71
1345832,923.4
1112122,99.33
1177948,127.33
1296522,197.37
1192681,1024.27
1098695,504.75
1141921,1246.53
1039561,81.23
1355647,96.34
1401737,147.27
1122214,87.17
1297460,101.28
1311455,87.27
1224680,92.82
1376192,120.92
1295323,726.06
1369118,483.46
1022614,291.21
1273467,48.13
1070150,58.13
1264565,136.77
1494909,178.88
1456589,228.7
1300093,177.35
1264244,182.72
1036623,84.84
1370665,178.32
1073776,217.02
1280462,410.21
1070455,217.12
1286196,308.24
1101505,329.29
1493032,224.72
1337248,288.14
1342588,295.43
1403685,254.55
1489882,167.21
1286032,479.09
1211075,396.78
1026057,254.88
1064602,1478.12
1353965,500.63
1386866,428.29
1160326,221.26
1148469,187.13
1132573,829.64
1187850,794.97
1042794,1066.54
1344308,161.47
1435741,151.98
1376274,209.76
1004231,802.44
1375428,532.21
1199647,1323.97
1258593,79.06
1437106,78.68
1164714,33.87
1224157,130.46
1335725,70.77
1154647,78.55
1009205,86.66
1363194,45.11
1283426,521.24
1040538,729.73
1262515,249.8
1308549,36.94
1290578,44.74
1123768,401.1
1042657,414.41
1493836,505.08
1198936,134.58
1241905,114.08
1322681,109.44
1084980,142.31
1237375,186.38
1433203,283.26
1462240,345.75
1068496,384.73
1108927,306.34
1017569,166.24
1040287,230.87
1317606,175.81
1077866,126.52
1051554,120.33
1415325,427.5
1055592,409.08
1367086,333.23
1062437,743.46
1314739,533.57
1281487,323.84
1397451,44.21
1137571,78.87
1444927,58.78
1309062,291.74
1208174,491.45
1426728,420.42
1492697,155.0
1213366,204.31
1095300,152.9
1130546,413.76
1436318,264.26
1435826,516.03
1277555,91.1
1470434,78.61
1044776,73.45
1377517,93.42
1237424,134.57
1059397,151.22
1251007,40.71
1034410,57.72
1231783,71.86
1359714,338.7
1499444,500.98
1130159,294.88
1160666,59.22
1096428,33.27
1183244,161.05
1497213,190.76
1133933,156.51
1484931,229.31
1163656,171.3
1054238,130.87
1366429,143.3
1052440,70.13
1085386,234.83
1065786,37.29
1173024,99.19
1241367,94.15
1075922,322.13
1131198,375.06
1025817,283.87
1045739,342.25
1248427,322.01
1202630,140.46
1452148,46.6
1376464,110.84
1349681,64.18
1102915,209.18
1433582,294.4
1359440,334.82
1454430,136.42
1149507,150.14
1053941,172.47
1110939,417.48
1221336,248.07
1456565,392.29
1121108,120.55
1098671,60.98
1345677,148.16
1160411,61.69
1470231,96.31
1313922,78.48
1208175,36.8
1310176,34.42
1179458,67.88
1269200,333.93
1295030,600.86
1164729,348.42
1406814,35.5
1259984,143.9
1480971,233.45
1369433,231.24
1481945,83.4
1458526,81.97
1187631,72.98
1003496,48.53
1094142,71.08
1247091,133.85
1234865,48.13
1168628,125.8
1419823,116.22
1439166,364.02
1385699,394.88
1106938,189.81
1319273,1859.58
1108592,1159.39
1352123,695.44
1115675,137.3
1423330,440.36
1466429,386.67
1403820,900.47
1034753,1154.09
1029946,1990.42
1221080,90.48
1031048,121.86
1206298,251.96
1167256,1883.1
1122935,1000.25
1494822,1823.08
1472817,246.87
1219683,211.01
1019816,161.61
1290506,317.54
1205948,383.97
1494544,171.69
1139910,149.76
1145773,117.97
1364143,146.68
1035021,1041.77
1179879,1100.03
1256351,306.96
1341899,91.84
1196209,58.6
1403548,75.78
1021163,439.35
1240555,589.05
1198318,682.7
1115576,191.2
1192089,195.92
1071064,162.95
1173754,199.95
1271551,237.32
1065067,656.81
1137709,479.36
1276382,498.86
1263231,473.83
1456061,742.75
1207945,551.47
1162708,402.84
1418928,120.23
1068894,323.46
1304937,284.79
1409355,533.32
1099728,484.64
1457969,350.36
1029462,828.45
1472551,591.02
1033848,220.73
1453084,87.16
1312690,94.07
1122710,450.26
1126546,493.55
1459930,615.36
1348574,122.21
1191403,196.41
1006930,126.84
1073869,187.98
1256986,219.07
1003790,458.8
1440509,37.21
1357988,32.51
1195872,67.92
1389720,38.48
1204827,48.84
1424127,388.81
1275924,399.77
1259126,231.23
1200350,30.43
1214706,25.89
1192004,30.51
1342075,170.04
1301366,521.58
1107583,542.18
1044020,30.73
1079356,24.05
1130825,76.38
1256962,123.57
1016138,180.13
1472749,283.97
1169405,195.64
1159026,195.92
1031233,78.91
1107474,115.75
1411938,74.7
1037033,68.84
1417616,90.28
1222062,80.57
1001298,191.59
1066766,192.64
1094571,154.21
1244760,2091.95
1333985,682.62
1209429,528.67
1226436,94.81
1425154,379.52
1311629,384.39
1144183,916.05
1429715,902.27
1208466,1227.04
1111558,135.86
1152967,115.73
1065384,264.53
1068449,903.83
1113889,729.6
1257290,1578.49
1425475,79.43
1451729,79.11
1345965,56.46
1328020,144.36
1242837,180.03
1166830,106.57
1099026,102.19
1061158,138.8
1075796,114.1
1225695,737.42
1250311,942.85
1488938,347.57
1180576,78.96
1407193,42.9
1310002,70.34
1483754,527.35
1403428,683.5
1119464,606.59
1070992,114.74
1253791,124.74
1351968,109.71
1370126,183.78
1141879,272.43
1109924,424.66
1178105,371.35
1361418,374.48
1225914,283.56
1072061,277.46
1148318,404.33
1210725,259.62
1316042,96.12
1405337,208.92
1227075,207.99
1488310,629.35
1267286,313.41
1394596,367.25
1434331,355.46
1171798,280.99
1499724,132.44
1238128,106.46
1303822,58.24
1435944,201.15
1413796,248.44
1353151,225.61
1470758,99.18
1055665,80.13
1379504,99.35
1055047,281.96
1097126,216.71
1036089,369.06
1231013,72.95
1185115,49.65
1265509,67.57
1051775,49.21
1309244,100.16
1124451,105.16
1045993,33.39
1048036,52.77
1180259,260.41
1127856,510.32
1338781,301.61
1406741,24.3
1270213,32.56
1391432,108.71
1338985,176.33
1444583,238.86
1096103,214.37
1041898,100.65
1320374,79.98
1145189,55.41
1013702,34.82
1127530,46.09
1344951,35.43
1359741,111.91
1143761,115.69
1107783,312.54
1204894,289.57
1119851,210.86
1411863,356.39
1109365,209.02
1023254,60.24
1049722,97.19
1472117,135.99
1079503,222.51
1132971,202.35
1424798,96.57
1463339,89.37
1349534,106.86
1246934,308.27
1372989,127.03
1433325,314.98
1374574,46.81
1166069,46.56
1356561,79.27
1006332,31.37
1080246,21.41
1001640,45.33
1306327,39.85
1334645,186.62
1103072,390.1
1019198,188.77
1387955,21.65
1285096,89.64
1178953,173.19
1327758,170.5
1442249,100.71
1474801,104.84
1185326,94.52
1456287,42.2
1418907,46.51
1076446,50.92
1335270,35.33
1183823,91.58
1404113,62.71
1222710,213.17
1079833,188.52
1104304,130.62
1033468,404.54
1252992,309.37
1105979,222.0
1002568,74.07
1440560,155.13
1309705,152.46
1476514,181.57
1259771,448.32
1111871,405.68
1433375,84.9
1199447,60.31
1113838,33.92
1230996,669.15
1303454,316.57
1097156,858.19
1056173,154.87
1198565,119.36
1489660,159.62
1173954,135.38
1041203,296.53
1043060,271.21
1495717,78.6
1076108,107.23
1411915,123.37
1428524,622.63
1089951,617.79
1010515,225.71
1203271,84.75
1453928,31.27
1151268,64.71
1068951,154.98
1369718,231.01
1091017,192.13
1203897,96.67
1286862,183.34
1195043,99.99
1439742,154.48
1291300,194.27
1178037,231.43
1023669,95.0
1048200,278.12
1133637,273.97
1482215,547.99
1298145,355.18
1123307,168.5
1245183,118.75
1116213,119.01
1495219,68.99
1320236,26.07
1427938,79.25
1059972,62.6
1438573,189.19
1114784,257.86
1187973,159.07
1462124,149.32
1151450,149.07
1027884,112.48
1042038,260.56
1216683,224.17
1405703,169.97
1487930,22.45
1198172,24.2
1150785,35.42
1184753,194.22
1073671,367.93
1441244,166.49
1408360,15.59
1400061,110.01
1373267,125.96
1070795,156.11
1443342,144.49
1274489,123.34
1155200,78.68
1438279,25.41
1240169,22.94
1439950,85.03
1108978,70.35
1373622,488.75
1184062,413.1
1087129,135.24
1124103,344.5
1170492,230.41
1035358,94.56
1087749,83.15
1102820,160.61
1158437,236.54
1394740,263.7
1240884,154.61
1178760,84.58
1421019,168.45
1348128,182.38
1366149,200.97
1242141,32.87
1272003,33.26
1115507,47.09
1142943,108.25
1344252,156.82
1106883,52.23
1051057,14.99
1312752,17.37
1368420,82.84
1419755,141.48
1323227,150.5
1371081,172.56
1195197,52.82
1289562,141.36
1218415,44.61
1161177,18.55
1241146,86.74
1040244,60.51
1112492,162.2
1462810,201.72
1155368,112.46
1088775,847.95
1180610,303.34
1004376,309.98
1347755,49.03
1221280,155.07
1071175,110.23
1017674,395.82
1349547,587.68
1469809,981.74
1112827,126.45
1427859,159.68
1201215,270.03
1387604,552.94
1447167,473.82
1163414,700.6
1063388,80.4
1027602,50.57
1248223,55.7
1043945,48.22
1018609,47.42
1402783,118.79
1144711,63.16
1165133,82.64
1157864,396.18
1158723,513.16
1371967,152.47
1484515,27.95
1403718,35.82
1335135,283.36
1459471,208.26
1470572,298.13
1076650,105.67
1042531,98.46
1065297,89.8
1402946,114.88
1445860,158.11
1309288,188.82
1340685,275.59
1175433,229.5
1012081,319.42
1018456,141.16
1057303,142.96
1080644,51.36
1402350,134.59
1170609,124.03
1139792,252.44
1040547,204.68
1477002,296.71
1417996,669.56
1194929,402.96
1248088,317.62
1378461,143.62
1107124,98.96
1156793,446.47
1431686,479.93
1035108,531.75
1452533,158.52
1403241,132.85
1328803,169.83
1407650,376.03
1344744,348.96
1227764,446.95
1396476,34.73
1013774,23.08
1349648,24.84
1114022,22.96
1075237,49.18
1467100,495.48
1055368,765.8
1263571,496.31
1296593,19.68
1441634,79.55
1447046,107.7
1423212,124.04
1257511,39.51
1023518,26.44
1040360,44.93
1093150,168.91
1449241,165.52
1127853,289.54
1216929,191.35
1198481,142.99
1297015,108.46
1478926,21.83
1267173,78.5
1010715,132.99
1051153,127.95
1121717,360.3
1283901,249.36
1157822,371.15
1196384,345.38
1186113,186.98
1397319,108.4
1070135,51.56
1243150,117.75
1141894,72.25
1119592,150.73
1355543,184.33
1466185,240.67
1369479,63.97
1002219,67.43
1065122,85.88
1355774,277.49
1034449,250.51
1298800,649.26
1168048,90.05
1487535,76.85
1013139,76.27
1148419,55.83
1430932,88.88
1212520,180.83
1242479,43.74
1376197,67.39
1162830,74.07
1364844,309.27
1144242,366.59
1095968,210.98
1432738,26.53
1161807,90.0
1188656,114.81
1317286,163.46
1021595,123.66
1267460,108.7
1426163,146.23
1325488,85.93
1360973,58.88
1315155,160.7
1269059,58.94
1490516,132.88
1080973,109.03
1190162,286.06
1339318,306.54
1288832,93.67
1295195,575.86
1158135,462.24
1065978,216.36
1434129,43.92
1073284,125.84
1299247,60.73
1351771,224.57
1074640,379.05
1479465,503.19
1489347,133.03
1181166,141.49
1202899,158.36
1045208,540.82
1102611,212.43
1387920,610.57
1179968,120.1
1331102,124.66
1479186,33.81
1481499,164.52
1115642,190.01
1049247,63.98
1306038,77.24
1095596,62.08
1016502,417.79
1132512,541.81
1154248,306.31
1402507,32.65
1130490,44.2
1034827,42.5
1050303,180.91
1462532,215.76
1322647,342.29
1452624,311.92
1462600,264.76
1430777,297.93
1245813,86.71
1115240,71.64
1032047,138.39
1008796,39.02
1178964,134.81
1299848,64.62
1254741,307.79
1135400,374.9
1319687,260.55
1390606,209.45
1443225,196.88
1153270,64.48
1342968,21.86
1254768,79.1
1113748,59.17
1181440,122.54
1118245,207.5
1035476,244.98
1013138,94.29
1370975,95.06
1112604,120.55
1497422,188.69
1165214,92.92
1377941,192.33
1240800,33.35
1386829,39.69
1237087,70.98
1217868,47.79
1292980,19.14
1122637,169.69
1376752,361.39
1229220,106.13
1193421,20.21
1383125,122.56
1169578,110.66
1281507,205.93
1461952,71.47
1415989,45.32
1276319,70.15
1440217,23.04
1022493,17.24
1300917,30.47
1193727,29.75
1402486,47.21
1136905,35.19
1499372,204.88
1109225,196.48
1350713,91.37
1355088,1472.57
1138222,605.47
1385476,678.64
1398591,130.11
1300896,521.93
1162031,569.19
1277815,957.41
1362188,85.8
1362254,59.08
1274284,129.36
1178264,937.8
1091379,426.51
1041602,909.27
1028066,120.31
1013847,120.62
1372516,189.6
1280063,139.97
1108464,157.94
1130725,40.4
1268768,116.38
1490016,82.06
1347411,581.02
1171863,483.83
1434725,257.81
1335442,66.02
1496650,60.92
1306499,68.48
1351858,212.54
1438518,201.57
1446150,182.6
1412369,94.45
1022628,66.45
1191341,47.41
1232719,68.18
1114376,192.37
1028985,312.53
1147013,327.02
1181119,359.11
1071327,239.07
1460463,242.76
1031315,296.7
1312685,305.2
1232285,116.21
1101299,138.71
1014795,130.71
1067057,255.6
1422192,224.72
1272721,264.85
1137357,1029.9
1467695,382.53
1069575,290.55
1160879,39.54
1495109,164.38
1161253,89.16
1483609,681.98
1045099,663.53
1164413,943.71
1038291,217.95
1266238,224.28
1237923,394.47
1149195,709.19
1475934,481.42
1479609,731.22
1376770,91.71
1493195,60.61
1354760,86.01
1349895,80.6
1122970,33.51
1030480,51.11
1349078,73.07
1304303,603.03
1233427,467.07
1170183,233.07
1330894,26.48
1135861,32.21
1097976,42.11
1189946,148.55
1254653,141.41
1076146,125.47
1133854,104.24
1029733,62.52
1252838,57.09
1482077,180.16
1100816,208.35
1226702,184.36
1367646,461.23
1214264,453.39
1270356,129.86
1359586,70.06
1321874,234.55
1271568,152.84
1205338,27.59
1256154,133.65
1331634,121.14
1406428,254.02
1363192,315.29
1294110,315.57
1355035,671.03
1179175,693.88
1232535,368.07
1024745,97.21
1314199,101.24
1246353,108.91
1149555,181.56
1396135,318.36
1079551,517.3
1053202,140.61
1072177,127.84
1025739,173.11
1038618,340.91
1287323,321.2
1442692,573.39
1288843,154.93
1148186,112.75
1242462,109.43
1395800,149.42
1040709,231.7
1461640,212.87
1046363,36.0
1086057,72.17
1049890,62.94
1334924,499.43
1096318,701.88
1498269,324.89
1425062,39.35
1242346,121.5
1234773,147.69
1130917,286.68
1341706,268.04
1337776,124.91
1495700,136.16
1402640,127.21
1147717,72.86
1074836,133.24
1019957,46.22
1183904,129.75
1062706,107.65
1140872,289.73
1280927,286.5
1107079,147.67
1094469,213.95
1224648,241.36
1329069,103.29
1209615,48.97
1134462,90.8
1373589,60.53
1431663,143.63
1211468,237.21
1036586,279.72
1457291,126.97
1449226,123.8
1295444,171.86
1320860,324.55
1080195,154.31
1206927,249.9
1413962,24.73
1465742,41.41
1142485,29.82
1389582,26.21
1219033,30.06
1309985,273.17
1013207,468.26
1254585,160.61
1443503,128.18
1057520,197.81
1224403,196.65
1275191,112.2
1319481,113.05
1345883,132.6
1255434,28.69
1177914,17.93
1014131,27.44
1187833,36.21
1445028,70.07
1443519,104.21
1471250,344.39
1395007,403.2
1055248,166.11
1094576,59.15
1354825,55.08
1451735,76.4
1059843,171.45
1198932,172.56
1342721,77.72
1377975,94.04
1066650,162.25
1389377,202.79
1169870,104.26
1037756,134.59
1171909,22.82
1039265,21.2
1268871,16.78
1297532,16.37
1343822,86.98
1012465,313.38
1104045,159.41
1269118,32.9
1082751,17.52
1267215,154.4
1008110,178.71
1232056,234.26
1292674,48.44
1379099,38.61
1008574,35.32
1264193,21.91
1283225,28.56
1497243,170.39
1260622,156.63
1339521,149.16
1494899,846.17
1090667,259.43
1439963,256.29
1446122,61.13
1085349,118.25
1418236,70.62
1057956,323.48
1434673,343.6
1203450,549.73
1089484,77.34
1381379,76.06
1226448,114.04
1467198,365.16
1253582,206.81
1165274,530.88
1226763,45.94
1163319,53.96
1315655,71.91
1240789,85.77
1100886,60.92
1376495,26.0
1011715,50.1
1090753,223.88
1178623,359.24
1352301,223.5
1477801,35.39
1208670,40.68
1257355,32.73
1135300,194.96
1004740,193.9
1306161,224.88
1201146,92.87
1034776,64.38
1370689,87.39
1262003,79.94
1378297,128.42
1368146,199.95
1068192,242.22
1463428,242.08
1173571,138.89
1455968,212.14
1191755,137.04
1150362,76.08
1070659,37.63
1224559,136.99
1493370,140.68
1392377,192.67
1056240,182.68
1014892,155.44
1251774,479.46
1487777,289.38
1249239,194.37
1478849,29.54
1376645,68.65
1345333,74.2
1224660,61.34
1232767,192.57
1009181,319.37
1126946,54.47
1355439,48.7
1006250,132.58
1176343,363.81
1463133,187.4
1144523,357.15
1499988,108.56
1498160,157.66
1257346,116.69
1485910,65.97
1451221,185.03
1387533,153.8
1157584,49.79
1413278,36.86
1333981,40.26
1085005,290.93
1054736,393.15
1104702,231.81
1381323,24.21
1344068,21.01
1052303,23.89
1018360,59.53
1306940,166.78
1300692,145.26
1171279,196.95
1438175,97.86
1173109,121.99
1337250,134.28
1056761,101.85
1135371,209.06
1378200,44.75
1272135,129.69
1054088,98.12
1344699,637.74
1206358,206.71
1323853,94.13
1101699,1671.5
1266254,1060.62
1242076,598.14
1415273,80.23
1268510,211.5
1256636,112.74
1410268,814.54
1108062,783.95
1497719,939.54
1106934,87.27
1033797,121.52
1041160,208.53
1126396,1519.39
1242200,545.71
1306384,1518.12
1058059,106.76
1089322,73.4
1446736,59.02
1001101,76.07
1122981,158.4
1078580,124.97
1175594,50.35
1205864,136.25
1316507,89.58
1482706,613.24
1046238,680.43
1020444,218.27
1338003,53.28
1399537,36.32
1002793,48.41
1466289,452.96
1013187,515.13
1322076,499.2
1161027,123.52
1349737,117.88
1291976,110.05
1007039,81.71
1258074,150.73
1415587,381.12
1484457,286.07
1005745,265.77
1377865,199.13
1457732,304.59
1179188,446.0
1327218,201.91
1202641,74.99
1106286,169.77
1175735,157.8
1138288,314.74
1476138,258.78
1454707,287.8
1039235,140.37
1068339,131.98
1092183,53.0
1324963,85.71
1257720,87.43
1076387,173.21
1209661,256.78
1208465,119.78
1111884,77.35
1454997,79.8
1050572,402.33
1467559,145.83
1214425,179.85
1162278,18.32
1248010,111.99
1376824,72.01
1398291,171.5
1085069,772.73
1122525,373.63
1075559,15.48
1344759,138.25
1212897,195.09
1418671,177.59
1271431,152.68
1287363,114.57
1064175,49.97
1125114,30.62
1472836,146.16
1013458,184.87
1391771,491.55
1331170,507.16
1242406,168.3
1105837,796.97
1211259,429.71
1164052,260.42
1274142,34.23
1356105,123.34
1088860,91.96
1129795,527.76
1493321,532.93
1161618,667.33
1212298,155.81
1135403,104.71
1435855,226.83
1212422,813.44
1412227,246.13
1128323,658.97
1357585,23.06
1266101,17.02
1306121,73.63
1415533,54.5
1292424,42.66
1376664,30.35
1253822,48.5
1355799,468.37
1408441,500.55
1390132,306.3
1118778,17.53
1373867,16.71
1321455,340.12
1162414,361.74
1275261,274.6
1164241,79.89
1422145,73.34
1119440,112.23
1173756,147.54
1154587,339.37
1123456,265.42
1008268,253.76
1219964,142.46
1461264,81.25
1146910,77.09
1110355,87.13
1411557,92.99
1055855,83.39
1043603,62.98
1264146,222.41
1033866,269.25
1209072,306.41
1060160,963.82
1352289,261.07
1172228,271.08
1395626,50.33
1455355,129.32
1055663,89.98
1287217,438.17
1088601,502.55
1278366,898.52
1026791,114.88
1036303,93.02
1254559,165.3
1427581,636.83
1394444,277.82
1263854,763.09
1051269,114.82
1308881,134.01
1073830,87.45
1405838,227.09
1183018,135.09
1040180,67.76
1458738,61.11
1248662,486.5
1022436,535.44
1187815,211.89
1256719,37.9
1333426,44.93
1228432,221.42
1282969,381.97
1400162,334.16
1059632,152.31
1031228,146.18
1254371,105.88
1409072,72.66
1070652,146.76
1367274,238.33
1248470,244.66
1152711,246.37
1233398,202.56
1160549,243.27
1448305,255.95
1128571,183.82
1454724,52.46
1403528,122.62
1489033,117.53
1162008,227.86
1469871,218.98
1065280,185.37
1416500,67.16
1295639,75.26
1322499,59.43
1450524,29.93
1203643,108.71
1239385,84.29
1127908,143.83
1445551,172.76
1101411,108.18
1076286,277.81
1170173,106.74
1065778,130.88
1282021,19.61
1369620,37.8
1064144,28.05
1499298,65.45
1410217,748.18
1460719,332.64
1369178,17.74
1102465,147.05
1491328,203.42
1331730,195.58
1401710,39.54
1036537,45.81
1340596,126.47
1140522,36.57
1198427,25.32
1041032,69.59
1252477,483.1
1091144,479.03
1377051,206.25
1027086,577.65
1035806,484.88
1243642,167.6
1314053,55.49
1320763,135.75
1006967,78.05
1267729,227.38
1477291,826.26
1368058,431.48
1324032,110.65
1197090,117.22
1208581,102.42
1081641,707.37
1253251,249.34
1317166,861.3
1059560,150.3
1334347,119.42
1294936,118.13
1066867,310.07
1380226,290.67
1020582,85.52
1226007,68.18
1008005,120.44
1394036,445.62
1058307,570.5
1128007,165.43
1005386,71.27
1192006,59.01
1275913,77.56
1384833,139.02
1117920,256.43
1034950,295.01
1013635,125.27
1055153,100.12
1266186,103.61
1421520,147.26
1293094,208.93
1424764,368.76
1142191,64.19
1178898,142.34
1357653,133.39
1363374,355.99
1363447,357.26
1473145,118.6
1452523,309.68
1100864,249.18
1397501,182.26
1208517,19.01
1139190,83.61
1132599,88.97
1146408,177.66
1210647,386.51
1381063,324.28
1429146,166.72
1216651,147.22
1403968,189.13
1067138,234.0
1465247,324.42
1344138,242.57
1032870,43.63
1025076,40.18
1448384,49.76
1398655,55.24
1411724,24.64
1143819,37.37
1090620,251.69
1200363,260.12
1108974,60.15
1160402,19.65
1212494,106.89
1142875,165.35
1040784,132.77
1063831,184.32
1103952,190.41
1194353,144.56
1102241,36.14
1191088,54.47
1220591,30.0
1259696,59.22
1136582,55.86
1155966,416.61
1073642,601.18
1309602,113.42
1078309,1562.5
1164850,945.07
1221502,240.83
1009487,62.08
1376888,91.43
1485207,741.04
1014696,757.71
1383441,1104.66
1371087,134.28
1476917,98.25
1276499,170.63
1446430,799.36
1229678,383.5
1009292,1000.54
1001171,81.97
1137404,44.81
1375821,45.51
1062616,96.74
1079738,41.69
1290947,84.4
1013855,65.85
1154323,79.06
1395980,517.11
1441315,557.5
1019358,180.41
1092629,39.12
1145112,23.33
1445208,36.44
1261902,117.71
1302322,89.51
1370543,128.08
1265371,295.21
1127141,354.19
1490162,159.73
1060861,157.41
1023077,240.33
1484782,311.4
1262037,253.45
1098189,279.94
1325113,199.48
1497786,68.16
1073615,154.93
1236135,56.15
1340927,38.52
1159933,126.62
1156490,118.32
1457848,250.17
1495944,228.84
1392169,145.03
1455460,358.66
1140660,221.87
1322916,69.38
1218064,80.11
1220578,98.52
1216185,70.36
1020213,176.15
1053587,414.41
1434574,256.62
1232933,140.1
1247358,261.54
1240750,130.7
1083061,349.76
1306822,201.0
1212344,360.99
1020358,122.83
1175372,84.11
1063846,86.98
1176603,125.57
1208555,154.62
1215805,50.27
1330549,67.78
1373401,58.27
1167183,212.89
1465135,587.34
1426834,356.78
1026154,25.09
1099028,43.65
1462415,119.98
1441751,122.77
1383303,215.37
1206105,76.1
1073905,132.0
1492052,105.82
1455622,64.44
1240058,73.19
1186355,33.61
1020825,111.82
1364564,105.35
1029205,222.53
1478725,161.12
1188897,174.09
1285247,517.45
1474891,379.63
1027212,166.22
1147355,40.94
1455107,92.73
1367592,152.85
1351864,239.47
1117537,361.41
1268577,82.18
1272369,79.56
1022529,141.48
1407632,209.31
1476518,194.8
1310846,315.14
1401384,81.68
1334308,54.25
1216744,48.66
1411562,115.42
1361089,90.58
1266842,23.79
1197346,29.57
1408990,49.55
1173866,383.78
1197580,480.32
1482256,272.16
1469038,19.44
1265086,25.58
1435363,121.34
1098504,109.95
1470110,243.88
1014856,165.11
1304171,152.79
1169912,124.78
1169788,115.53
1305399,50.87
1297768,89.34
1447875,30.43
1061654,94.72
1288892,46.73
1370978,368.87
1018332,322.35
1482488,156.52
1226206,425.25
1359566,244.69
1122220,163.39
1361124,41.97
1485074,78.52
1055147,34.92
1332121,226.4
1254062,445.95
1005089,291.57
1013929,197.0
1485789,129.62
1173106,98.67
1173239,456.66
1106978,149.4
1264303,400.31
1295580,29.99
1059133,56.17
1253909,55.99
1441728,49.53
1435074,50.66
1209374,44.38
1070634,221.69
1384764,514.33
1109661,492.31
1260990,33.41
1495776,33.61
1361715,87.37
1367986,152.78
1339738,81.33
1168006,77.96
1127551,123.55
1145891,114.61
1245972,47.62
1156328,105.03
1167613,43.24
1251253,90.04
1089488,61.66
1442686,283.31
1122897,308.73
1191425,95.55
1451363,496.17
1017978,373.8
1329321,206.34
1246499,31.8
1128581,105.66
1304389,50.81
1293491,265.82
1378231,195.98
1070072,328.42
1150354,96.6
1039951,101.52
1333906,92.67
1131712,175.0
1453878,107.3
1068668,346.91
1493420,92.1
1028234,62.79
1386496,64.05
1042053,20.02
1196922,59.26
1040737,98.48
1065819,33.32
1025496,45.29
1266139,59.83
1140717,247.66
1429810,330.39
1278363,125.71
1365006,24.25
1486505,36.68
1233411,29.71
1174361,94.14
1345956,120.42
1487066,153.9
1412186,146.55
1079827,53.99
1050897,161.45
1234163,44.39
1304337,97.23
1087455,89.6
1071359,88.09
1172474,180.9
1218040,188.09
1364913,121.53
1421572,594.55
1165704,302.34
1332421,420.08
1041334,55.05
1077637,119.62
1332253,99.98
1189355,341.51
1314410,410.14
1288385,500.74
1146363,156.5
1446195,152.1
1428079,223.6
1000357,355.19
1148714,263.04
1494973,372.91
1422995,30.95
1369219,17.45
1203139,36.59
1381422,37.6
1217098,41.44
1039931,43.15
1281119,37.52
1076815,374.23
1024232,308.01
1462666,201.9
1278254,24.45
1297002,22.55
1054426,99.42
1331830,158.76
1242168,95.31
1184109,65.36
1340270,96.16
1269866,61.72
1043470,117.78
1425669,83.38
1188645,180.2
1425768,172.6
1031064,149.69
1049619,40.73
1442195,87.44
1486459,27.27
1342433,34.44
1199358,61.09
1026899,95.89
1140924,135.38
1163539,109.94
1437111,187.34
1463289,508.12
1332634,255.18
1023555,244.05
1228894,88.8
1100285,279.33
1478601,316.06
1323239,532.33
1354676,122.43
1194259,96.56
1318614,173.76
1191961,321.12
1122956,242.91
1081854,282.12
1175553,38.74
1204209,45.29
1077085,38.1
1380942,38.39
1426362,56.72
1209170,26.72
1092575,43.59
1169201,224.76
1203547,154.12
1165216,316.8
1003607,23.02
1362241,186.03
1035344,216.18
1245219,206.26
1169218,68.86
1289437,60.71
1429851,80.39
1125820,115.48
1365966,143.19
1238324,233.44
1468842,250.06
1006290,112.38
1318381,98.07
1005859,103.72
1461709,66.17
1288697,46.13
1286176,101.04
1070978,76.35
1105358,263.82
1100655,163.17
1352006,136.63
1058810,550.12
1086365,170.69
1029141,145.9
1269485,74.94
1459115,132.95
1473731,103.84
1372061,290.29
1207433,500.99
1107812,507.12
1194682,112.92
1196913,103.8
1006258,159.15
1266052,364.73
1127841,441.47
1250099,694.56
1414515,60.37
1333316,32.84
1351402,100.8
1276151,32.08
1146781,66.66
1192028,48.87
1309566,68.72
1317399,62.06
1125915,194.55
1226596,476.24
1275552,207.67
1213443,45.42
1097854,21.98
1245940,37.67
1416156,123.25
1421658,185.32
1163541,153.02
1057891,97.01
1295122,46.06
1150550,67.43
1249152,68.47
1071750,109.51
1021922,177.63
1005087,162.22
1480809,164.97
1027495,120.47
1380376,49.7
1028216,132.11
1308459,104.76
1217898,60.05
1359469,91.84
1471285,92.75
1094380,224.32
1464888,224.06
1251882,238.79
1242910,187.52
1081466,199.26
1018551,67.26
1304675,69.34
1032172,76.27
1270116,51.27
1110391,161.79
1442758,191.56
1484598,148.79
1219920,66.73
1383829,103.2
1453460,103.88
1495381,306.55
1130262,90.66
1497306,174.72
1180934,15.68
1333737,41.93
1159717,29.8
1345251,27.36
1098053,135.05
1398868,605.97
1179749,153.68
1278640,19.8
1223784,71.6
1107223,129.33
1421641,119.2
1339264,87.02
1449517,37.68
1042350,19.06
1198402,69.69
1480977,70.03
1098302,544.15
1023961,560.29
1429401,190.86
1344564,422.51
1133180,242.06
1089923,161.8
1097734,119.44
1330797,187.29
1008740,227.53
1411677,59.23
1125014,44.96
1081759,250.15
1159985,173.47
1035134,402.36
1262324,107.58
1403943,55.8
1265976,90.8
1277900,114.32
1178504,91.94
1213543,23.86
1201828,22.53
1389024,43.93
1384865,266.61
1429716,353.21
1146686,200.04
1399512,17.35
1030633,58.63
1138952,86.67
1230579,92.04
1389919,115.29
1420003,69.43
1160479,96.63
1043535,111.51
1083443,65.2
1212347,165.88
1390131,61.01
1354703,72.19
1489368,82.56
1295553,157.2
1119919,69.94
1132518,89.12
1244054,373.42
1203291,388.29
1217356,265.61
1473548,40.11
1478840,109.91
1491460,95.9
1025963,163.8
1125836,220.78
1327424,378.54
1032828,84.92
1068263,104.3
1141726,118.56
1478947,222.29
1240963,211.67
1090759,312.5
1038585,57.12
1420464,62.84
1254662,42.92
1363268,73.83
1061961,76.44
1440975,34.57
1116828,89.95
1202577,77.87
1474314,280.99
1043817,598.81
1058272,246.35
1366046,25.75
1170237,36.26
1085268,33.03
1056045,104.72
1213459,125.52
1382552,184.25
1397881,113.11
1268551,107.14
1206949,86.22
1119959,48.63
1245848,36.94
1273741,94.79
1350159,44.54
1154093,139.01
1042999,93.93
1029565,274.78
1433312,272.71
1135202,152.49
1272211,179.47
1146755,191.41
1010943,69.1
1191732,86.77
1349858,56.52
1049229,220.25
1041144,321.71
1002909,222.27
1126860,141.11
1347688,180.6
1252534,135.09
1105948,294.69
1340269,195.54
1030597,253.72
1020364,25.29
1247229,53.01
1280198,44.1
1217010,27.39
1049688,41.46
1299135,129.4
1073390,336.18
1282574,134.52
1288078,98.5
1405744,137.1
1197826,148.31
1110776,144.41
1480031,133.15
1193063,102.85
1090317,24.51
1426495,30.59
1446133,96.74
1330414,61.91
1263575,335.39
1184160,323.26
1197552,174.2
1077911,295.39
1256467,255.32
1191693,93.24
1170203,56.15
1439732,155.41
1165138,122.13
1453266,321.38
1427081,235.54
1403985,153.72
1284845,112.99
1428415,108.34
1335320,99.74
1159106,408.45
1207004,211.49
1022881,270.9
1371483,47.06
1427335,39.84
1157246,30.09
1385087,68.44
1368564,146.67
1311096,529.72
1309826,355.67
1117757,40.34
1268876,113.74
1139409,132.0
1315421,190.09
1307693,202.84
1351780,199.03
1240833,147.89
1292779,60.78
1004955,29.45
1058696,69.53
1440829,44.24
1087516,158.01
1212398,97.28
1174663,285.76
1227160,315.07
1371034,124.96
1447838,531.25
1118795,379.38
1229556,297.87
1318629,57.43
1201803,101.19
1108210,65.36
1084729,257.36
1329157,214.42
1173501,429.02
1345020,92.89
1428650,114.84
1361789,123.98
1204938,487.43
1459959,218.34
1009864,545.43
1176675,65.91
1453409,79.34
1336507,105.18
1328456,184.5
1313891,178.34
1468663,44.61
1318421,58.26
1007837,51.9
1417926,296.11
1144631,500.65
1123946,194.32
1090477,34.26
1414267,33.03
1329543,107.47
1406534,101.36
1431237,189.69
1010486,131.13
1004166,110.19
1403955,165.93
1245398,147.66
1064134,145.51
1320738,294.11
1043919,30.0
1197159,118.03
1122164,106.81
1250396,221.37
1078267,271.23
1320587,119.55
1438968,1305.01
1445553,795.17
1430625,294.07
1430923,37.87
1255590,195.25
1174194,102.92
1268149,611.31
1435775,556.09
1001078,958.22
1356321,88.37
1238399,103.26
1247434,374.95
1372264,628.79
1367722,502.83
1131831,945.49
1450298,90.47
1236521,60.84
1417628,59.83
1302103,58.64
1075661,29.6
1052678,55.32
1116456,59.69
1210918,79.46
1238372,517.18
1200100,533.24
1308118,145.68
1025514,22.19
1073171,35.42
1343697,429.87
1206094,460.73
1213565,430.81
1133994,68.26
1406832,57.56
1199518,34.25
1465945,182.94
1360766,216.39
1172793,297.83
1477841,310.17
1480419,257.21
1266200,134.36
1228974,81.88
1443865,111.86
1110747,80.22
1259815,36.16
1222703,121.57
1416211,88.37
1289707,471.22
1350731,308.83
1315773,310.93
1462684,358.47
1265062,342.96
1087576,174.58
1193331,29.23
1179725,90.48
1162092,524.25
1152578,204.11
1209604,271.06
1236773,44.88
1309943,88.77
1460971,129.77
1217450,269.49
1045376,167.96
1443469,342.92
1462830,70.52
1255402,93.27
1167286,55.29
1059507,89.33
1079973,240.62
1483889,212.16
1012794,44.4
1078273,49.1
1105636,49.63
1197957,178.18
1129900,490.66
1399359,156.21
1435778,22.31
1115944,62.46
1148006,18.0
1004198,89.5
1071538,118.93
1179231,195.03
1183707,75.03
1492404,85.04
1069594,112.19
1475387,99.52
1389608,176.86
1257603,47.24
1468813,93.66
1190954,84.33
1231442,128.53
1426101,116.02
1011026,108.74
1494285,240.9
1127975,205.11
1254456,122.06
1433132,41.38
1385563,104.76
1329092,53.33
1024456,266.79
1441633,552.85
1005331,242.5
1255283,67.93
1268877,103.24
1191347,81.05
1367529,317.92
1392509,236.7
1443604,268.43
1242946,21.76
1158962,36.33
1266951,69.82
1393559,38.93
1171262,37.37
1259868,37.35
1099206,142.21
1439182,652.54
1330691,1038.95
1199867,22.63
1359174,29.41
1478755,201.2
1437302,159.33
1142646,251.86
1428338,50.63
1494524,121.16
1318530,63.9
1031981,31.1
1103507,37.55
1048429,38.71
1066501,133.39
1142079,127.26
1199171,428.73
1423076,347.4
1375347,445.74
1363494,458.3
1168706,363.82
1286957,183.76
1297773,49.08
1127311,96.37
1278238,73.5
1246917,290.72
1255329,387.23
1297788,548.28
1362697,238.89
1377302,172.86
1129605,141.14
1186097,281.29
1166420,260.49
1144128,465.46
1465478,80.84
1439785,94.88
1452155,87.32
1412612,60.39
1042812,50.65
1140317,84.79
1441282,325.8
1420561,376.15
1052770,156.38
1492355,34.57
1123588,35.25
1205947,36.97
1397772,142.14
1430108,183.29
1123252,242.21
1019322,209.1
1019113,182.2
1476280,165.82
1446657,81.76
1442076,43.34
1199873,183.3
1053654,36.37
1493948,95.4
1087207,90.01
1193820,472.62
1401050,467.07
1241369,143.42
1331635,641.29
1275462,204.23
1226852,254.69
1321242,32.37
1447608,101.61
1467746,338.27
1497186,302.79
1421624,339.12
1103191,59.95
1232381,139.69
1351626,143.92
1336135,219.07
1126452,235.0
1370737,335.33
1020027,36.21
1312294,27.68
1113562,27.5
1267715,78.47
1157131,46.02
1127567,37.0
1393273,34.63
1301677,39.76
1429577,203.23
1413066,365.54
1273196,141.29
1065500,26.3
1442450,27.57
1179865,29.6
1229492,126.18
1283364,207.91
1480985,196.97
1164611,58.66
1286172,48.6
1395783,55.35
1177550,78.86
1412772,76.79
1325211,156.98
1331898,190.81
1027577,68.57
1211409,92.2
1119268,48.63
1409353,69.68
1239768,84.56
1016320,38.21
1350029,102.04
1165320,95.62
1114413,173.94
1374639,91.91
1263967,161.71
1431639,748.01
1439212,583.35
1243982,225.26
1425722,24.55
1357621,123.66
1080059,81.11
1342822,441.84
1100321,441.05
1237813,619.9
1300518,109.11
1114521,231.85
1385419,181.07
1250718,264.89
1499934,357.06
1466058,558.07
1149575,47.71
1003527,30.5
1436210,41.03
1495418,36.67
1018177,36.89
1222779,32.04
1278720,642.46
1425342,671.39
1247856,394.12
1296233,26.43
1299299,21.71
1040011,56.52
1047541,93.8
1416939,71.25
1307589,91.34
1154900,83.56
1447474,151.69
1498148,156.83
1032041,252.63
1441254,202.62
1270780,194.5
1283042,159.11
1284049,23.22
1451216,72.98
1159551,42.66
1226506,128.77
1065345,119.2
1421154,326.65
1254784,253.96
1067670,267.78
1249310,2089.73
1109152,736.15
1059263,536.8
1127296,60.48
1177149,184.99
1193901,150.66
1305434,621.45
1169253,567.82
1439432,1075.39
1369386,144.65
1187366,94.88
1383898,246.89
1040191,1193.75
1026483,550.48
1418641,1112.39
1446160,113.12
1300731,111.54
1359618,104.06
1248156,324.54
1294670,218.26
1478985,260.95
1368481,69.91
1333433,84.42
1434239,56.78
1257619,629.35
1094504,740.84
1300383,607.15
1384829,75.36
1005407,64.36
1315724,49.44
1177648,249.0
1039799,493.71
1050610,560.49
1215378,120.99
1420586,105.87
1355314,110.52
1200145,150.66
1352856,171.5
1490730,545.14
1140936,393.43
1100311,314.93
1280962,293.42
1188460,234.31
1241716,310.11
1495394,296.06
1052736,67.0
1491102,158.51
1439147,93.13
1253028,616.39
1217271,456.84
1153904,330.89
1103990,1669.75
1315380,917.19
1012578,478.01
1356121,81.55
1387352,261.06
1177494,248.19
1441552,697.81
1065795,666.71
1245852,1246.41
1485920,77.77
1282419,131.46
1474269,327.47
1122106,977.87
1419497,427.55
1491382,1082.36
1334251,101.1
1107205,95.11
1342908,78.8
1389672,78.98
1115199,43.01
1466642,130.77
1075060,96.42
1286035,85.4
1216014,52.2
1202009,524.87
1447158,556.93
1116835,331.75
1216346,43.57
1295510,47.69
1286831,61.95
1495796,245.14
1477046,307.94
1423534,377.1
1070216,146.76
1260241,155.63
1376750,120.68
1331408,177.79
1239901,197.7
1195401,419.46
1083931,359.54
1445603,304.07
1331096,181.89
1085873,182.51
1106683,318.72
1334187,275.72
1103377,70.91
1015635,216.52
1254780,170.57
1379556,582.08
1461975,408.05
1104316,329.6
1395991,157.76
1395799,192.13
1204391,98.97
1080873,76.03
1111719,118.93
1210576,72.9
1172770,145.07
1265692,320.47
1042603,238.66
1182168,237.63
1277776,160.62
1131821,111.41
1174173,325.35
1337771,200.36
1202376,278.73
1444033,33.23
1163334,36.32
1279214,46.48
1296501,36.89
1033599,49.95
1174360,175.19
1291501,859.08
1298916,597.65
1423496,77.62
1293002,122.8
1076795,124.38
1021481,164.15
1330908,141.74
1162720,50.02
1078467,71.3
1345403,29.42
1036433,30.82
1391656,38.29
1328210,156.87
1177028,147.39
1434055,413.89
1424721,485.35
1191920,223.32
1052756,291.15
1391034,214.58
1408065,156.96
1091688,51.37
1166031,98.58
1177255,69.9
1045371,159.71
1060513,270.07
1436754,184.49
1233478,57.78
1192154,140.95
1037962,299.64
1373312,217.88
1185011,146.69
1007240,33.02
1277562,27.06
1072334,45.48
1128376,19.24
1297522,42.25
1452541,194.04
1359919,637.59
1067207,283.61
1233545,26.36
1214743,100.19
1228910,87.2
1423994,187.44
1313304,97.21
1099679,187.33
1426844,91.66
1378564,39.29
1076816,26.94
1001350,82.46
1463100,39.84
1239878,108.12
1415566,97.56
1168331,357.4
1184252,360.15
1037012,150.52
1458256,117.48
1280912,99.42
1082299,84.45
1300140,103.79
1397931,133.89
1428482,80.96
1229001,114.41
1067710,125.37
1181286,179.4
1412408,251.91
1407485,121.22
1071259,203.36
1131716,19.74
1214421,33.87
1114189,27.77
1323156,56.43
1000698,239.94
1031474,125.77
1247248,25.72
1023342,21.43
1188121,31.47
1286899,95.01
1349711,180.46
1091327,197.39
1176395,64.98
1248828,44.58
1040307,174.29
1329740,96.26
1265965,213.24
1375031,951.53
1336230,433.47
1109216,370.08
1223819,50.62
1184220,131.26
1351227,83.57
1291104,415.79
1499951,408.27
1389163,602.39
1457331,178.91
1018331,120.76
1222327,183.0
1380095,237.11
1186135,281.26
1091750,690.64
1474529,37.56
1336163,34.47
1463362,82.26
1280003,107.17
1119159,91.71
1067474,66.26
1317791,30.16
1126189,52.23
1374875,368.65
1498800,466.45
1377853,183.27
1418509,35.91
1384132,39.01
1152757,190.17
1290442,264.22
1010856,321.38
1054292,74.42
1014398,85.74
1262731,100.12
1036243,148.73
1004828,169.31
1388536,246.94
1350424,276.03
1137631,292.59
1381527,215.36
1161738,104.27
1308325,118.35
1202718,135.85
1478119,35.76
1328690,83.14
1346361,80.44
1332266,202.28
1356772,159.18
1084390,279.73
1419232,624.98
1387470,122.52
1478089,152.39
1331292,121.07
1430739,386.6
1105500,379.86
1249587,541.33
1207278,48.12
1067443,81.03
1016566,73.63
1378160,474.15
1497309,256.73
1370933,443.64
1481206,50.99
1369995,76.21
1350874,35.93
1112513,29.99
1147478,59.84
1293493,83.38
1387939,257.06
1191281,281.64
1092227,112.19
1178247,23.65
1169864,29.84
1174124,71.81
1278123,163.96
1075935,206.29
1220930,119.29
1219540,131.21
1055380,74.35
1036746,103.91
1022232,115.55
1010495,112.31
1023709,125.3
1462450,152.95
1120855,175.08
1418431,63.4
1219029,104.57
1482768,75.02
1229842,45.23
1206840,84.06
1235689,78.85
1410054,183.46
1119297,177.74
1283213,127.76
1392031,1159.66
1193249,644.18
1199568,330.33
1407293,59.39
1278568,171.47
1408531,145.32
1138267,470.04
1139258,446.08
1365049,776.41
1359954,134.86
1343500,108.68
1033638,157.36
1053043,868.82
1106036,317.75
1050509,773.88
1163652,80.31
1344265,60.45
1296395,136.68
1419087,164.87
1341606,140.79
1067990,79.87
1327243,32.03
1019442,58.18
1320284,428.41
1070518,449.74
1380607,259.88
1092204,33.51
1397944,23.71
1308439,33.09
1386250,214.84
1482059,267.65
1228987,323.68
1084363,66.34
1289081,74.84
1046120,125.95
1359932,131.87
1476808,172.18
1375526,216.37
1403567,162.32
1411725,132.18
1027074,232.56
1319750,221.37
1488452,175.89
1183310,58.49
1060365,125.56
1203758,80.08
1359579,229.12
1250165,180.61
1118053,231.03
1425692,177.51
1163765,166.68
1024239,76.78
1427043,53.55
1394487,167.68
1366235,99.06
1230705,126.62
1385760,253.88
1155221,147.47
1357947,104.02
1155845,70.7
1284871,99.17
1285681,253.59
1313628,188.92
1003559,290.37
1085143,16.77
1279269,24.35
1491362,29.27
1296050,17.19
1027560,52.12
1109062,48.85
1468070,40.98
1301912,25.82
1372452,109.58
1216295,204.76
1080428,541.61
1275455,282.37
1200217,109.02
1162284,166.75
1409553,185.76
1392715,148.01
1315760,107.21
1097710,45.02
1285179,53.77
1273296,37.84
1050702,64.56
1094193,35.06
1072878,100.18
1252201,94.31
1016160,325.08
1345970,325.18
1183200,165.92
1243332,242.71
1440017,227.18
1155554,126.1
1120774,44.48
1395698,87.55
1441706,62.95
1288355,139.68
1451370,123.38
1010337,274.74
1030428,78.51
1343272,89.81
1294240,116.93
1244960,275.5
1050471,221.76
1271361,410.48
1131135,93.11
1330314,66.06
1236942,68.4
1484447,112.77
1317781,50.32
1471097,161.57
1064015,55.46
1435998,66.11
1222345,58.08
1495290,313.56
1261324,371.89
1149711,151.64
1396438,21.58
1379374,46.29
1289334,17.55
1332404,88.46
1182176,116.91
1405603,148.09
1248698,177.13
1011799,143.61
1123469,84.53
1023318,110.0
1483716,175.74
1162607,113.26
1157714,35.06
1406254,76.19
1468021,50.59
1357828,167.46
1248120,162.68
1480346,103.81
1007010,228.73
1329627,163.76
1401957,89.27
1296576,58.74
1335313,124.42
1416727,50.31
1272292,213.06
1441262,376.48
1151463,303.87
1337790,113.77
1476136,123.92
1443795,89.06
1272200,203.32
1442250,254.66
1401517,231.09
1006041,30.25
1329309,30.33
1406291,48.0
1267181,43.41
1319608,42.89
1425375,38.71
1288009,40.3
1226314,104.81
1189123,485.52
1394268,160.03
1466259,22.13
1090500,108.35
1478055,120.83
1129935,155.71
1070032,115.75
1136100,109.79
1378063,73.64
1399751,53.74
1423195,20.43
1121665,20.92
1225337,36.55
1407149,128.41
1442808,53.03
1074323,483.0
1148769,456.99
1313849,200.02
1209585,1526.21
1278748,380.24
1093376,451.55
1007123,172.0
1473365,451.61
1416330,333.33
1115570,862.59
1301735,1034.69
1406384,1237.14
1117969,168.59
1259030,205.18
1167748,235.25
1353953,1769.34
1340614,961.19
1430093,1680.41
1226033,229.58
1186038,200.65
1324350,161.5
1341057,185.08
1218304,320.43
1007165,68.07
1023051,301.56
1408479,136.78
1363746,158.48
1051229,733.27
1246221,1013.2
1249794,418.43
1415662,86.24
1047566,19.1
1175187,78.82
1261268,440.54
1211204,701.69
1196393,631.8
1324708,81.71
1249911,72.99
1444677,56.6
1438339,173.74
1006845,336.36
1461548,602.44
1057669,384.96
1066575,446.58
1359065,391.92
1076099,462.85
1008635,568.28
1110869,486.43
1311681,151.96
1472243,334.81
1079476,232.35
1026935,406.67
1367247,369.72
1474729,308.68
1406711,492.79
1352093,151.5
1464644,183.51
1056398,29.16
1058284,169.25
1310702,106.01
1275186,435.7
1115062,374.82
1369730,427.58
1441255,298.51
1009158,230.02
1439087,321.54
1101076,286.97
1385485,344.34
1381756,511.67
1163817,38.8
1034901,40.22
1365266,28.99
1491765,22.01
1331278,33.23
1387243,30.9
1059770,422.54
1411775,272.57
1237309,192.02
1279987,71.64
1230317,58.63
1471457,125.18
1421988,121.65
1242095,121.41
1123773,117.67
1486238,127.83
1106874,251.89
1043439,236.85
1135306,158.98
1213221,138.04
1293359,155.58
1488237,22.24
1215569,39.17
1364047,37.13
1222795,25.53
1064545,78.46
1446086,41.12
1093571,389.09
1418371,275.57
1182114,269.75
1054723,668.5
1182446,386.71
1253839,258.99
1139142,172.77
1320721,524.26
1134128,597.91
1424653,592.7
1254550,105.21
1163284,133.71
1314335,228.34
1338319,440.05
1116418,542.97
1035513,498.46
1461518,14.4
1441342,14.43
1480348,14.26
1306511,42.05
1465566,32.66
1375422,36.63
1011397,78.12
1206239,34.89
1086612,23.78
1097994,674.23
1147117,546.9
1334266,130.82
1365715,26.01
1162136,143.63
1428806,163.09
1175819,138.6
1254869,102.17
1311140,88.22
1324215,120.31
1007982,89.02
1230711,180.38
1314655,232.77
1435749,277.37
1430121,185.71
1455053,153.85
1406102,64.62
1290556,73.49
1201315,37.69
1130404,60.57
1379722,43.41
1146684,600.78
1131405,435.02
1216649,301.67
1391689,1922.87
1055011,1334.37
1183543,634.49
1451107,143.02
1456388,372.41
1178756,304.38
1159595,936.86
1444143,1047.92
1371429,1401.55
1466318,158.84
1330248,162.42
1215795,283.28
1335631,1801.18
1242295,706.18
1242991,1609.25
1209194,99.87
1148243,82.4
1181156,70.46
1316171,97.23
1145620,285.28
1385807,66.36
1025160,80.61
1448322,112.25
1299696,120.81
1431695,827.27
1093507,907.25
1068143,304.72
1262949,42.27
1111725,60.66
1461971,618.65
1364620,1030.82
1415079,981.15
1341426,122.74
1080375,136.89
1158488,107.0
1212302,225.19
1087492,309.5
1472309,537.03
1238649,293.73
1202195,370.47
1482606,361.13
1028580,337.86
1051268,395.19
1379128,265.62
1013539,79.51
1129761,244.45
1411004,244.02
1435247,497.39
1380455,475.21
1265343,643.98
1135738,706.17
1011038,647.28
1137846,374.55
1399251,43.62
1440074,118.82
1000734,88.59
1414810,313.69
1381179,355.44
1350790,543.47
1190444,171.78
1486912,164.16
1236391,211.22
1178617,687.85
1285948,257.34
1262305,578.26
1321124,139.77
1477230,103.81
1474968,100.8
1358159,88.53
1493346,377.54
1316177,310.46
1098457,170.52
1325326,43.41
1252764,75.57
1130890,526.55
1445592,964.86
1267495,655.39
1382259,30.26
1156755,51.94
1491082,33.55
1103558,254.64
1338037,193.27
1094930,449.16
1386365,280.29
1304381,221.33
1351937,190.54
1328548,175.21
1371269,129.07
1002309,172.97
1471282,35.64
1392767,140.37
1019682,115.28
1457769,369.96
1300407,318.05
1068011,327.49
1127745,237.71
1275300,194.52
1031756,82.81
1276549,53.16
1056144,117.81
1345960,78.49
1026590,128.54
1230216,347.49
1493066,178.62
1240971,110.48
1076123,116.9
1116856,401.28
1106834,396.35
1430745,260.28
1142733,18.92
1332561,25.82
1065027,38.37
1288625,47.21
1100005,39.78
1316879,41.35
1448339,314.57
1448283,1031.6
1230100,840.42
1150331,15.55
1233710,217.35
1244549,185.51
1011274,319.6
1366995,102.93
1155338,100.11
1431889,28.46
1411042,30.68
1373635,55.49
1365958,181.69
1263468,157.18
1147836,955.83
1312260,755.12
1108274,266.69
1152196,362.96
1174520,631.91
1311644,143.47
1282792,84.73
1313863,45.3
1116853,249.59
1117345,249.84
1142841,249.17
1346851,142.16
1202683,134.11
1286305,190.44
1207997,252.5
1075761,232.63
1442400,185.51
1313185,43.68
1313557,66.84
1461090,45.23
1262107,37.7
1043719,19.43
1172039,27.33
1382652,133.0
1020208,259.75
1253644,54.95
1339071,79.24
1320094,120.79
1117970,90.73
1068151,259.9
1458189,246.37
1154829,133.03
1441375,46.66
1027883,22.67
1358903,27.37
1297394,41.22
1065989,35.87
1364660,397.56
1277097,592.6
1157917,75.82
1482136,500.66
1491979,373.04
1491117,110.54
1206646,27.51
1208274,82.14
1210738,55.74
1328739,349.11
1151568,298.59
1179600,545.15
1350474,114.89
1249578,221.82
1141830,324.44
1066784,346.68
1135133,302.7
1045471,362.43
1239437,61.9
1412957,60.88
1256148,54.3
1150723,39.3
1458025,154.82
1208584,88.56
1052913,29.66
1342834,30.98
1427122,38.54
1307634,233.12
1483134,453.78
1008294,297.2
1127039,25.03
1205295,26.76
1216979,123.75
1213601,198.04
1124300,281.65
1400990,112.44
1206721,225.19
1154185,148.93
1051019,36.86
1035942,34.99
1120418,85.37
1000557,23.9
1159957,98.84
1281230,96.57
1492825,290.07
1364359,297.31
1144162,249.8
1134852,1587.01
1179517,883.3
1000505,229.76
1301184,36.01
1206831,84.09
1008616,580.18
1429552,580.04
1139647,863.44
1300817,110.92
1119648,102.7
1255638,174.34
1096780,372.79
1148826,236.17
1290989,662.28
1442329,93.95
1421415,64.34
1394355,85.99
1375025,89.38
1103636,74.33
1435514,69.58
1344879,47.11
1026319,53.61
1432633,568.53
1092417,370.43
1040695,172.1
1142017,33.47
1123939,39.34
1496055,36.79
1361083,206.59
1292002,147.21
1476709,188.04
1318219,84.69
1121990,97.43
1409644,95.9
1442958,132.28
1210181,162.87
1246412,367.59
1113679,217.23
1178941,231.83
1407215,139.78
1137755,77.27
1101359,325.53
1389483,265.59
1446950,24.13
1331883,83.86
1220066,91.24
1430629,248.11
1412405,220.52
1445691,235.44
1233603,439.96
1081183,266.18
1390416,102.67
1161610,23.83
1029722,493.47
1408190,420.67
1358481,675.3
1362659,102.03
1374651,121.05
1473048,178.8
1159448,500.14
1095885,271.44
1152927,803.94
1263486,76.8
1361892,41.31
1180295,31.6
1461189,34.91
1352516,29.43
1203135,28.08
1412137,23.55
1348312,34.27
1117178,628.85
1487661,468.72
1052291,352.11
1346673,28.73
1482270,134.93
1195731,110.32
1170403,140.87
1260429,226.34
1380448,168.54
1288681,192.8
1121882,101.97
1297507,173.74
1249247,203.49
1368716,212.13
1093831,186.57
1190515,110.05
1412193,49.49
1266638,124.51
1281895,70.39
1263331,34.9
1496385,99.71
1472881,87.95
1174789,154.88
1449484,186.08
1434557,174.2
1241213,346.02
1099698,106.88
1288833,109.19
1279473,119.16
1374095,476.18
1195279,701.83
1285467,275.88
1200473,195.42
1288556,90.56
1135583,145.62
1352318,656.38
1141415,549.55
1416778,608.25
1251736,17.23
1256829,19.22
1497598,42.82
1200754,22.59
1155627,49.25
1257467,40.05
1010451,34.45
1304851,309.95
1144211,1092.83
1275541,285.59
1333903,14.42
1273355,24.97
1077142,71.78
1213834,57.43
1394157,110.37
1246247,78.02
1262361,112.68
1288241,163.38
1008853,269.07
1386984,327.34
1039343,144.8
1457066,132.08
1417619,114.22
1221942,65.53
1492708,33.86
1260284,33.15
1005493,36.33
1097238,164.91
1389098,154.0
1239205,374.88
1142402,315.43
1187987,862.31
1277790,320.3
1129722,442.64
1292372,178.44
1083272,44.68
1210694,101.24
1175781,131.69
1370401,322.23
1048369,348.66
1199378,83.07
1443132,57.82
1437968,129.0
1435862,314.37
1301525,187.87
1300490,478.35
1155251,52.94
1066976,101.91
1493943,61.86
1376854,71.88
1331984,148.89
1325754,109.9
1317080,26.2
1083560,36.46
1231111,38.92
1011124,216.96
1321197,460.29
1370181,233.73
1449954,32.33
1435671,106.65
1081672,139.95
1341179,277.21
1037357,205.21
1453346,122.99
1129402,74.31
1356694,101.03
1095297,156.56
1005508,187.07
1040476,53.54
1274638,140.08
1130738,111.82
1234863,302.17
1004425,294.89
1248791,131.85
1416624,1396.82
1168965,605.27
1080688,393.84
1237764,203.92
1085489,157.92
1310818,690.45
1469088,683.28
1330889,923.58
1451006,135.77
1199888,167.81
1456099,213.99
1238994,930.1
1233434,447.42
1418277,1048.39
1437367,151.31
1266827,111.28
1059366,109.59
1005997,59.58
1072243,98.0
1487987,67.32
1179844,83.28
1478638,83.0
1126519,543.27
1097376,773.11
1322240,368.36
1353828,31.11
1095697,40.25
1195929,67.15
1075296,78.86
1126645,180.83
1387808,204.09
1299335,58.16
1190579,98.0
1238279,42.55
1281060,127.94
1255725,203.45
1086034,489.59
1222068,274.13
1445345,254.02
1346505,188.22
1321003,179.37
1484787,217.09
1120747,211.53
1107889,33.84
1063781,177.69
1069635,157.34
1362909,566.82
1160528,266.45
1071583,364.89
1081273,484.45
1301120,316.83
1252819,204.06
1450030,50.79
1357284,108.85
1046795,99.73
1135179,241.43
1292184,318.4
1236684,317.58
1312208,119.91
1221279,99.66
1215254,78.52
1160460,511.57
1433007,244.09
1473093,498.89
1136868,57.51
1353423,53.31
1231192,201.43
1025759,107.48
1331967,48.83
1152714,44.07
1347861,49.53
1434386,295.85
1496234,517.64
1192419,220.47
1489440,46.75
1432777,42.36
1444293,41.01
1238059,176.38
1037656,193.8
1225810,207.36
1181074,65.57
1137669,117.1
1020431,96.05
1423125,91.28
1297694,108.06
1276959,87.01
1374169,42.67
1202772,104.46
1036821,116.53
1249229,246.18
1468668,259.07
1080511,178.7
1453211,108.87
1216199,112.98
1298007,33.72
1286555,87.09
1405233,197.87
1156240,234.83
1247979,194.04
1323764,74.65
1323389,167.37
1337295,150.14
1078113,236.53
1354222,440.48
1005910,295.94
1204525,22.83
1136587,26.7
1183839,27.16
1097913,16.21
1289506,24.54
1467938,269.56
1102366,383.96
1104329,163.65
1253823,107.19
1335558,166.14
1309171,271.54
1299132,73.66
1476668,112.24
1018667,152.01
1030392,113.91
1200823,110.52
1369039,112.09
1086847,32.52
1109486,40.21
1325405,28.11
1331264,44.94
1427058,35.95
1336172,314.37
1255751,126.31
1320682,204.54
1141103,1519.0
1183358,917.02
1384513,373.8
1143313,158.3
1253248,784.58
1142409,829.22
1267250,1119.0
1479265,103.2
1203571,149.55
1478474,156.42
1028746,1009.17
1178203,519.29
1385350,1008.56
1074938,125.44
1267774,133.44
1022228,159.65
1211769,52.52
1119491,116.8
1033015,39.07
1029041,93.23
1146955,143.28
1299017,777.86
1260005,548.88
1203568,292.96
1120980,53.45
1165612,57.3
1075641,120.59
1236863,205.34
1393900,224.26
1119480,181.78
1294669,237.04
1334537,73.36
1035256,178.31
1363056,216.07
1329993,433.0
1050349,334.95
1311264,334.03
1339810,354.45
1264183,238.62
1200866,279.71
1161315,308.99
1476020,296.12
1123496,224.09
1099298,449.43
1313206,618.7
1468053,249.42
1093227,1478.12
1183936,500.63
1263387,428.01
1065834,61.43
1443402,212.86
1040533,185.41
1057544,814.64
1461408,795.28
1359630,1301.45
1057310,161.47
1227990,154.27
1453454,168.45
1348678,1412.61
1171835,532.21
1329067,956.41
1214967,72.02
1360876,128.59
1487084,62.24
1476159,133.55
1185623,63.13
1401622,89.64
1150515,22.51
1353711,513.98
1300105,735.07
1050801,265.71
1205716,32.91
1084245,20.97
1323798,42.74
1495866,350.26
1126990,451.07
1382069,553.07
1206071,143.8
1156187,137.72
1446803,138.75
1049695,137.27
1323061,176.99
1339909,285.11
1135487,310.26
1000100,314.5
1388671,240.59
1047271,256.19
1430895,232.5
1191523,185.54
1157697,215.88
1158465,197.22
1347027,428.52
1241427,565.56
1188841,343.95
1181575,1195.34
1316314,529.39
1082441,307.23
1335660,60.65
1168297,85.11
1213229,59.72
1437313,290.31
1011793,544.01
1376105,441.06
1056546,168.28
1086686,262.14
1483804,154.72
1484346,421.1
1065215,241.86
1191886,464.28
1018412,84.0
1130199,64.48
1388783,56.67
1114069,93.42
1097480,134.57
1254831,152.72
1356261,29.29
1169758,58.14
1047398,39.64
1108942,353.37
1395990,591.1
1447928,310.83
1162538,32.46
1298962,62.96
1451782,159.8
1258001,190.35
1301416,156.51
1160983,324.44
1103189,177.14
1432687,131.75
1454944,140.55
1251515,60.16
1407082,233.19
1375055,36.07
1140780,246.11
1390190,353.81
1483577,514.22
1310234,364.08
1324612,283.87
1318087,375.88
1173141,341.95
1269934,140.46
1442947,44.39
1233406,124.85
1490422,211.84
1228255,284.33
1324289,334.62
1044544,121.32
1415178,161.02
1083391,161.98
1390665,411.5
1343682,248.07
1420269,376.81
1067445,94.53
1331472,66.4
1174767,114.81
1066841,43.8
1196664,91.66
1470329,91.4
1257230,40.08
1395065,36.27
1013425,48.2
1494636,333.93
1085476,600.05
1326219,344.99
1363457,31.39
1003155,140.87
1104556,233.45
1379985,231.91
1342457,90.67
1008710,112.61
1418705,83.55
1333430,52.47
1186546,60.75
1239269,130.75
1388725,44.88
1462832,187.01
1072966,148.77
1197083,360.13
1107959,445.27
1481223,201.21
1305518,1886.53
1091948,1257.75
1423856,691.4
1135243,144.2
1175893,478.15
1180816,332.56
1256510,859.76
1306222,1078.83
1089615,2770.8
1059966,116.65
1106408,125.2
1337824,243.69
1096372,1837.76
1493967,994.34
1464047,1797.32
1232736,273.77
1310626,298.74
1152557,142.68
1470108,323.01
1083732,395.73
1340571,206.57
1001888,109.84
1190892,142.82
1412578,63.6
1221774,1079.77
1072628,1094.34
1418345,512.34
1163110,91.84
1482208,64.6
1126214,97.35
1140966,433.51
1124593,637.38
1326921,636.62
1199659,191.29
1115764,211.69
1338613,187.58
1262678,192.04
1135607,236.24
1239466,703.06
1185120,428.78
1116326,490.16
1084274,495.74
1001605,961.78
1061234,543.88
1327015,402.84
1081244,120.23
1056311,401.65
1231953,801.36
1315567,397.7
1023338,465.17
1368801,454.53
1365321,828.45
1434395,591.02
1060668,218.99
1412851,38.62
1389584,103.67
1047653,93.98
1368824,432.13
1062138,567.1
1080771,951.85
1265021,108.86
1162076,172.36
1033851,205.63
1164529,228.37
1164851,236.69
1407686,503.24
1239126,36.14
1004611,31.79
1271171,138.76
1029230,43.28
1152216,46.73
1245895,45.9
1006231,418.63
1174973,380.03
1399815,229.29
1374612,30.51
1480121,243.09
1002209,526.66
1278108,457.74
1462180,30.18
1184629,32.28
1046603,80.6
1250767,126.08
1309641,166.86
1244370,273.92
1122567,263.66
1196992,161.74
1313003,149.11
1128343,109.07
1288977,74.88
1129132,187.97
1095953,171.1
1052493,178.83
1218935,192.64
1015407,202.6
1431361,2087.77
1485965,680.47
1336922,528.54
1132112,91.93
1005220,379.31
1004022,398.46
1279884,906.67
1008750,878.07
1105224,1756.25
1466321,139.39
1280185,144.73
1457965,304.32
1244417,950.25
1131919,735.19
1451317,1258.33
1104883,148.9
1175655,161.62
1189952,142.26
1000304,163.71
1461295,441.21
1120717,152.52
1493281,49.46
1170498,157.75
1383931,66.31
1327670,648.59
1343332,866.47
1236270,383.72
1400678,57.68
1197290,39.45
1401748,67.86
1248165,562.59
1230061,693.12
1181642,600.15
1329876,114.74
1405583,114.66
1276334,91.98
1292794,186.47
1106071,257.12
1335860,424.66
1443203,364.4
1266589,403.96
1188906,297.72
1096891,365.94
1205809,402.24
1439307,256.93
1179169,107.51
1045963,292.83
1429094,817.73
1311865,418.23
1080373,499.36
1399350,340.87
1311554,383.29
1110818,248.7
1303018,127.42
1174742,41.83
1349833,106.19
1332264,53.22
1172547,191.78
1202092,228.24
1409437,225.76
1038905,105.06
1157152,107.97
1185911,123.82
1109479,287.46
1155822,208.58
1406614,395.09
1286531,82.37
1027999,42.63
1193741,42.85
1241441,57.23
1315121,69.66
1497710,86.51
1349802,22.53
1333857,30.96
1365192,24.58
1284213,257.14
1172386,578.72
1268959,313.14
1314764,111.57
1076504,172.2
1180513,234.12
1441078,107.86
1309464,99.29
1176713,66.29
1375565,55.16
1304798,30.62
1215467,67.45
1180354,35.23
1411569,168.78
1173022,146.71
1067126,273.53
1284763,318.61
1467408,200.81
1010693,372.21
1492072,192.98
1261641,64.94
1154519,25.66
1284522,86.88
1128146,74.46
1361785,134.15
1097103,185.14
1184517,277.58
1166644,101.96
1322713,83.86
1333349,222.02
1122674,289.51
1085876,127.03
1167618,245.18
1099209,36.9
1445899,69.75
1419759,27.52
1194935,35.25
1443388,26.35
1133418,178.11
1451491,401.31
1391487,192.84
1346923,19.92
1091512,21.66
1236380,88.52
1365007,159.86
1234609,135.41
1255211,102.92
1196064,153.84
1049627,53.07
1171254,47.23
1440868,43.53
1158633,49.53
1432911,38.72
1359292,178.96
1420948,134.78
1444309,205.64
1205357,184.34
1313355,136.79
1452010,349.84
1299770,195.84
1255054,81.3
1229099,140.67
1176972,161.4
1328253,244.65
1312682,428.85
1328174,450.43
1227077,146.61
1437393,122.8
1471676,136.0
1036444,768.67
1136324,302.08
1036028,848.62
1086341,111.41
1013266,111.74
1452051,110.52
1102454,140.3
1328928,313.56
1363133,286.01
1238113,57.59
1244122,125.94
1302369,65.55
1141719,689.59
1418192,549.53
1025362,321.49
1010063,70.77
1271876,37.97
1243764,63.62
1154773,129.48
1217617,221.77
1457179,212.63
1149983,196.48
1442399,100.36
1023820,167.36
1261421,156.53
1152408,171.24
1322672,229.49
1219542,88.02
1258790,375.55
1184081,600.21
1033033,566.05
1009025,368.22
1187131,178.12
1490092,127.65
1044947,119.57
1401482,73.04
1401300,26.07
1040108,75.75
1072145,170.04
1167505,306.57
1432844,218.16
1360840,262.36
1281317,131.73
1394720,176.21
1123472,257.63
1335875,222.1
1191021,168.37
1062946,24.94
1379038,25.72
1086068,147.07
1209675,336.84
1273528,139.2
1052283,20.76
1488713,113.11
1317965,126.48
1334338,157.37
1495749,109.17
1155113,126.6
1324217,50.56
1014713,29.06
1068923,80.97
1199511,74.07
1226738,379.27
1057805,455.31
1337331,160.91
1031825,344.5
1091303,230.41
1299647,94.56
1339600,28.14
1270524,80.81
1069032,58.8
1029112,157.45
1185619,227.5
1208062,235.57
1218491,120.35
1411585,86.46
1280994,79.0
1477029,282.07
1150426,187.69
1291788,174.73
1123687,64.62
1385315,40.21
1273428,38.71
1091779,106.71
1433165,123.04
1233695,15.45
1226109,17.22
1289617,82.61
1086173,141.28
1136649,146.86
1222683,174.82
1165390,52.24
1494991,124.75
1303527,25.99
1332894,45.15
1375519,18.55
1389119,149.06
1337508,119.55
1413955,203.76
1311154,225.45
1150198,112.39
1217709,875.23
1323085,271.54
1320784,326.72
1272917,155.12
1377468,101.2
1307337,388.69
1001035,629.43
1289384,1095.2
1432923,149.94
1374160,168.78
1014486,260.58
1297521,352.0
1150968,473.82
1105889,585.23
1374518,86.45
1372056,64.3
1115289,46.91
1218455,40.27
1428660,52.36
1111529,48.69
1080313,54.81
1045201,36.94
1125057,357.3
1004679,512.18
1008058,159.34
1402186,24.48
1159072,33.81
1158436,231.6
1335272,240.42
1069529,217.16
1123940,128.51
1216221,107.36
1261401,89.5
1075510,115.69
1312582,149.5
1325177,187.22
1190687,287.22
1041996,220.06
1494281,233.57
1396001,196.53
1233931,138.62
1209078,76.91
1433984,46.76
1307281,388.42
1411927,107.91
1092679,252.44
1024773,299.23
1098852,305.55
1141881,647.93
1209119,371.96
1240215,317.62
1426530,143.91
1095528,458.83
1320803,509.09
1352358,531.75
1151293,159.55
1184545,182.49
1334503,221.15
1115185,259.41
1285953,354.81
1149701,425.79
1393708,33.37
1383287,26.47
1360039,28.8
1006359,16.76
1403211,49.13
1031284,19.5
1119679,21.04
1284106,31.6
1034605,474.22
1181140,851.33
1395629,402.32
1379420,24.63
1251743,21.14
1288029,39.46
1473188,60.84
1367645,23.35
1413911,139.5
1159801,39.93
1210701,32.66
1119698,44.93
1332210,170.67
1411131,178.63
1069729,278.8
1314022,46.8
1397183,152.51
1202918,108.46
1218200,40.53
1105075,79.32
1036017,49.84
1369119,31.01
1387667,196.44
1403654,164.12
1165494,390.87
1420906,369.15
1420945,527.17
1231951,378.44
1452283,201.45
1361853,221.9
1463031,32.96
1388951,102.46
1280859,138.42
1346717,177.69
1061824,220.88
1006298,81.65
1427842,64.84
1128401,84.15
1265739,278.73
1494433,250.51
1321396,545.28
1122277,80.09
1152696,77.51
1340194,69.03
1357744,55.83
1300078,85.52
1421593,199.46
1016202,32.86
1113687,72.46
1073000,48.91
1194071,331.72
1092325,453.39
1070305,193.91
1258363,44.06
1316698,27.46
1151283,35.91
1483303,91.43
1384836,132.95
1226194,169.32
1153428,121.85
1198100,108.46
1416107,102.02
1441608,85.93
1448657,58.88
1030152,148.89
1179248,51.04
1045075,174.38
1041492,198.67
1355682,299.62
1479870,322.13
1326830,87.05
1238168,1012.27
1171800,471.64
1124674,217.44
1164972,47.69
1143333,106.83
1011658,61.53
1064374,155.42
1279043,357.47
1396311,475.35
1394547,166.7
1077761,163.09
1479383,208.03
1496500,617.31
1281991,250.92
1297893,666.2
1386801,104.81
1365952,99.43
1152086,50.59
1271829,173.69
1137861,192.28
1216539,16.78
1438909,55.58
1368104,33.58
1396732,435.16
1132676,513.0
1147729,324.82
1242371,34.5
1033446,37.43
1087011,181.62
1428580,213.16
1301833,341.35
1326094,285.76
1264988,291.86
1077154,240.35
1475592,93.68
1222986,64.28
1304997,138.38
1277631,38.23
1052107,138.94
1448417,149.96
1400085,323.03
1190020,377.24
1247231,272.05
1177870,237.92
1342526,151.23
1394193,69.72
1224126,73.87
1006444,122.17
1347953,202.78
1264026,210.64
1488317,90.77
1426059,103.22
1361559,113.12
1227980,184.38
1194921,118.56
1033540,204.67
1057352,32.57
1190878,26.56
1304436,71.24
1015274,52.72
1303079,24.52
1369451,22.35
1256367,21.68
1411939,172.07
1099178,376.35
1047440,104.99
1156344,20.37
1349813,19.59
1184487,125.33
1016228,130.75
1336471,216.87
1105467,87.09
1211232,77.87
1437773,135.67
1018666,17.24
1174577,18.44
1400533,31.17
1485489,156.65
1421265,150.05
1257824,245.85
1270197,214.92
1453725,88.36
1401705,1493.5
1266103,812.37
1197433,684.21
1301497,131.64
1116479,94.4
1445437,514.88
1272750,519.43
1239684,1025.4
1472327,86.39
1237389,64.89
1414652,115.82
1482167,951.87
1409591,419.98
1473384,738.44
1198902,147.11
1269940,132.7
1478820,176.01
1488358,206.94
1143995,162.44
1066832,37.81
1391032,94.4
1367690,70.88
1130577,581.02
1473197,520.51
1076706,263.4
1276290,63.98
1443284,68.48
1458481,210.83
1018827,226.49
1203063,137.0
1125357,118.47
1271798,60.32
1206576,36.8
1297029,68.01
1214610,201.77
1049598,316.02
1154039,344.31
1249298,263.59
1104104,218.39
1180088,259.17
1456519,323.88
1336457,305.2
1342696,109.85
1049974,154.49
1420298,52.21
1007605,351.05
1333331,366.27
1174028,243.96
1396043,1020.23
1147970,343.35
1049835,298.38
1287808,158.23
1458704,99.33
1058279,662.71
1445467,714.43
1161731,1667.07
1435821,226.35
1444705,240.54
1322369,243.17
1482011,494.04
1446692,491.31
1272693,693.78
1062944,68.73
1152740,65.85
1094183,23.02
1044940,30.2
1006018,23.81
1152665,63.35
1037684,31.7
1459823,659.78
1431673,401.55
1484069,171.34
1067964,32.03
1237099,41.96
1021695,133.27
1083295,127.49
1448564,24.1
1341586,136.94
1177231,65.15
1142162,49.95
1015148,178.01
1011186,209.13
1100074,182.2
1298238,357.83
1252968,454.75
1295495,165.57
1341593,118.24
1417088,221.74
1244089,164.13
1209426,25.9
1178881,441.31
1256019,117.87
1367101,261.34
1294031,291.55
1393207,321.24
1143583,627.33
1328240,634.93
1479916,341.44
1401938,54.31
1019082,92.08
1161031,67.41
1214070,244.22
1361416,287.38
1284323,533.11
1107001,88.41
1157690,132.67
1490685,97.7
1012910,338.64
1197742,226.27
1320541,580.35
1336958,136.28
1350802,109.3
1453905,143.93
1158635,243.48
1439173,170.79
1124945,30.2
1181477,72.17
1328556,47.23
1100862,499.43
1182017,701.21
1428840,328.0
1024935,29.22
1415096,39.05
1421083,39.35
1303020,113.22
1359835,150.37
1149958,312.92
1199338,275.54
1412396,197.07
1298675,154.87
1101215,117.86
1336774,67.98
1470035,144.36
1131530,47.15
1161695,237.16
1000462,181.41
1295778,355.17
1343610,328.99
1454774,147.67
1278323,202.08
1042687,264.64
1137381,103.23
1067376,79.45
1482068,66.11
1317967,139.79
1204072,247.46
1235005,274.29
1286949,271.86
1133501,122.64
1278768,165.02
1480834,325.21
1426286,181.63
1094093,249.99
1396181,29.03
1223823,43.93
1492454,20.0
1201819,31.6
1181215,266.93
1032261,471.1
1301578,196.5
1157687,16.3
1093883,20.95
1079579,137.2
1004214,187.12
1197207,207.51
1135404,108.44
1363648,106.78
1289049,97.85
1358588,52.38
1025147,30.44
1143497,47.28
1196216,196.69
1141805,148.17
1028420,360.49
1008082,422.65
1203463,176.02
1392466,61.04
1177980,79.71
1129026,77.62
1420393,56.88
1286612,70.67
1012745,167.5
1316195,130.22
1336270,129.83
1173009,137.37
1000985,171.02
1358438,167.49
1098498,81.89
1139395,117.62
1428117,20.34
1208172,17.33
1192446,17.87
1325627,61.42
1005381,205.76
1349952,176.64
1430936,16.55
1225113,154.7
1423383,177.62
1034367,229.99
1437835,104.89
1219650,50.84
1003233,22.74
1001959,22.47
1203085,21.41
1318753,195.02
1349633,133.05
1093789,190.45
1268958,846.17
1397788,260.57
1324815,258.24
1043188,61.39
1110209,119.5
1285563,82.23
1405565,316.91
1437796,353.92
1455635,756.19
1072876,86.95
1281126,76.39
1107663,141.14
1027897,399.95
1043906,204.12
1237456,447.19
1434274,68.65
1190560,59.77
1103196,75.25
1189968,71.42
1171370,89.54
1464389,60.92
1226413,30.29
1119344,28.79
1462747,233.4
1409516,537.86
1088922,218.28
1094263,40.36
1395641,39.45
1413100,33.0
1232307,177.56
1204926,186.18
1366727,225.16
1295967,95.08
1131866,62.44
1186797,91.42
1110029,86.27
1253091,128.16
1153680,182.0
1494564,265.72
1278200,260.51
1083108,159.81
1233302,203.18
1022893,129.02
1228678,86.08
1329123,38.05
1199250,151.41
1357046,135.32
1310599,190.82
1474016,175.52
1247520,166.29
1380718,393.86
1395108,332.95
1024103,194.07
1383628,29.54
1142228,60.55
1471495,54.48
1076185,116.05
1290532,218.67
1438685,354.35
1142560,96.92
1391099,71.33
1310622,126.22
1358268,388.14
1366545,228.21
1355267,385.21
1269910,137.82
1150323,143.99
1474262,97.0
1107925,62.36
1091430,158.58
1337831,144.7
1414860,57.03
1325912,27.31
1424822,31.69
1333190,320.25
1030998,387.23
1146677,231.81
1143816,24.21
1057905,25.82
1041924,69.39
1018699,163.16
1004607,185.23
1314329,106.92
1229282,165.77
1070986,127.93
1047318,134.9
1292906,108.74
1185079,133.54
1214209,33.31
1021670,161.69
1014345,140.22
1488800,248.34
1497477,348.44
1349597,74.08
1089294,1680.82
1125205,1056.59
1340873,597.59
1407369,225.52
1226418,121.53
1319050,759.7
1199115,718.13
1027254,1471.65
1232746,98.16
1351003,113.67
1117290,215.71
1237585,1362.78
1477386,572.45
1301386,1302.13
1391914,112.93
1155514,115.99
1040382,80.37
1219612,79.13
1030360,228.74
1354327,124.97
1298517,44.08
1239910,136.25
1171598,43.33
1391417,590.72
1046430,1012.0
1217757,252.74
1203469,39.65
1357556,31.27
1461455,48.55
1184561,446.41
1209472,549.39
1192580,404.38
1474084,121.12
1487287,140.37
1164193,111.42
1109602,84.05
1443392,148.49
1320629,388.96
1342379,293.77
1498006,396.82
1347818,202.51
1305267,276.9
1087166,417.05
1076853,185.23
1305385,86.92
1079826,239.75
1104176,207.23
1175267,360.71
1378907,324.58
1012151,277.01
1270474,151.28
1131994,143.74
1450872,56.7
1471133,24.67
1165658,93.5
1217814,77.63
1443855,162.31
1407586,249.55
1088239,141.24
1387039,128.16
1067822,153.48
1471014,357.9
1242372,145.83
1363784,178.14
1179493,25.87
1462332,15.84
1028630,21.39
1384173,83.32
1010409,23.61
1240628,183.6
1418851,762.07
1359951,354.03
1411078,149.82
1287056,186.84
1440725,181.7
1056033,50.94
1396116,49.97
1425734,17.47
1090818,33.69
1191333,144.79
1414435,131.36
1146344,486.99
1460264,575.92
1266765,175.29
1082803,796.97
1431972,427.38
1230002,264.31
1402798,106.02
1356258,94.94
1212698,552.49
1486372,487.92
1443293,966.92
1324089,96.95
1171163,84.72
1056982,176.14
1279701,905.33
1397626,275.46
1326661,504.85
1246808,63.3
1006570,48.28
1427424,54.86
1393546,55.48
1058293,60.86
1001180,26.83
1407561,54.78
1344056,544.88
1198898,609.27
1114889,308.79
1318169,17.6
1220031,395.38
1162048,356.89
1178436,267.5
1313079,79.23
1265812,77.41
1039592,111.28
1218630,144.87
1079575,336.91
1000586,270.08
1429686,248.41
1230004,176.27
1452748,222.24
1078476,101.69
1234810,98.37
1333045,74.17
1234968,164.43
1219673,132.94
1352579,243.91
1185243,313.97
1100649,316.05
1139012,1000.79
1487534,279.26
1040523,268.86
1138941,46.14
1329060,117.62
1364719,481.13
1336659,428.4
1117505,885.11
1350098,108.58
1392380,93.02
1420772,163.35
1182139,563.19
1412054,276.54
1489178,651.54
1294662,128.23
1259517,162.51
1422858,96.28
1148515,433.15
1465748,185.94
1441382,54.89
1383402,43.98
1125018,51.57
1245505,486.5
1009320,646.33
1232901,211.89
1356004,49.63
1302236,36.86
1278894,255.55
1052757,366.74
1322060,337.7
1373882,198.35
1123593,184.78
1366427,160.72
1365294,72.66
1464131,146.94
1198611,234.81
1339347,241.48
1142883,244.43
1109675,218.98
1162252,279.34
1420537,251.99
1271253,194.45
1477134,51.35
1098625,230.82
1086137,195.33
1499690,227.98
1333035,222.19
1484962,207.96
1061620,74.15
1305904,78.28
1365197,58.43
1178853,60.98
1165037,140.08
1367023,77.89
1137267,118.28
1161659,151.02
1092440,127.15
1093380,348.71
1425176,118.39
1119688,109.47
1471786,21.1
1266863,17.64
1122156,18.78
1291641,22.31
1453686,29.11
1351721,85.77
1048131,844.35
1378323,321.14
1237518,144.38
1370913,195.67
1497225,215.85
1134227,28.05
1243770,90.39
1011398,40.88
1362374,24.07
1370332,93.11
1369916,101.62
1368442,483.1
1401772,479.03
1164969,171.53
1376822,590.45
1192752,465.15
1122553,164.28
1084167,82.42
1435856,152.35
1416232,227.19
1356384,504.35
1145535,431.29
1103003,95.53
1390893,121.88
1163752,102.42
1284180,693.79
1044711,297.2
1101385,808.05
1310135,127.96
1107165,111.45
1044935,104.49
1358058,236.6
1270763,287.76
1141498,39.52
1099098,70.59
1368689,88.44
1225441,465.86
1411973,568.69
1305327,165.43
1326015,59.57
1474663,70.24
1461176,77.83
1367817,135.79
1328212,254.27
1251250,292.19
1175249,136.87
1067334,191.21
1343496,214.27
1198628,147.26
1425780,178.79
1255897,380.35
1238740,49.13
1442104,265.19
1200505,355.96
1096571,355.69
1453406,355.0
1498862,123.53
1109460,312.93
1095250,247.07
1009945,207.8
1062744,19.99
1104740,60.28
1146902,81.75
1109325,156.74
1426497,347.54
1277432,331.83
1464202,172.98
1123580,165.44
1123130,160.3
1438654,217.62
1378051,303.29
1283089,247.39
1214375,39.83
1223519,40.18
1492295,73.21
1315808,21.03
1245081,21.7
1179359,33.45
1069506,290.89
1084567,309.38
1371893,55.91
1279696,110.76
1381048,163.5
1294243,130.63
1255299,184.32
1454713,60.94
1132414,149.69
1168582,55.91
1211490,33.25
1396054,54.47
1075151,27.74
1129512,89.75
1349156,80.06
1283403,427.2
1442597,597.97
1372560,115.89
1444543,1562.5
1317829,893.64
1129603,240.83
1302905,68.97
1478833,129.17
1037634,101.75
1133327,731.68
1145867,859.35
1132416,1718.35
1061066,137.14
1237095,156.01
1292548,207.4
1004539,867.67
1109532,376.07
1464786,836.56
1454798,124.85
1258488,84.4
1009681,61.62
1207682,112.13
1272815,61.21
1053250,31.51
1117835,63.57
1142259,52.95
1256087,481.94
1226927,497.08
1197065,169.89
1021476,23.33
1128443,37.5
1063994,92.35
1272093,94.89
1184858,84.29
1130424,295.21
1253795,386.03
1007961,156.31
1090108,151.91
1088502,239.67
1125260,311.4
1093130,250.93
1389806,237.46
1260387,66.71
1257181,97.95
1312562,156.14
1099461,74.86
1227103,45.07
1371677,392.82
1040519,132.93
1419824,250.17
1039816,274.22
1180066,270.53
1093777,357.4
1015607,270.18
1385551,65.72
1343850,99.85
1302699,164.34
1470456,385.28
1033891,261.57
1317953,130.84
1240240,113.55
1138618,127.0
1251353,366.52
1169520,203.8
1222203,391.4
1330506,120.79
1095747,77.85
1146800,84.97
1340138,119.53
1060804,146.61
1034507,37.06
1285430,50.03
1418621,50.84
1389242,212.89
1205005,587.34
1458426,356.41
1145845,31.86
1020336,116.98
1390749,121.97
1458502,224.99
1268836,161.41
1000380,143.51
1316849,55.19
1260616,64.91
1490597,47.76
1365659,59.43
1177200,26.76
1324304,224.13
1423013,168.75
1340752,228.17
1330625,264.75
1165067,164.54
1485963,441.99
1107378,589.06
1475322,164.59
1423096,38.92
1421652,99.9
1164085,166.78
1397932,259.02
1079065,429.38
1234680,87.98
1172167,273.69
1312426,94.25
1492844,225.13
1143346,170.62
1396501,277.65
1213006,68.15
1451834,54.72
1235794,43.01
1475191,89.32
1498268,92.73
1373847,33.52
1429177,26.28
1448932,383.78
1301394,538.03
1279507,260.12
1025507,25.58
1183926,26.25
1364798,131.12
1452295,168.14
1260568,241.27
1487099,145.71
1147881,141.17
1058707,124.38
1423621,124.55
1207940,62.22
1350667,56.24
1248758,31.01
1218300,212.55
1059605,168.3
1122083,368.99
1248754,350.09
1497978,200.23
1193020,417.89
1322847,247.0
1374913,184.11
1178707,50.95
1489039,111.33
1058034,56.54
1256130,336.72
1040412,472.29
1251525,214.27
1302552,196.75
1000405,175.79
1272624,177.63
1418951,383.73
1083553,110.7
1379614,421.98
1204248,68.83
1313512,56.64
1250654,23.53
1497104,43.59
1421623,30.81
1207686,254.44
1464581,300.8
1022560,122.02
1037597,36.87
1168775,30.74
1429336,118.93
1173733,157.32
1384661,234.08
1174164,134.17
1130340,55.74
1413242,77.16
1002128,63.44
1245306,110.14
1056566,44.09
1252353,138.42
1321307,120.16
1004124,182.44
1327188,308.73
1083831,79.77
1430974,466.82
1204607,388.34
1375533,204.9
1110541,71.12
1308693,262.46
1339671,238.56
1146493,322.5
1446291,140.55
1473600,128.87
1106524,120.58
1041891,165.48
1246866,98.25
1063833,349.43
1010170,78.73
1061389,47.38
1391427,48.16
1124635,20.02
1163908,61.25
1480946,96.31
1317106,44.0
1289609,206.25
1130721,324.14
1085675,125.71
1456089,24.85
1487852,36.68
1194326,26.85
1250822,88.34
1393237,119.33
1079005,182.84
1114401,163.51
1285141,172.99
1272957,149.32
1215779,75.1
1074009,53.12
1167678,95.59
1028514,213.44
1309758,150.86
1280261,257.52
1236341,183.95
1193107,138.57
1231421,542.43
1327609,291.35
1233349,371.3
1462748,45.6
1269584,108.33
1014996,114.15
1443779,341.39
1430695,380.77
1075490,665.17
1465455,183.25
1484197,216.61
1121116,216.91
1329859,234.25
1305683,263.04
1276788,334.85
1243216,17.86
1468809,35.9
1073152,43.4
1306776,28.84
1375783,385.58
1136080,306.5
1015385,98.32
1066076,22.55
1289065,118.54
1049699,176.24
1273859,89.46
1250917,61.37
1134217,90.52
1128791,57.41
1076426,125.84
1240821,98.63
1162484,198.74
1287294,176.95
1285677,133.71
1102290,61.68
1215930,91.59
1457277,26.92
1237362,34.45
1243074,102.13
1161777,98.52
1450893,316.06
1235684,136.58
1166579,205.11
1275946,526.36
1226462,254.12
1189141,244.74
1001431,137.13
1344123,82.71
1264101,292.27
1085278,335.5
1466159,557.25
1043464,113.56
1492522,98.33
1106674,181.87
1079406,355.81
1483182,204.44
1099585,292.77
1305943,46.74
1202448,43.93
1262049,59.03
1108913,26.7
1019053,24.16
1031572,34.07
1031727,224.76
1351498,165.0
1489607,238.0
1248197,33.62
1268765,31.87
1170120,185.68
1371644,221.88
1441584,208.2
1221116,60.68
1011312,73.67
1289928,79.26
1240530,112.81
1467823,167.48
1167321,269.5
1326759,260.48
1106911,148.31
1127586,187.49
1117230,122.68
1408980,65.29
1466637,45.55
1032676,81.85
1085342,92.32
1100472,227.86
1212272,196.71
1487542,79.2
1180280,555.86
1072664,163.09
1387433,150.64
1233924,51.31
1131911,141.92
1261584,109.35
1479677,295.04
1105905,417.69
1267000,692.88
1249099,112.92
1460320,113.75
1074993,330.0
1145990,435.67
1049132,562.56
1063015,63.35
1070294,60.43
1114529,90.82
1370194,45.6
1270326,73.97
1087211,68.86
1371275,53.5
1473338,194.66
1230945,658.14
1200793,198.23
1054892,45.42
1262561,37.67
1007490,128.8
1308751,130.4
1073589,189.32
1305397,97.01
1274216,63.96
1296322,69.22
1496799,68.05
1390124,108.54
1246387,177.08
1087532,169.92
1038990,163.83
1002997,109.29
1441462,128.29
1212479,146.14
1336379,102.84
1231107,59.56
1025208,203.23
1040724,136.11
1315060,226.33
1450801,329.97
1042128,200.82
1297462,137.83
1067689,197.41
1480247,71.26
1111610,26.28
1115458,73.59
1083245,157.72
1316588,206.23
1422402,148.95
1103872,80.65
1252476,108.49
1241492,202.19
1279465,299.94
1346600,102.31
1045529,155.38
1247475,26.1
1033602,25.03
1169805,141.45
1370143,587.88
1296432,185.1
1230218,66.19
1006102,129.33
1365140,119.2
1358351,89.5
1484593,16.94
1311634,227.35
1165626,138.17
1018556,544.15
1388114,443.11
1220103,173.03
1155339,421.63
1008164,242.06
1061591,129.69
1403371,24.15
1430621,46.68
1146539,59.67
1134494,123.58
1280679,194.62
1413584,224.62
1250015,42.34
1174617,81.18
1172903,113.75
1338433,270.57
1439329,143.57
1453924,387.3
1230360,100.68
1474539,51.55
1385434,70.78
1420768,109.87
1242843,94.01
1491297,21.98
1029994,31.35
1195450,241.21
1106133,372.0
1343078,200.04
1106605,22.59
1021972,71.11
1054087,84.75
1000916,128.62
1366353,105.0
1498867,75.5
1446240,119.31
1493905,71.84
1192604,161.99
1157900,187.38
1060922,159.12
1401083,148.2
1063131,69.99
1291236,85.57
1339975,408.64
1325692,330.47
1379965,230.98
1445518,59.46
1272125,135.1
1173218,66.14
1462601,191.38
1430034,256.21
1132325,298.11
1124041,101.78
1028358,82.35
1401741,99.15
1341530,222.55
1193266,191.37
1407952,345.26
1392239,51.88
1310990,58.58
1406214,42.46
1110969,81.91
1440940,78.94
1028809,22.25
1104430,32.66
1149766,37.21
1161152,309.52
1291371,598.81
1469310,287.69
1359583,27.49
1247499,26.15
1313529,98.47
1098128,119.43
1465531,178.24
1353011,64.02
1073089,55.2
1295773,48.11
1158717,48.47
1035147,37.18
1342863,84.56
1269768,47.16
1112092,181.75
1121263,145.86
1220068,274.78
1189831,273.34
1107821,150.9
1290617,173.93
1125510,193.67
1268748,80.55
1235898,22.58
1103804,88.66
1020219,63.52
1207242,210.77
1491093,312.56
1024663,233.56
1002342,194.78
1098095,254.02
1233877,283.64
1191246,323.4
1345716,204.45
1379599,238.0
1254624,33.04
1323555,30.83
1301996,18.41
1327864,28.88
1317099,136.45
1062675,313.17
1167392,120.22
1224019,16.64
1162956,26.22
1393617,93.03
1410139,135.4
1161585,151.82
1228744,170.28
1486498,153.16
1237006,100.95
1368477,33.09
1268989,24.77
1331468,30.81
1193998,87.69
1212172,99.25
1020427,360.21
1464987,334.8
1397410,169.55
1305831,296.15
1478418,239.78
1461833,219.51
1240501,156.23
1306099,97.51
1073500,161.73
1127933,239.8
1467236,192.74
1117229,93.52
1472745,82.76
1198136,111.79
1237283,405.5
1167140,186.63
1408325,292.96
1032374,75.91
1294006,69.11
1007549,24.6
1391878,45.12
1178675,65.77
1093994,26.49
1100173,26.74
1035285,36.94
1209006,143.78
1246267,507.2
1415208,307.87
1421985,26.46
1356088,40.49
1215618,113.74
1474247,174.94
1495102,190.09
1277463,208.55
1075062,164.46
1408601,64.8
1191405,36.16
1064291,53.37
1207427,46.49
1346348,184.21
1006361,156.63
1178992,284.92
1022032,361.55
1356978,115.82
1339194,535.72
1140639,364.55
1358305,297.87
1497364,73.93
1079291,112.96
1032155,72.49
1332928,233.94
1016607,301.07
1018139,412.96
1498588,138.65
1447715,136.78
1064474,147.53
1497299,390.34
1028758,194.19
1232226,473.71
1295932,79.8
1242979,70.91
1131973,99.78
1264900,159.9
1372544,175.61
1069977,34.71
1051497,27.41
1439868,34.78
1071157,295.38
1229991,468.16
1045423,209.15
1424192,37.7
1162793,110.08
1378401,100.96
1236537,186.59
1279865,118.78
1438196,173.97
1128118,97.01
1084912,156.63
1257133,179.66
1326260,298.53
1342245,40.69
1382993,263.17
1023106,282.7
1422156,221.37
1378172,270.14
1428499,142.03
1361549,1030.8
1447369,798.82
1499731,348.61
1477208,42.32
1224012,190.71
1476979,80.8
1388306,627.13
1320899,619.86
1182492,1423.3
1070528,164.7
1378815,172.89
1133192,403.81
1358297,543.69
1168617,482.82
1198452,681.56
1054815,99.16
1429989,64.59
1452920,67.07
1364546,98.56
1047450,39.71
1495323,26.01
1059102,45.79
1199788,55.1
1379979,646.49
1223618,517.04
1016936,145.55
1144801,17.3
1075666,456.04
1423546,654.02
1335791,509.56
1449596,62.19
1223170,56.42
1047470,47.13
1335462,179.91
1077952,205.53
1246739,306.72
1314848,304.23
1274066,356.16
1017736,277.61
1331336,204.44
1069717,95.7
1427960,80.22
1285901,23.85
1183120,421.26
1035322,542.62
1412987,472.43
1465065,304.59
1209109,294.78
1138520,364.01
1425904,333.21
1050233,155.56
1438123,29.23
1306697,113.98
1466488,75.82
1061294,524.12
1165400,203.31
1270455,348.94
1173994,85.31
1234906,46.11
1217608,142.37
1399546,289.42
1425432,165.41
1375742,344.37
1386971,79.02
1313903,81.5
1468046,51.62
1143434,93.36
1458467,224.54
1315614,286.71
1060379,29.0
1242551,59.75
1095364,38.03
1355864,184.99
1433846,407.03
1490375,168.49
1128032,24.97
1274803,57.24
1141401,95.77
1036619,118.93
1182033,173.49
1394734,128.55
1266882,84.5
1350266,139.97
1032110,124.2
1346305,91.8
1352022,159.77
1444572,45.68
1337198,166.62
1232183,159.51
1193500,217.3
1332522,98.1
1181307,104.42
1318970,233.36
1230110,205.61
1282678,123.44
1454906,41.38
1087230,100.34
1245072,50.16
1333259,267.46
1246760,461.64
1144722,333.67
1228809,121.3
1177855,135.85
1459200,133.16
1419376,339.75
1473748,258.8
1315244,279.0
1117852,21.9
1378735,36.27
1123101,66.17
1216042,32.19
1363824,52.66
1109184,142.21
1453938,675.81
1415863,270.48
1410274,24.18
1287636,202.21
1132630,159.78
1406271,270.25
1090704,102.44
1122982,134.72
1349996,69.51
1131800,21.08
1385171,35.83
1359439,30.09
1306678,212.93
1114122,165.77
1192330,509.41
1080130,488.26
1210263,413.69
1324577,468.98
1171672,355.1
1083317,190.89
1230585,58.45
1000085,103.45
1425828,69.28
1396429,279.83
1269710,404.62
1050978,503.66
1435716,244.92
1042953,241.68
1189914,239.77
1092362,305.5
1096295,323.08
1300682,415.06
1288816,74.27
1128198,106.29
1346627,89.98
1088156,49.65
1478834,50.21
1331594,57.08
1217675,276.36
1112700,403.05
1277335,164.48
1080700,30.64
1137982,34.03
1028104,37.51
1140032,142.14
1241891,185.03
1014522,242.21
1469891,195.92
1331921,86.35
1259451,157.5
1139069,70.11
1074410,42.15
1452537,164.36
1197171,36.24
1120175,223.27
1221083,175.78
1419813,394.11
1062617,496.91
1217149,158.28
1089050,641.29
1461365,202.46
1080756,253.7
1070930,106.9
1453915,113.53
1122163,371.63
1281556,276.12
1451474,522.98
1184979,86.98
1448200,95.85
1361626,137.39
1127302,279.21
1342786,235.0
1148097,331.31
1206446,34.27
1037296,31.26
1306781,33.21
1096759,75.78
1493504,64.49
1294035,40.87
1408322,26.63
1311230,36.28
1431143,30.01
1057122,236.33
1052429,356.49
1402786,201.04
1395805,26.3
1070689,27.57
1298419,29.71
1017228,108.44
1366050,264.75
1309302,155.04
1071986,61.92
1348808,48.6
1105017,62.17
1131156,80.08
1191506,76.79
1196940,162.08
1339825,199.21
1215288,175.29
1108597,108.74
1493433,126.33
1010862,81.75
1289902,83.55
1350450,30.84
1467669,199.78
1057838,151.78
1388713,170.96
1248955,322.23
1498604,167.99
1121810,748.01
1145363,520.16
1408791,226.22
1398059,119.63
1000890,91.32
1120392,421.44
1159673,449.86
1264986,869.66
1129548,195.04
1225380,154.98
1078271,202.74
1304517,314.39
1377140,367.51
1056871,418.85
1173936,68.62
1416956,28.06
1171152,31.64
1177426,60.32
1260705,21.72
1138702,36.89
1163092,32.64
1134672,642.46
1411709,671.39
1053624,335.16
1205375,19.06
1287103,56.18
1169085,89.9
1452470,69.95
1346931,92.39
1128636,80.58
1011007,152.15
1441671,157.25
1326038,265.42
1467889,201.0
1254304,202.09
1449143,159.11
1180721,59.94
1085409,74.3
1255557,23.34
1016231,190.05
1179779,149.73
1404777,302.29
1482667,328.3
1018043,276.48
1337116,2072.68
1366322,825.94
1394190,535.71
1408881,59.97
1269966,162.64
1027247,673.94
1431942,665.27
1053389,1604.08
1059676,88.78
1092508,114.24
1178026,279.7
1241259,1267.63
1068862,551.13
1366988,801.3
1229730,158.13
1057777,162.73
1417079,81.62
1485601,317.51
1111304,231.52
1252493,237.69
1348179,45.38
1267474,76.99
1325342,681.95
1260311,725.11
1113155,542.81
1140269,64.99
1315629,60.67
1471838,48.01
1260235,332.07
1463547,493.71
1453965,583.93
1271516,120.74
1418510,99.96
1209386,113.44
1495791,148.13
1303705,172.98
1126270,545.14
1233169,330.37
1018405,372.0
1145871,377.7
1013566,429.81
1311102,344.89
1274734,260.62
1318399,68.76
1208881,138.13
1057936,737.22
1330281,616.39
1341683,456.84
1137845,366.59
1093038,1624.95
1413823,924.99
1198302,440.13
1050288,52.63
1457410,219.26
1087017,261.15
1184251,654.37
1046290,677.97
1365636,1913.4
1020051,74.28
1314155,154.27
1054140,272.98
1128795,861.35
1343368,427.55
1027914,816.72
1042062,123.56
1390807,123.71
1028601,76.48
1082933,103.18
1384407,36.89
1196961,127.75
1122942,45.46
1189314,86.7
1368555,30.54
1439062,524.87
1373666,563.67
1281436,308.01
1075875,56.28
1079425,51.89
1375719,62.35
1438076,259.03
1323027,345.64
1280440,374.44
1136807,142.05
1413776,168.54
1372751,120.5
1366942,176.56
1252904,200.76
1484640,411.06
1141481,216.72
1484744,326.42
1368030,243.06
1115883,291.72
1178326,324.82
1144637,285.39
1083185,92.13
1265850,452.22
1064535,703.74
1151642,317.93
1051521,284.08
1112568,329.6
1060374,182.65
1145737,135.99
1153172,111.52
1182641,122.4
1416916,73.4
1432452,138.96
1454467,307.4
1090725,229.59
1278151,102.29
1182721,120.24
1490426,100.95
1261967,325.48
1272173,269.86
1475127,266.63
1402147,40.44
1405911,38.85
1270123,34.07
1129747,39.98
1479343,177.67
1224135,845.83
1026022,311.65
1133017,16.6
1374299,14.83
1492201,16.25
1194920,83.31
1198272,122.8
1403006,126.33
1388663,54.48
1351797,49.06
1012076,129.31
1199141,38.67
1248453,40.56
1479518,167.62
1216396,153.68
1019051,384.67
1452145,402.63
1125314,213.66
1199363,344.94
1402736,280.17
1328158,150.23
1316599,23.46
1046186,98.27
1005596,116.46
1353037,225.84
1390757,187.31
1085036,122.49
1399946,74.23
1291405,105.55
1047146,362.28
1198624,212.04
1105675,130.56
1113170,30.46
1377155,40.03
1412520,23.6
1138417,44.71
1207513,170.7
1241983,583.51
1093937,285.18
1409401,18.59
1323538,23.82
1355453,85.33
1273259,107.88
1036223,182.25
1128930,202.01
1401233,56.22
1135475,82.21
1368027,47.04
1054611,26.83
1079923,40.39
1465046,39.64
1113947,210.46
1206608,164.16
1141138,317.57
1398745,386.96
1232389,182.46
1469568,120.6
1101451,92.37
1067520,84.06
1335882,139.74
1493778,117.9
1433304,48.75
1416184,170.2
1242834,106.38
1349144,198.23
1295630,125.63
1002687,149.68
1221251,25.78
1128689,16.55
1307832,63.23
1092126,240.14
1205829,125.77
1057847,37.09
1480723,93.2
1224002,178.07
1191903,354.52
1252385,49.54
1211903,20.15
1452747,72.3
1085236,44.2
1081076,155.9
1167347,141.12
1468194,172.62
1180363,951.53
1425283,486.71
1491934,366.15
1165334,41.34
1451779,133.13
1109039,83.31
1164263,480.19
1053599,464.46
1002689,821.73
1202120,121.17
1290273,147.71
1217414,237.82
1140243,292.98
1035444,270.44
1147110,621.01
1143054,52.42
1359435,50.31
1322487,82.26
1285815,118.13
1365522,92.52
1401322,39.49
1104534,31.03
1418559,34.78
1333723,390.83
1062934,592.15
1203979,242.64
1493410,45.63
1119538,20.99
1103421,179.92
1461010,191.0
1099608,317.08
1411885,85.5
1491825,70.52
1249918,121.43
1380531,154.55
1266015,167.87
1112176,247.8
1027208,346.91
1040830,175.92
1490168,225.51
1270394,192.1
1210380,110.43
1488002,109.92
1019734,35.76
1236944,211.54
1292333,183.61
1229811,217.32
1449864,119.57
1072219,278.04
1093243,581.75
1184143,126.56
1113423,152.68
1422384,35.58
1283598,130.26
1358409,106.32
1042357,322.51
1161104,349.1
1130025,832.16
1051663,73.19
1061638,89.48
1195041,80.16
1052245,405.08
1452792,239.8
1370147,436.95
1009569,38.7
1075387,51.31
1053460,26.32
1451559,58.87
1139973,36.92
1049891,257.06
1180756,263.16
1318993,102.75
1472200,18.69
1440104,36.09
1140152,67.58
1062709,165.27
1092103,156.97
1443773,115.67
1321207,170.46
1182933,74.35
1285741,103.52
1275544,115.71
1482368,110.61
1401955,150.32
1127074,143.32
1133824,174.45
1048428,118.55
1305096,104.25
1002536,70.61
1369644,192.06
1256556,131.03
1364916,200.46
1138638,170.96
1378795,115.95
1140763,1162.1
1025216,644.18
1248799,328.83
1413620,160.15
1466423,174.89
1335166,382.65
1493273,475.98
1386676,1183.88
1019313,98.84
1132022,84.39
1101622,158.98
1423915,899.93
1312310,321.45
1225960,638.5
1417376,76.47
1229723,79.29
1419507,137.19
1497642,175.31
1037322,128.32
1293324,37.94
1077904,30.85
1178821,533.81
1392636,581.31
1247012,233.01
1388240,33.51
1198786,27.2
1295096,33.13
1008427,192.43
1493098,282.7
1117910,363.18
1283429,82.84
1230572,64.11
1250107,74.97
1001638,126.42
1070174,126.57
1074527,176.81
1475219,187.13
1487459,163.09
1168060,113.45
1105101,238.3
1130635,204.45
1274486,190.56
1364257,56.63
1055160,126.52
1172892,134.94
1008422,271.62
1290283,243.26
1017722,192.03
1352787,227.76
1406367,165.03
1495288,89.95
1310388,61.41
1386178,159.86
1068779,77.62
1319258,172.3
1467681,270.13
1052491,213.23
1034851,100.75
1128430,80.95
1412582,154.04
1314990,260.46
1361296,182.35
1147045,291.51
1230402,31.27
1250840,26.38
1475205,46.33
1316392,48.84
1198993,21.53
1400145,28.57
1105445,115.08
1150345,204.76
1364032,526.43
1098208,280.72
1412865,37.81
1044787,113.72
1153095,183.3
1155898,185.76
1411551,182.61
1399760,87.45
1257810,41.74
1180700,62.66
1175998,40.98
1155579,44.57
1238414,33.11
1124042,189.79
1008278,154.4
1116053,309.6
1002734,324.64
1031478,223.63
1017985,242.71
1021112,228.89
1492370,121.53
1396398,54.56
1056127,87.55
1496140,56.98
1030091,134.92
1247939,177.42
1056526,242.96
1312113,73.19
1008406,94.93
1370016,99.66
1303233,519.24
1319582,223.63
1318816,409.13
1342618,99.14
1383693,64.79
1188311,53.93
1169645,112.77
1135395,44.68
1051052,160.5
1284449,32.7
1271673,57.19
1378449,63.09
1038896,313.56
1472510,374.92
1381929,183.28
1335466,22.56
1210748,47.74
1472665,88.87
1401690,116.91
1457882,136.46
1138253,186.35
1375108,154.53
1367061,105.2
1378475,175.74
1135134,145.18
1375702,35.07
1208820,181.69
1087191,127.5
1286946,241.38
1135939,204.54
1298778,115.1
1426974,229.24
1053569,162.53
1404213,86.25
1400039,37.16
1474073,112.37
1274743,50.03
1480386,219.95
1055391,440.4
1002763,265.72
1005714,167.29
1183601,200.72
1269616,202.95
1387344,221.15
1075519,260.63
1451717,232.55
1249283,21.42
1161877,22.53
1420629,27.16
1467067,47.13
1332082,39.79
1414354,15.84
1028038,39.22
1071038,112.06
1003545,467.95
1356848,153.03
1253695,21.47
1304163,110.25
1275336,120.7
1441314,154.87
1307443,91.19
1395576,109.79
1166004,60.4
1108673,28.12
1168528,36.67
1282673,203.04
1323796,134.08
1425596,350.01
1070034,483.46
1120599,174.86
1115016,1453.55
1033118,433.34
1041123,519.91
1412939,145.52
1413843,583.67
1302476,392.89
1200857,858.05
1273097,955.04
1360566,1636.44
1054117,192.64
1326687,147.78
1075832,276.86
1408738,1815.95
1428262,968.99
1157251,1582.97
1383481,291.66
1228924,275.56
1315410,166.35
1198596,218.24
1403013,285.09
1094157,68.07
1158061,137.01
1375495,152.83
1128710,80.85
1012762,713.64
1000164,1157.56
1235645,454.57
1423314,83.84
1209129,23.92
1317753,78.28
1316488,333.6
1345688,700.74
1480687,711.74
1184103,71.27
1429083,72.99
1417557,54.62
1374498,190.88
1244972,347.47
1155304,602.44
1331479,274.79
1428927,430.32
1083748,387.01
1135164,556.27
1481250,575.49
1146477,486.43
1433355,185.27
1342553,418.0
1165310,340.35
1117406,699.14
1482433,476.63
1350239,348.09
1070287,452.19
1422053,155.65
1415679,190.0
1458594,36.67
1027595,169.25
1193664,102.75
1193030,468.86
1080694,474.44
1115309,510.45
1214742,299.42
1310983,266.54
1049933,287.22
1187916,209.76
1405350,367.84
1208306,521.78
1407890,26.44
1251220,36.1
1154973,17.75
1308134,20.51
1340776,35.64
1014749,410.02
1360888,426.28
1096812,192.02
1178015,17.12
1161127,77.13
1426825,126.33
1073637,72.24
1069629,121.65
1265774,163.35
1315565,133.31
1299905,126.67
1066372,253.62
1174150,225.89
1191685,131.07
1479763,209.5
1015816,130.08
1042330,56.18
1011286,58.13
1076157,27.58
1261566,165.67
1014434,129.16
1241585,390.02
1135509,348.7
1317797,232.63
1240913,717.1
1393856,387.54
1180477,258.99
1416755,39.13
1438751,234.36
1210716,212.41
1207481,559.16
1470083,555.34
1293173,862.22
1173254,84.92
1258768,134.02
1380138,184.75
1382544,432.04
1273111,517.26
1320280,401.06
1105352,22.76
1366410,44.12
1121472,26.38
1074564,36.0
1020767,42.57
1383381,22.3
1230031,731.26
1499092,548.61
1332401,432.79
1153063,30.57
1028416,27.58
1214310,32.28
1001218,101.05
1333703,129.67
1405199,78.99
1301393,100.44
1446095,88.22
1480680,77.18
1322216,76.51
1236120,191.38
1214604,232.77
1206662,302.9
1106796,157.12
1294863,169.04
1146795,120.2
1027327,51.37
1342955,37.69
1082755,65.55
1492813,606.0
1055690,600.78
1026786,426.66
1308574,290.18
1350008,1917.59
1080864,1357.59
1478269,654.39
1416531,139.9
1115977,386.43
1335690,348.2
1001266,944.69
1176836,1074.84
1258322,2092.97
1114726,162.41
1102993,165.46
1471342,330.28
1134459,1797.56
1010465,639.5
1229614,1134.8
1020515,127.3
1271065,105.37
1038064,114.07
1229599,97.23
1048752,302.87
1197420,66.36
1453906,121.97
1280568,101.32
1112281,803.4
1144866,1096.68
1190711,531.71
1403427,54.46
1325526,41.29
1220749,60.57
1069314,618.32
1261442,1046.47
1432411,736.0
1389218,127.15
1428386,130.75
1087275,116.41
1336986,225.19
1362637,309.5
1217589,520.66
1209840,324.82
1495580,478.28
1149079,460.73
1163127,324.81
1061096,389.09
1163871,253.08
1198405,69.14
1305470,497.17
1291762,705.15
1336877,490.87
1073789,474.18
1067951,677.98
1222614,674.91
1403857,638.78
1138651,326.75
1211270,58.37
1381202,114.95
1005335,85.95
1036855,285.62
1461982,378.87
1391141,505.78
1254939,120.16
1112470,301.13
1487226,278.72
1384129,683.8
1435237,266.34
1247788,623.69
1310618,91.09
1041606,79.83
1286832,70.3
1341131,88.53
1253423,370.32
1278699,302.84
1347629,33.74
1383158,43.41
1397241,36.74
1379400,524.41
1051753,985.14
1057705,650.78
1349385,37.32
1482906,55.4
1211285,257.24
1362739,193.07
1372645,800.89
1024030,229.58
1364534,226.32
1004040,174.71
1253135,188.82
1295314,119.75
1472784,172.97
1446802,46.5
1089465,206.7
1142103,559.81
1398069,367.87
1204844,322.92
1332593,331.23
1356109,175.34
1168517,191.79
1064667,78.95
1207447,284.75
1014733,178.49
1225294,147.18
1209533,339.24
1484452,161.86
1022654,53.13
1051967,138.42
1240063,395.57
1155281,278.43
1284527,286.8
1466754,19.24
1194391,29.64
1398744,54.7
1181108,39.78
1137782,354.72
1295058,1026.36
1258282,448.63
1406300,19.3
1211169,15.55
1194629,22.8
1005691,219.91
1046988,185.52
1096972,319.6
1301880,101.99
1260314,97.01
1232444,48.71
1447544,20.52
1406706,32.54
1223580,73.41
1348953,190.76
1011094,151.75
1483095,677.15
1300527,633.44
1005857,266.69
1003610,359.62
1408456,635.71
1403849,355.7
1136386,24.8
1432249,83.6
1316934,49.93
1166592,233.06
1088047,212.71
1291558,280.24
1046242,166.99
1228604,271.63
1006243,177.3
1148911,207.57
1327287,212.56
1148661,184.41
1027599,64.68
1481882,60.58
1165440,19.16
1302279,21.13
1211613,23.88
1170520,133.0
1092468,283.95
1183386,54.0
1169545,84.87
1443667,121.08
1334075,81.13
1145192,250.18
1038003,243.26
1384196,92.01
1412656,42.88
1055295,17.58
1040402,28.6
1305104,73.91
1156779,65.81
1461293,373.82
1071792,530.35
1193704,129.77
1147855,547.25
1407308,504.26
1021817,111.99
1365027,36.26
1084190,82.57
1472270,62.93
1245033,313.94
1038126,339.31
1308774,530.55
1096561,250.0
1392101,323.69
1032755,197.6
1167841,387.88
1421534,291.07
1026941,366.12
1218181,63.22
1252535,48.98
1458926,44.05
1181288,34.1
1453177,140.47
1290817,83.09
1191933,33.01
1072907,43.52
1149758,191.29
1363331,466.79
1232116,305.38
1111671,22.19
1431212,31.54
1260318,27.09
1007979,123.84
1300132,221.14
1468244,281.65
1259749,226.41
1213726,227.37
1015552,106.21
1321503,35.69
1299417,46.15
1403037,115.92
1141868,35.57
1131022,159.91
1053785,132.59
1415612,399.94
1015692,316.14
1191552,203.24
1403461,1481.53
1332254,913.03
1155391,236.56
1010155,108.04
1035382,86.45
1359199,531.49
1126332,569.64
1194544,1056.11
1193216,106.52
1321873,108.77
1176118,204.2
1352350,324.11
1317428,289.88
1324687,547.57
1199138,84.04
1499661,85.16
1285022,86.43
1095276,99.8
1309363,84.24
1118148,48.36
1017490,45.25
1032990,47.73
1135634,578.59
1198010,473.1
1063801,191.55
1232162,32.78
1338164,42.19
1399699,34.66
1159200,195.11
1285083,206.92
1469794,189.66
1260006,87.54
1432624,89.46
1069560,94.82
1314621,89.02
1032488,148.86
1305157,308.06
1357660,241.89
1146905,216.2
1250390,139.53
1313978,150.93
1224536,323.97
1028926,278.46
1210886,27.11
1425911,126.84
1395996,76.19
1258284,422.87
1407411,224.21
1086007,229.04
1240827,445.55
1485036,306.87
1412215,102.67
1134426,520.05
1409562,437.25
1252129,1195.53
1466995,139.96
1279324,97.73
1339668,204.04
1295887,393.67
1188104,271.44
1085039,547.52
1050056,99.64
1141506,35.9
1468730,28.46
1305167,34.91
1356988,33.12
1048644,29.82
1169338,40.92
1090148,36.85
1023369,575.13
1219708,469.19
1212523,352.11
1403827,28.81
1452741,32.54
1037225,115.09
1003089,163.62
1430497,248.51
1384588,185.36
1493343,159.72
1108739,100.02
1205048,178.95
1379067,199.44
1010055,209.43
1320813,193.34
1221392,122.54
1487103,141.75
1276585,126.93
1115907,70.12
1059297,37.07
1304461,145.95
1289905,88.59
1003698,154.75
1333400,184.86
1239454,182.5
1055152,340.66
1225205,120.05
1435274,115.82
1361159,48.15
1325155,132.19
1042206,93.75
1465788,485.0
1010758,724.17
1239556,512.94
1130835,198.11
1126299,177.98
1317214,155.59
1229307,546.84
1008850,513.24
1371311,578.25
1496308,23.65
1122414,20.01
1395159,25.81
1002230,53.48
1143224,21.46
1236638,18.62
1050839,40.01
1163875,33.86
1031011,326.67
1489736,891.14
1341427,287.34
1240489,26.12
1456593,32.85
1052585,102.96
1394883,40.17
1045296,90.72
1445153,75.81
1451679,109.39
1225058,159.48
1498918,269.72
1485511,340.21
1452266,152.41
1136292,61.59
1310817,57.26
1163223,33.03
1267340,32.43
1227931,153.71
1205560,88.28
1365667,386.92
1023335,315.43
1048292,829.49
1014247,365.89
1023285,395.87
1439264,221.17
1256710,32.65
1209335,101.24
1001246,133.63
1452526,311.59
1125626,335.74
1397692,94.55
1097219,65.87
1001749,121.87
1174009,352.55
1273784,219.61
1496218,423.93
1413745,78.88
1389077,106.98
1221196,63.21
1444587,74.61
1373602,142.05
1329527,116.41
1193964,33.33
1468201,38.7
1289132,38.92
1461927,218.77
1206526,526.25
1069368,241.91
1484014,34.21
1122166,34.71
1306210,27.77
1484168,98.69
1139063,211.09
1093872,286.54
1388566,82.86
1040282,83.18
1319244,55.47
1170280,105.87
1128364,163.24
1421850,181.35
1186084,55.23
1425827,193.72
1459114,169.13
1466692,294.27
1203269,299.87
1352296,112.41
1162670,1396.82
1300191,605.27
1009989,422.0
1465666,64.15
1461783,184.43
1442787,168.36
1031907,551.6
1188853,731.64
1456783,1398.69
1322215,129.57
1010784,126.58
1167640,255.46
1195948,1011.62
1204311,423.45
1297826,834.66
1148491,103.89
1356906,84.31
1039066,70.78
1462622,72.25
1138775,167.02
1122589,63.96
1307805,16.36
1304407,83.28
1470811,79.43
1243938,542.16
1425470,751.24
1007261,368.36
1109541,29.37
1318923,37.38
1249534,67.54
1329857,80.97
1439027,140.39
1182612,204.98
1155033,55.92
1300537,94.79
1352454,47.26
1106118,141.62
1038138,187.04
1053303,480.14
1381996,283.83
1173304,216.63
1399035,328.63
1421408,154.32
1307650,212.45
1119858,223.38
1161557,44.23
1255540,440.85
1358312,772.83
1025813,566.82
1293845,267.25
1469131,385.57
1452584,477.08
1377778,332.08
1026971,204.06
1311807,36.09
1397297,117.57
1157453,80.8
1178848,266.72
1409156,235.64
1159256,328.39
1054258,80.45
1322887,87.99
1163471,102.02
1285982,443.6
1348099,213.43
1015778,451.36
1135794,73.43
1396176,45.46
1154956,69.07
1430845,201.45
1014641,151.33
1247169,17.53
1243749,50.26
1381322,378.87
1080295,407.34
1423648,240.07
1278953,46.45
1441916,37.05
1130663,39.58
1313063,179.74
1014037,193.25
1182550,212.6
1216318,72.84
1276624,64.34
1226209,86.22
1304852,82.36
1482935,124.4
1079134,89.06
1210839,41.03
1436244,260.07
1281479,100.03
1034893,246.58
1351362,362.39
1005706,180.43
1262599,93.84
1338024,121.23
1431853,19.48
1375120,83.61
1275037,185.18
1359242,239.3
1035595,195.99
1020465,74.6
1360373,89.62
1331277,148.12
1490342,1377.4
1135520,440.48
1268420,601.99
1216882,17.97
1412036,27.01
1080240,22.49
1218649,44.21
1421492,24.54
1466987,297.2
1411928,251.49
1176781,185.59
1124678,14.86
1494779,107.19
1221537,145.49
1126294,250.85
1137246,153.81
1413395,223.96
1360589,214.42
1155915,52.02
1275837,41.09
1337552,18.02
1108013,16.39
1348070,34.35
1253988,37.53
1204089,79.88
1399010,33.71
1271870,301.48
1354177,126.7
1085106,158.62
1274933,1518.18
1059732,917.73
1093599,371.31
1083501,147.29
1245868,755.15
1488944,790.64
1432764,1132.38
1126587,139.31
1209590,139.59
1111452,177.72
1031614,1687.59
1061470,535.59
1157741,1959.42
1223395,130.01
1347236,122.27
1097803,150.56
1437385,68.47
1043097,98.05
1090571,161.55
1175602,190.6
1056018,143.3
1252039,785.84
1010852,598.16
1106084,291.21
1288632,52.68
1480839,51.09
1246631,122.34
1315101,201.23
1451902,245.45
1297275,177.35
1425440,237.04
1131845,74.26
1479691,346.17
1471341,555.24
1015668,539.38
1023950,40.46
1392791,28.88
1052529,235.15
1290309,612.68
1046297,504.95
1018738,258.72
1322525,171.46
1479230,460.51
1494204,604.28
1150560,233.43
1177861,1484.19
1311911,463.78
1316202,428.29
1272505,68.76
1226069,223.82
1182305,173.9
1185226,700.22
1324628,798.71
1059906,1301.84
1450163,147.7
1102401,141.9
1341931,187.43
1069114,3557.98
1175458,569.49
1310720,1864.35
1415050,115.5
1383471,114.21
1194216,88.24
1481437,155.68
1495661,68.94
1019399,28.49
1056837,152.31
1053353,496.3
1254975,726.35
1209593,267.33
1471019,37.88
1176875,37.9
1251443,342.16
1135737,448.31
1262029,524.19
1148030,273.72
1164364,144.82
1460737,151.33
1152112,331.25
1205077,321.28
1161885,555.69
1018722,42.53
1134437,28.94
1364823,625.57
1029036,545.28
1373558,230.85
1359546,132.38
1120697,82.49
1006493,443.62
1072422,409.07
1344109,289.64
1143023,672.6
1050661,534.38
1482938,307.23
1113039,57.44
1353136,81.85
1439048,55.35
1095693,281.13
1154581,507.63
1030585,432.82
1204210,322.58
1061143,256.56
1354048,306.89
1442704,2841.17
1079999,259.73
1263052,1512.63
1237270,84.0
1137849,63.15
1124343,56.67
1427908,104.2
1239094,123.23
1033383,166.94
1468996,32.97
1054997,456.3
1436104,46.27
1270430,361.26
1490371,500.98
1425338,301.35
1156343,32.46
1053397,60.26
1023786,18.69
1134905,366.36
1079563,486.65
1197228,533.37
1204951,51.65
1106730,60.04
1369820,52.48
1159279,140.55
1177457,136.58
1385752,264.38
1430795,36.07
1099951,86.9
1072198,85.74
1187970,298.12
1065673,360.61
1473661,216.47
1223698,376.52
1471497,347.87
1339581,132.98
1105018,43.95
1150316,114.74
1338949,203.02
1312287,328.49
1268704,370.73
1203407,129.24
1053667,136.61
1187634,175.46
1445202,1695.35
1313499,267.98
1304477,1170.46
1341870,88.18
1470509,67.0
1237037,114.33
1320649,52.36
1135015,157.19
1043208,78.34
1211873,19.52
1399254,71.95
1207452,37.61
1257870,294.76
1385886,600.86
1068568,199.4
1078002,28.53
1490242,410.49
1099037,342.8
1424254,389.27
1399342,40.77
1014602,36.57
1253867,48.54
1243712,125.14
1401108,212.65
1053371,52.73
1319647,93.54
1186069,55.29
1224626,388.12
1144512,395.69
1448207,192.88
1327143,1733.37
1028978,1256.47
1435666,691.43
1240466,136.91
1120441,440.36
1315750,261.75
1353789,914.06
1383467,1118.41
1112962,2970.53
1242487,147.73
1029543,136.26
1053213,257.64
1218496,4495.08
1342800,984.04
1472699,5957.0
1378869,282.07
1027118,302.41
1262290,144.95
1267485,323.01
1124304,407.09
1191782,136.17
1210850,87.98
1466336,291.19
1327394,79.8
1152647,1019.07
1078195,1173.6
1410772,520.74
1229974,94.5
1379112,62.65
1264973,82.95
1243209,427.41
1083372,676.99
1136997,485.9
1499049,188.03
1473840,199.63
1279640,177.6
1390007,467.08
1094534,616.46
1223222,884.41
1371702,53.72
1404622,107.92
1082354,82.74
1495976,961.78
1453841,932.82
1396741,811.31
1077806,127.4
1305530,329.1
1168898,220.92
1429778,448.9
1011542,457.47
1455031,460.96
1377892,812.56
1204957,600.6
1364029,222.81
1276134,67.96
1109929,102.61
1189012,92.57
1267281,479.2
1168666,463.37
1290984,749.3
1134259,105.5
1079663,121.39
1405700,233.96
1242649,2808.66
1093705,236.69
1386117,1573.08
1396561,44.26
1274230,73.8
1287009,69.86
1302724,103.98
1481691,40.52
1217979,465.46
1336295,458.52
1479063,222.84
1050596,21.42
1130206,22.93
1102860,140.5
1240302,516.24
1328969,423.04
1210051,34.71
1071294,36.08
1129769,239.03
1183162,274.2
1499969,322.58
1437863,30.74
1019725,26.01
1111253,173.29
1101634,179.85
1414035,196.51
1462031,60.42
1301112,86.52
1192192,114.13
1116984,207.53
1456740,199.54
1343753,157.54
1276681,2084.8
1045179,674.79
1184984,527.58
1034182,106.16
1368923,319.47
1298135,379.25
1067326,890.74
1275945,1159.7
1160660,1888.47
1138171,150.24
1165417,139.79
1047619,283.48
1460277,4709.12
1347100,732.82
1424992,2698.39
1070616,113.8
1232270,128.84
1030558,139.67
1413854,137.55
1304951,182.53
1499239,117.13
1164689,78.73
1334067,285.95
1285934,77.21
1136102,655.72
1158805,942.85
1448872,383.72
1494631,78.96
1261533,37.4
1127622,59.02
1113702,442.5
1402669,683.5
1235863,641.97
1471648,120.89
1128016,114.66
1176666,91.98
1308071,297.7
1424549,676.25
1287145,857.24
1394524,81.57
1289418,42.78
1175099,45.11
1050753,357.51
1497444,551.56
1276761,467.26
1271167,113.41
1404679,201.4
1433405,236.3
1130736,425.27
1453390,359.33
1090499,381.9
1111904,387.24
1368837,212.07
1484881,144.49
1011859,67.93
1318144,108.81
1135584,58.67
1444883,181.32
1050649,252.97
1357379,345.95
1373055,116.22
1311164,82.67
1091958,154.91
1196856,1724.41
1399625,221.24
1370785,1315.9
1404655,102.46
1401074,45.61
1111497,49.21
1244194,243.47
1070647,57.99
1177881,25.83
1403116,112.16
1247734,25.51
1320512,259.41
1117249,570.4
1080975,265.8
1320039,25.53
1315854,397.66
1253353,386.02
1153574,408.88
1324485,36.64
1300373,22.27
1171033,55.16
1066172,51.82
1404880,74.49
1325435,32.33
1347488,113.53
1302221,59.57
1067371,302.77
1434903,318.61
1210552,208.71
1004925,370.04
1369989,257.12
1242929,58.09
1335469,23.43
1342647,86.96
1107192,89.37
1299678,141.39
1285304,210.82
1481481,249.29
1437121,104.19
1217125,174.73
1363871,93.89
1218607,1500.66
1232949,127.03
1277541,1109.89
1085531,48.68
1004210,36.9
1056607,75.6
1395664,44.63
1188770,56.67
1232007,26.35
1483507,164.31
1176188,384.72
1386397,158.99
1063163,376.58
1331624,312.53
1039028,219.79
1128793,26.99
1006124,30.82
1120570,47.23
1073521,45.53
1137733,60.97
1243734,35.33
1488400,94.67
1085578,49.29
1430049,213.29
1391126,185.62
1452462,125.52
1164883,386.87
1472997,173.22
1181530,65.57
1141119,157.79
1258259,149.95
1370622,208.77
1264722,505.08
1353691,417.4
1348980,75.29
1095013,144.33
1476130,142.25
1158613,1834.05
1396390,304.22
1250001,1747.98
1321524,136.66
1172129,102.3
1227420,93.75
1014336,134.78
1331644,292.25
1024818,276.0
1252052,65.75
1469746,203.48
1134484,67.75
1385522,656.97
1303765,605.18
1230047,236.64
1167197,78.96
1223179,31.27
1061269,75.69
1206027,309.01
1286578,359.49
1173309,362.06
1001057,86.59
1489786,37.68
1277956,42.45
1294183,156.53
1453476,299.64
1126772,466.07
1316408,78.19
1373316,282.46
1410147,252.07
1056742,546.95
1219314,350.91
1016479,158.88
1278462,127.17
1402049,126.47
1318810,75.96
1232520,64.36
1090412,51.28
1449639,183.81
1361792,349.33
1041119,211.84
1181465,307.82
1477767,220.14
1074634,307.79
1493200,1430.49
1160156,224.17
1092472,824.15
1322503,49.6
1430351,25.69
1128378,154.72
1275754,337.9
1010262,168.79
1169855,159.09
1102462,191.04
1270230,158.94
1312759,37.08
1473072,23.85
1345243,22.56
1004841,42.41
1083409,58.67
1329412,445.14
1076888,447.2
1255536,207.75
1437782,353.13
1367373,230.41
1272919,94.15
1120015,35.08
1470352,76.7
1229488,61.8
1252841,208.34
1387699,233.42
1105498,264.9
1484322,104.31
1497767,164.11
1169970,115.27
1013006,1484.43
1079960,180.6
1102782,659.05
1304243,64.62
1234172,32.89
1037765,67.36
1242533,39.74
1457944,141.03
1359495,257.18
1258707,50.26
1405882,170.62
1413277,190.05
1456699,145.6
1241053,22.52
1185989,22.7
1330838,24.37
1389418,47.98
1115820,72.83
1090722,18.41
1431115,76.62
1287186,67.68
1259051,292.26
1364772,272.31
1287438,275.8
1430418,847.95
1212285,271.54
1489187,301.79
1462314,49.03
1035511,103.42
1299070,468.19
1311694,550.45
1440943,1321.42
1327449,175.08
1231678,164.71
1076076,262.93
1148106,2839.77
1325663,408.56
1179154,2323.04
1382830,95.53
1301451,65.6
1175889,62.4
1231167,55.19
1272559,47.3
1096602,173.62
1070414,36.74
1359188,387.19
1436738,529.87
1307575,161.89
1412839,27.67
1296434,25.61
1364866,257.96
1013130,124.06
1144116,242.54
1037301,119.84
1462430,103.4
1469920,89.39
1350471,406.77
1354697,514.8
1371419,645.4
1032024,56.69
1281845,62.67
1268702,60.77
1128557,189.44
1123396,213.56
1029273,179.71
1269672,103.78
1295307,83.73
1441471,252.44
1237216,204.68
1164983,305.55
1219590,669.56
1397954,361.7
1140940,317.35
1196971,33.07
1437824,143.62
1295439,86.84
1306049,518.22
1011233,393.0
1074658,597.02
1048430,111.11
1338050,156.96
1383625,212.66
1300326,2614.16
1222463,353.91
1030628,1501.25
1098120,33.37
1249173,32.56
1434793,14.75
1478327,17.76
1011989,37.71
1098728,72.64
1101780,398.25
1192825,627.03
1395320,473.3
1453677,58.77
1001659,77.28
1007465,129.67
1099699,45.26
1084100,24.1
1325998,47.93
1045586,297.41
1001411,302.3
1028848,315.2
1149053,22.92
1194155,39.92
1307999,68.53
1114325,45.41
1391955,28.32
1346873,135.32
1458515,127.95
1133975,331.38
1125326,343.9
1375200,487.72
1004647,298.31
1478258,215.15
1037616,225.31
1483255,33.52
1386008,103.73
1457583,71.67
1375368,136.98
1299881,246.26
1151262,299.19
1064762,28.86
1356650,94.23
1353148,91.79
1074567,1304.58
1314973,250.28
1068992,1485.43
1239782,89.77
1389891,76.86
1129388,70.56
1317350,70.94
1284526,88.49
1288418,207.13
1041821,111.05
1401183,48.91
1292957,311.94
1271702,475.89
1183331,215.5
1058379,55.66
1417011,34.2
1017142,328.26
1216650,345.8
1239666,436.43
1153751,31.53
1270388,35.69
1109049,37.14
1108947,91.48
1210194,148.32
1022652,164.72
1376126,58.94
1484827,153.7
1027189,74.57
1441240,294.72
1220382,313.01
1251729,107.05
1401191,990.53
1026264,478.15
1031580,216.36
1419007,42.09
1391582,116.31
1429750,56.38
1317412,257.71
1027337,409.26
1349762,488.58
1031100,299.69
1198249,163.38
1409834,202.69
1363459,5060.26
1179481,254.62
1423597,2166.9
1129631,107.14
1252222,103.62
1232423,86.49
1414372,145.68
1321337,196.75
1219585,36.53
1246961,125.03
1333058,449.59
1151245,542.91
1263599,276.83
1416825,33.41
1434236,31.56
1227664,489.47
1266752,504.57
1457613,606.32
1111913,77.88
1369393,46.16
1491416,77.35
1038031,91.38
1287849,168.27
1368918,272.64
1481378,39.1
1071420,82.08
1073006,59.33
1080022,368.96
1491603,346.61
1230288,310.88
1217412,222.31
1449114,173.22
1142889,67.57
1428256,20.14
1198629,100.7
1050828,43.77
1132047,120.4
1444841,215.02
1339727,248.07
1380337,133.08
1497986,139.0
1285104,163.43
1025770,951.4
1459130,85.16
1475649,1917.04
1089842,32.67
1455637,27.03
1238935,74.78
1300202,42.25
1462333,24.37
1413606,56.33
1494072,21.68
1031959,173.2
1040232,345.31
1005311,109.57
1485835,21.26
1157241,19.59
1162155,397.67
1071564,328.52
1371096,254.28
1395033,30.78
1424836,38.38
1203934,32.84
1362060,18.08
1231316,22.7
1283484,31.17
1071651,38.75
1497563,204.88
1186395,214.92
1362405,87.1
1422185,1455.9
1003947,703.93
1157667,648.34
1311380,33.17
1221429,141.95
1408590,480.62
1320907,442.53
1244622,1041.51
1206366,101.04
1466483,74.14
1357536,129.4
1414147,3842.52
1225625,417.66
1247041,4150.84
1272992,147.05
1249208,125.87
1281981,195.96
1146421,146.59
1134896,131.51
1175537,40.03
1260481,148.9
1200641,63.27
1218895,539.43
1274263,638.26
1053052,257.81
1034995,44.46
1184775,77.43
1244740,45.21
1458802,230.85
1429932,292.26
1112304,185.3
1389049,113.55
1296135,67.81
1400158,48.39
1227586,189.68
1092849,251.99
1240507,366.67
1270940,53.61
1419601,32.16
1424002,40.28
1086621,423.97
1238858,505.59
1454072,477.0
1389072,110.67
1307058,175.75
1412351,98.8
1292992,343.24
1345321,358.34
1484299,245.41
1269970,1008.45
1378850,406.93
1208125,285.94
1018065,70.65
1135792,146.8
1153704,98.91
1030092,750.41
1109996,728.66
1413059,1703.15
1307291,242.33
1470695,259.32
1201860,405.67
1255519,5045.55
1093602,497.25
1395444,4987.08
1495479,96.04
1242833,67.96
1488573,86.01
1245680,26.75
1381660,38.36
1149622,127.57
1179762,577.58
1272569,438.9
1227336,177.6
1300660,29.07
1126164,41.9
1261027,120.52
1361680,130.35
1194817,82.31
1031378,97.79
1456961,63.59
1376318,55.51
1355744,445.31
1167614,469.64
1394039,635.69
1398643,27.61
1281877,28.23
1216771,123.18
1153076,257.17
1265246,206.61
1373086,29.49
1496602,123.55
1209053,59.81
1003446,258.23
1340407,291.55
1361224,315.98
1020166,714.13
1148498,698.53
1115572,460.55
1015892,75.77
1370963,92.08
1492892,97.22
1142508,190.69
1028341,327.37
1088414,535.3
1260188,271.04
1067421,85.29
1233592,99.55
1273816,2655.52
1098491,248.9
1477747,1388.73
1374798,121.11
1289382,112.18
1096746,109.6
1443736,143.93
1431499,234.86
1247601,215.55
1163384,18.88
1096384,87.96
1349869,41.34
1313064,499.43
1450646,701.88
1336198,261.22
1289109,34.35
1477460,46.99
1430111,40.25
1390581,429.8
1148989,344.29
1036356,637.88
1402927,46.63
1155177,39.77
1384496,120.35
1300589,100.5
1390700,176.02
1332626,48.3
1427233,67.9
1113146,63.62
1130685,321.41
1154445,287.7
1040018,178.33
1173977,201.52
1435100,225.98
1118094,124.07
1497854,29.32
1312395,92.77
1373505,50.6
1070796,133.89
1344591,258.67
1070988,281.57
1113433,83.95
1467808,235.75
1440616,174.18
1066544,1499.95
1013600,178.24
1332724,903.47
1267612,19.74
1426137,38.01
1341745,22.19
1121620,64.24
1108446,29.7
1156744,237.1
1436558,466.93
1454563,182.94
1402483,420.44
1058135,381.49
1219833,377.96
1134765,21.32
1075081,31.0
1367594,19.23
1346618,28.99
1164512,37.73
1269071,83.55
1241572,92.53
1201168,344.39
1255856,407.34
1381766,200.01
1055474,59.71
1201164,57.23
1148456,76.59
1358056,64.93
1349508,70.67
1430112,154.45
1354895,136.5
1364688,121.46
1125362,124.58
1486680,159.0
1089351,1042.97
1363190,104.98
1292208,254.09
1112432,22.3
1446385,30.31
1240091,61.55
1224590,315.33
1183866,162.35
1001235,208.99
1004659,249.66
1033617,236.25
1108380,45.8
1020071,30.52
1190203,26.89
1355554,162.34
1150838,134.63
1403569,201.29
1288154,846.62
1227739,260.57
1437561,257.1
1230082,57.53
1103290,114.55
1252304,81.97
1202685,355.23
1209418,321.11
1247179,745.54
1453728,73.73
1498748,75.84
1341061,114.04
1432174,2541.67
1436089,236.11
1069738,1256.05
1337949,68.65
1404369,59.77
1394008,60.64
1369244,59.81
1265660,160.28
1251720,82.41
1384055,45.39
1458904,82.01
1214193,27.69
1177417,233.4
1157955,536.36
1142032,162.34
1348081,40.36
1115606,37.87
1211003,26.43
1436481,214.35
1118823,208.9
1380882,215.27
1478836,92.87
1143621,62.44
1183418,93.71
1079214,216.61
1126539,241.92
1298252,336.56
1227142,45.2
1393458,26.12
1002205,35.68
1443559,183.1
1472361,214.18
1369151,141.74
1160584,27.77
1280019,97.13
1230268,71.34
1195053,182.04
1180599,182.68
1336840,155.44
1262455,475.08
1042584,302.0
1318385,216.45
1343351,61.06
1143891,113.67
1428670,248.4
1013485,306.13
1034126,75.03
1166099,132.7
1016244,1450.14
1345589,240.0
1114402,1534.43
1471306,128.0
1230498,143.99
1410391,127.69
1432815,64.02
1396310,149.7
1225379,138.92
1357223,32.38
1424801,84.0
1138058,32.9
1314140,278.69
1131331,387.25
1417511,228.0
1354317,24.43
1454730,22.09
1459762,361.63
1448364,440.13
1285568,477.99
1077953,37.83
1349904,27.56
1293562,134.9
1374092,205.41
1414429,190.58
1137486,37.17
1321867,111.24
1157820,113.64
1244775,195.98
1153911,175.83
1174376,79.73
1480593,1744.46
1282243,799.05
1412456,751.98
1070312,74.95
1305864,216.31
1426747,115.65
1201688,771.0
1234045,795.65
1033201,1455.49
1150178,125.12
1258210,113.67
1136497,187.18
1405719,3301.63
1394203,536.07
1359640,3068.3
1284694,113.37
1086787,115.26
1130883,70.69
1165887,76.07
1272696,158.75
1069327,136.51
1255481,26.08
1410666,255.56
1418313,22.62
1352442,602.58
1258929,997.56
1323110,253.23
1255321,39.27
1173518,46.07
1171371,57.0
1388769,449.54
1074286,510.58
1315446,416.95
1018008,119.25
1426756,147.59
1394245,119.14
1307498,177.68
1297279,285.91
1259587,486.39
1008085,27.19
1009210,34.08
1124731,38.27
1051084,272.96
1157826,835.51
1416374,424.17
1392013,79.14
1299309,170.9
1222583,152.83
1463904,471.25
1463942,279.25
1402108,262.07
1387994,118.59
1452032,132.61
1084546,60.41
1071254,22.47
1483489,92.85
1169274,79.96
1028510,183.43
1258824,246.11
1120442,169.09
1463169,99.75
1258110,157.66
1102279,1662.44
1242379,145.19
1418399,913.25
1201509,18.32
1104417,20.23
1394810,76.78
1298051,24.59
1499610,183.6
1217236,781.22
1345367,290.36
1369846,415.02
1048549,353.62
1043632,233.09
1198423,21.91
1096290,20.13
1173685,23.62
1319634,28.1
1235816,148.66
1102838,114.63
1302275,506.81
1426141,583.55
1439805,151.13
1023822,796.97
1475506,427.38
1441669,263.36
1048054,35.78
1291085,89.74
1302259,81.48
1432412,527.76
1411581,492.13
1071762,958.43
1160616,92.32
1473307,98.51
1107898,232.64
1453508,2112.42
1215207,265.43
1242328,1925.22
1099146,68.16
1102106,48.18
1202501,51.99
1452330,63.54
1328879,46.71
1255258,24.15
1317946,95.52
1191571,50.77
1439488,545.06
1096814,495.8
1096101,329.35
1167507,20.8
1424223,17.68
1249562,323.43
1360889,329.98
1118377,265.8
1489391,79.46
1143936,80.81
1014849,206.15
1072974,247.71
1158030,332.11
1286790,55.54
1283749,35.55
1454882,189.53
1273798,199.56
1092030,177.85
1318193,42.3
1249681,47.32
1152131,26.4
1165448,232.14
1340832,251.95
1305444,342.16
1009801,1037.48
1043614,255.14
1488427,249.56
1027348,50.25
1343251,126.78
1238317,85.9
1393217,401.07
1211198,500.28
1395759,1096.8
1405296,37.71
1120250,86.72
1284435,185.5
1295304,3575.9
1469601,279.72
1298616,1926.76
1416111,134.47
1292623,150.12
1112045,85.68
1127606,264.19
1416451,145.83
1118212,35.21
1292308,84.57
1092303,51.57
1316510,466.93
1059149,619.07
1041132,478.84
1024747,38.75
1165880,210.45
1215424,375.84
1407685,329.58
1368795,127.19
1319830,146.18
1140603,106.89
1050495,200.94
1442610,277.5
1079668,411.42
1348246,62.37
1011640,72.78
1174967,265.44
1304263,461.26
1318179,314.71
1330995,51.35
1249422,127.45
1374063,79.73
1164966,193.47
1117868,256.49
1207808,185.37
1356623,70.41
1292177,78.28
1362232,57.45
1318369,48.15
1122331,52.66
1474320,139.87
1220533,78.73
1432625,112.68
1234799,176.57
1145502,145.05
1261614,1085.54
1137715,106.74
1360028,793.61
1181152,18.13
1471184,18.19
1238288,45.15
1167008,30.62
1336045,76.93
1364347,853.34
1256770,356.36
1127368,17.03
1495208,18.86
1354195,401.43
1150110,309.15
1081286,227.39
1322698,17.16
1180979,16.42
1319966,38.89
1482514,100.97
1102096,68.17
1061735,553.91
1055430,548.01
1140859,183.83
1473650,592.46
1154621,469.88
1437856,163.69
1335565,110.89
1164020,124.12
1242972,75.84
1376813,289.65
1150281,512.16
1467638,431.29
1430610,170.27
1421101,156.57
1469436,113.23
1454969,3664.19
1246779,268.57
1426987,1775.36
1498194,115.51
1065013,114.24
1138879,105.58
1494749,268.38
1414842,287.76
1185774,63.07
1009486,164.4
1115922,75.38
1009382,461.24
1272886,565.72
1443163,144.81
1216054,63.8
1085309,68.73
1059013,59.33
1222696,328.0
1009729,518.57
1124996,526.76
1229061,91.22
1128244,45.41
1126475,27.98
1309951,146.44
1150996,245.32
1164600,388.85
1182987,50.07
1069214,177.18
1142397,127.15
1184430,386.22
1430928,307.11
1468073,135.84
1397686,886.83
1314012,247.76
1299667,205.63
1243058,18.23
1290913,87.55
1261255,89.52
1089155,139.21
1235375,348.28
1099897,297.23
1068354,174.82
1417666,196.2
1245806,421.62
1115605,2112.61
1009948,312.59
1170506,1412.35
1177759,37.83
1054214,38.09
1368624,50.77
1103978,28.22
1484308,55.71
1475609,26.58
1325531,255.96
1498562,257.37
1367438,63.06
1072330,20.04
1422509,19.35
1138980,143.08
1457123,254.94
1352466,224.98
1375968,26.41
1200756,52.79
1399529,61.39
1292602,55.75
1276712,22.84
1067118,41.18
1058093,39.51
1121260,405.54
1123801,589.53
1128131,139.09
1403090,1541.58
1494403,893.64
1300912,210.21
1164224,75.73
1478982,130.91
1143415,90.64
1144895,720.91
1293848,765.7
1486024,1489.2
1075569,149.92
1166445,126.35
1091700,232.99
1297841,2972.03
1494638,379.65
1376394,2949.07
1075821,113.43
1013599,96.32
1125124,64.79
1178918,116.18
1082719,41.69
1093368,39.48
1037894,151.31
1449907,59.76
1149138,517.64
1148821,552.94
1014215,166.95
1470124,37.41
1455251,25.37
1007092,27.13
1238329,83.35
1223262,133.15
1241780,115.86
1198811,295.01
1312242,358.66
1048476,157.2
1394990,445.31
1154308,571.73
1044825,587.29
1104439,30.92
1404040,28.44
1329389,212.2
1104551,240.44
1200980,215.87
1083081,41.51
1217301,128.71
1233817,80.83
1458527,250.17
1022447,254.84
1125019,208.81
1284038,356.46
1039868,221.53
1189895,73.28
1104338,25.04
1387572,99.46
1427998,73.43
1364586,152.67
1447078,376.58
1424493,252.76
1153701,136.34
1259542,151.2
1149289,125.44
1149589,2096.11
1497732,197.42
1318349,1483.22
1137539,121.03
1179084,77.16
1178839,83.16
1321675,119.36
1074276,147.36
1036452,43.81
1163892,90.32
1464167,52.08
1238107,201.13
1121434,604.35
1329563,216.95
1426628,26.29
1076297,26.56
1316569,433.27
1181666,280.33
1023747,699.65
1286111,62.85
1138868,29.31
1142328,52.13
1000213,47.85
1222239,72.74
1455577,26.93
1422884,73.07
1116729,59.55
1401840,271.16
1322160,217.93
1065299,174.15
1410494,441.99
1120819,477.51
1172141,206.8
1152289,46.3
1494678,99.79
1313410,60.46
1469544,149.07
1020398,256.17
1180290,415.88
1047888,105.22
1056647,78.35
1271890,176.95
1279914,1860.8
1107324,178.96
1079083,2297.69
1040424,71.1
1375324,61.94
1063638,58.42
1226151,42.47
1188752,116.16
1243089,92.54
1091380,20.79
1457124,67.97
1160540,27.52
1229078,422.65
1292157,544.68
1283752,250.56
1337756,25.91
1019894,399.79
1149279,346.74
1366712,411.37
1423099,41.07
1296614,18.64
1395362,25.92
1018563,126.39
1460712,52.78
1333592,246.02
1266463,37.95
1021754,72.79
1471499,121.36
1211601,354.18
1230538,321.67
1173007,203.76
1208269,956.17
1419205,245.92
1443718,153.38
1413986,39.24
1348732,76.52
1437001,58.64
1288076,248.4
1107366,463.67
1446516,330.86
1026832,191.9
1377293,172.95
1327619,185.88
1029810,3140.4
1486382,150.36
1333333,1353.5
1217680,55.91
1187666,52.17
1013820,65.27
1251384,30.81
1237150,254.44
1449113,346.16
1019323,115.26
1303077,34.87
1355384,19.73
1077780,163.95
1195787,226.09
1209720,189.22
1026794,46.5
1397636,77.16
1083476,80.27
1471389,159.34
1304142,43.39
1291714,108.66
1209154,54.55
1028308,190.09
1058238,328.31
1114637,97.03
1461605,497.79
1179263,403.72
1107947,208.93
1173875,30.43
1166222,93.87
1331960,67.47
1209311,262.28
1314578,195.98
1023501,305.05
1001106,158.04
1265560,122.14
1290036,117.38
1189265,2434.94
1302283,167.27
1393194,1629.97
1425445,63.08
1272403,48.12
1230052,52.79
1154252,26.69
1085465,65.83
1498109,109.16
1218778,94.25
1200557,39.47
1355546,196.97
1138486,301.06
1091432,125.71
1446786,24.85
1445743,39.39
1498415,28.15
1078406,166.4
1014560,285.2
1388676,433.01
1228683,21.96
1075442,26.35
1122296,27.4
1370085,75.1
1145515,53.8
1299855,152.63
1472252,33.43
1467820,96.69
1363781,87.79
1275016,249.56
1062111,189.44
1180048,176.32
1155226,530.19
1382591,342.59
1412941,365.51
1098172,57.41
1163030,79.83
1370125,348.02
1145013,414.27
1276034,749.94
1036398,151.02
1200304,215.6
1144786,193.11
1377570,1659.91
1438635,255.65
1469801,1361.47
1439692,30.08
1409284,34.55
1041718,32.27
1079423,26.28
1481762,78.06
1146091,29.25
1057460,386.74
1250344,299.04
1477694,234.5
1210203,28.69
1471242,118.45
1333824,164.84
1012400,69.11
1157950,59.47
1031549,89.27
1036302,169.28
1038594,252.8
1398217,313.72
1422692,36.87
1010584,56.69
1408973,110.47
1160131,51.02
1486738,33.66
1256588,61.5
1069257,28.49
1149920,181.43
1483944,103.86
1485217,187.34
1400875,526.36
1022245,254.12
1294514,242.17
1270168,38.26
1279549,275.55
1413452,318.7
1333540,536.34
1095610,112.72
1483263,72.28
1484037,197.1
1402254,2105.55
1067620,243.63
1033845,1115.77
1457199,59.68
1461934,42.54
1374006,47.05
1149610,45.03
1069568,94.95
1168055,28.78
1356784,234.37
1094406,132.63
1057854,269.46
1241439,33.14
1290397,25.74
1134558,185.68
1308196,155.1
1086294,206.77
1216692,50.9
1176696,60.71
1064150,209.65
1182284,233.48
1347467,324.16
1011416,35.15
1398536,26.16
1076352,157.08
1316073,188.9
1488053,131.4
1412357,45.81
1092650,80.84
1354071,81.42
1423581,296.19
1139167,155.47
1108221,83.93
1171237,556.53
1271325,170.41
1038005,150.64
1477973,66.65
1143573,128.13
1017120,88.35
1004495,334.99
1359815,390.25
1163620,763.95
1169404,116.29
1153742,118.17
1482596,103.67
1430441,2863.14
1058431,441.47
1230152,1266.41
1195031,61.61
1171212,49.98
1432643,116.97
1357541,32.08
1489539,68.94
1172247,89.81
1459796,46.88
1349036,194.55
1132296,652.56
1020858,203.4
1458950,44.24
1228009,38.88
1244788,131.05
1092608,155.22
1127608,200.17
1147034,72.82
1252812,63.96
1363297,69.22
1368119,223.71
1013355,291.71
1050369,295.39
1232497,24.91
1053752,126.68
1258609,234.41
1024127,203.88
1293246,57.36
1420334,99.18
1249171,90.37
1493552,226.33
1493470,332.28
1440519,215.08
1408420,141.73
1320892,160.41
1395898,61.11
1266940,74.46
1195405,53.4
1321283,158.45
1026142,192.24
1398699,206.79
1397755,168.29
1249332,107.71
1049602,174.64
1089873,1173.4
1339163,102.31
1211162,947.42
1060487,21.46
1017376,28.11
1455813,31.4
1474172,59.39
1032075,167.79
1312652,604.59
1442048,181.74
1145540,15.38
1277563,385.59
1053334,306.37
1095442,214.34
1335552,25.34
1329839,27.78
1470260,31.14
1121456,16.41
1475918,89.48
1400690,84.0
1153013,430.63
1175925,442.51
1044804,176.98
1270105,422.51
1166614,235.94
1372023,137.56
1126656,21.57
1096892,45.42
1162121,129.27
1299109,183.71
1072859,234.05
1337063,77.34
1311410,60.74
1040248,114.73
1020719,1601.38
1371825,143.57
1242112,1237.54
1426771,100.7
1150521,50.1
1155714,69.79
1206978,110.6
1258554,94.01
1487429,27.97
1132590,71.29
1412346,28.58
1044873,240.61
1435076,395.72
1376033,233.91
1473729,24.05
1081462,17.43
1187246,348.53
1288016,355.18
1163834,407.58
1391562,24.79
1092746,118.69
1217220,86.42
1453727,213.5
1419763,52.15
1133698,48.45
1292555,44.57
1173065,157.2
1320694,69.94
1406117,99.5
1493137,421.14
1200019,251.19
1441304,166.41
1486977,43.11
1173592,133.21
1196727,65.77
1341646,170.17
1142440,272.88
1273416,361.3
1369678,79.9
1237914,92.16
1489392,122.81
1448998,1963.72
1109229,253.63
1135688,1158.89
1290122,56.31
1195644,58.0
1455960,46.68
1065108,74.73
1160251,77.27
1052765,17.6
1006876,102.17
1375995,37.38
1177267,280.83
1123762,517.99
1135977,214.7
1380921,24.91
1152704,30.1
1059572,24.95
1147431,398.47
1166118,342.57
1241642,358.13
1239441,30.82
1139610,34.5
1173347,45.44
1065220,52.7
1263020,120.58
1186787,209.25
1100287,51.5
1063008,115.35
1272311,104.77
1323831,274.78
1350933,294.06
1188980,189.82
1321339,184.87
1468793,191.41
1065918,76.25
1483544,86.16
1360874,224.59
1172503,290.71
1394736,229.83
1463533,308.33
1101245,366.92
1297806,173.39
1141630,1917.07
1115561,203.89
1359056,1405.18
1427543,25.29
1049897,29.99
1364909,23.05
1001108,93.94
1445007,144.75
1441123,300.19
1184466,123.32
1445824,224.11
1424016,212.63
1078356,253.43
1160637,22.68
1036844,19.52
1311516,34.16
1306448,29.63
1221703,33.69
1079424,30.23
1286572,75.34
1470862,48.43
1247296,319.23
1492100,350.7
1104993,213.0
1098936,300.57
1141172,272.6
1097071,227.62
1218774,59.95
1424527,154.76
1308493,110.57
1280655,124.81
1393998,201.78
1263011,159.76
1442984,94.1
1480196,91.06
1392278,127.82
1182497,1553.74
1142809,194.65
1331391,2130.54
1491271,79.25
1333321,61.74
1044434,41.28
1458337,61.13
1403727,22.09
1355003,90.32
1305696,31.36
1225892,118.25
1137454,526.97
1388897,204.41
1252682,30.83
1054158,26.02
1119962,363.09
1353816,413.57
1182051,446.54
1025615,23.87
1395390,66.17
1100937,79.04
1337610,77.96
1078383,40.29
1253337,97.77
1396082,82.01
1241787,299.4
1467840,360.02
1320321,167.44
1027184,525.59
1083175,364.8
1495092,297.87
1372971,45.13
1179921,123.76
1192611,53.55
1307584,253.75
1097417,220.26
1469771,438.01
1081567,122.75
1224368,149.94
1124284,173.33
1369939,2657.19
1470426,180.36
1212390,1180.49
1201353,92.84
1175963,71.96
1143972,102.76
1064669,184.5
1095090,175.61
1408414,28.59
1181919,51.55
1035955,35.82
1137622,276.92
1141624,478.77
1030906,199.89
1351716,33.22
1387275,226.88
1491481,235.52
1266099,314.21
1497126,45.77
1484353,36.4
1066140,36.6
1012482,152.85
1223316,144.87
1374077,316.26
1214809,40.69
1079574,64.96
1437074,51.65
1254126,224.66
1386744,278.14
1140562,130.41
1057783,1081.68
1028990,795.17
1171657,350.36
1499767,71.45
1034565,205.75
1100732,99.5
1124599,587.81
1036809,571.01
1181111,1323.3
1339004,176.37
1442340,181.82
1076769,412.6
1273291,3671.9
1268563,504.07
1267199,2024.35
1432609,98.69
1386785,73.47
1001425,136.9
1116564,58.64
1373247,78.28
1134168,138.41
1022092,52.25
1423085,497.78
1421303,463.65
1045999,149.64
1027413,17.3
1068236,29.56
1049332,475.71
1202896,598.4
1185320,447.77
1061666,62.19
1082570,57.56
1105399,47.13
1036403,439.47
1416031,483.49
1093307,611.54
1274780,31.39
1208290,39.21
1010615,33.19
1262992,209.52
1331934,291.83
1030226,299.41
1255690,36.16
1466677,131.49
1284600,122.34
1415928,500.49
1135508,309.05
1292547,306.07
1317061,364.01
1125938,338.62
1132252,174.58
1098604,31.7
1281504,92.65
1367222,56.45
1274168,598.6
1468823,214.75
1333274,350.0
1441700,52.34
1319758,49.26
1464015,128.94
1484802,1835.36
1029668,162.04
1072649,1396.59
1338138,81.09
1169066,78.92
1004508,55.41
1123578,88.53
1312972,305.74
1278314,291.18
1330929,64.42
1047991,37.99
1064517,186.98
1475443,348.71
1097563,156.21
1095602,55.35
1242359,23.77
1225795,173.66
1158312,226.29
1029988,268.41
1115336,39.97
1404848,71.53
1221954,117.07
1177114,104.71
1279211,191.01
1195794,50.0
1179388,104.11
1225479,95.77
1200482,119.98
1102609,177.01
1306278,103.48
1230640,230.28
1166412,205.61
1182119,122.62
1474457,40.66
1471543,118.14
1158440,294.48
1077996,490.76
1375730,286.65
1257624,191.34
1418558,159.99
1119462,180.74
1217634,2532.09
1194125,278.65
1254893,1441.89
1444202,22.79
1249741,36.33
1397105,63.56
1126109,34.64
1040672,134.62
1225867,53.28
1229777,227.35
1416600,680.06
1334478,270.48
1181972,19.14
1439136,280.68
1101586,273.16
1081205,304.19
1320112,24.98
1362263,39.3
1266516,37.89
1115733,81.25
1348065,113.5
1026480,428.73
1053710,487.68
1031578,505.97
1491314,464.79
1432899,352.89
1413058,183.75
1158190,55.06
1228116,104.4
1217136,59.0
1318103,278.29
1094190,381.25
1476707,473.95
1116399,238.29
1463037,236.19
1327944,143.76
1477329,2544.87
1274331,368.49
1366778,1645.03
1274958,80.84
1247376,122.08
1171357,89.84
1470729,30.79
1493024,85.51
1292643,68.02
1108498,290.46
1351941,371.59
1215978,164.48
1303897,33.95
1290815,35.51
1021162,32.64
1053049,175.2
1350034,287.24
1276354,325.77
1299342,45.08
1387698,46.04
1193717,39.83
1080378,74.66
1412637,63.35
1378521,183.13
1144802,36.24
1137339,88.72
1435425,54.85
1395058,391.56
1307656,395.83
1032147,163.12
1209677,649.8
1159522,200.0
1357125,240.52
1027253,36.16
1347324,112.49
1204065,114.86
1200111,369.44
1319241,310.55
1163083,546.75
1261848,86.91
1347708,87.84
1474171,136.11
1086163,2046.97
1384345,229.95
1230329,1186.91
1306114,36.65
1066036,33.24
1437817,36.21
1371599,76.91
1027269,46.02
1005287,41.07
1445660,68.55
1335729,29.12
1132453,184.01
1080624,581.52
1313810,223.11
1455874,20.0
1347864,189.53
1202304,210.72
1129620,160.93
1062774,59.71
1200960,51.61
1148887,55.35
1343038,232.66
1286282,258.56
1222681,329.26
1078026,32.07
1397712,37.91
1264710,113.93
1183882,130.77
1113656,151.99
1050645,38.21
1014675,107.32
1302966,103.05
1394714,173.94
1488819,91.91
1124137,190.36
1054385,745.96
1001921,573.42
1300733,226.22
1291220,59.08
1312126,118.6
1304878,99.4
1032653,399.54
1397068,447.57
1161714,889.91
1203648,182.15
1442696,153.45
1458841,200.51
1007597,1688.9
1055053,367.51
1185031,1786.04
1427278,65.56
1295117,30.5
1325329,101.22
1050759,34.16
1013831,105.68
1254173,29.62
1287970,558.93
1113498,689.34
1355907,297.49
1244886,17.98
1373548,16.81
1465270,82.05
1339027,90.19
1018327,103.12
1108071,92.39
1461973,89.9
1476273,263.99
1024004,319.17
1031312,350.51
1446241,59.94
1495023,80.21
1348513,50.81
1015558,129.9
1127531,119.2
1314971,301.89
1189684,289.48
1105588,229.67
1426288,2089.73
1101391,825.94
1236690,539.68
1299062,57.01
1354229,152.52
1483090,652.46
1124620,714.58
1036237,1604.08
1429101,106.07
1105494,107.66
1496047,233.68
1111087,2528.71
1279450,540.63
1056350,3440.3
1064133,178.14
1077697,162.73
1292079,77.81
1312698,317.95
1363038,373.32
1111872,260.95
1418832,64.62
1128942,182.08
1252662,40.66
1343161,627.38
1011813,709.84
1113616,542.81
1334770,64.99
1271290,65.98
1387664,18.01
1023852,393.02
1078142,490.87
1376725,561.68
1163658,120.99
1098578,104.76
1295170,108.01
1442540,389.87
1194545,514.56
1482237,770.6
1140705,50.54
1298088,41.85
1197612,415.14
1141241,554.09
1024355,488.26
1115005,124.32
1413477,132.07
1209338,657.78
1009555,476.9
1357976,299.15
1435909,1727.96
1010266,921.11
1145147,478.01
1162283,53.18
1463710,270.78
1466728,179.99
1093975,682.52
1158811,645.32
1106708,1904.22
1102709,133.22
1480818,135.65
1120723,331.61
1161911,3998.94
1406483,409.77
1159704,3731.64
1347891,130.89
1466492,116.58
1396722,83.4
1255464,99.71
1478571,43.01
1204608,127.75
1101877,75.95
1401061,162.59
1113123,33.45
1265686,538.35
1053742,557.64
1392727,420.5
1262452,48.44
1127426,55.46
1076781,37.64
1128271,232.61
1411082,303.68
1053814,376.26
1244852,142.46
1096175,152.95
1014613,109.58
1131169,255.07
1201095,370.27
1430136,459.77
1475372,42.82
1038904,25.55
1345512,28.16
1368173,286.22
1062658,489.39
1223108,327.15
1311976,70.91
1275880,188.3
1262880,170.57
1491312,286.06
1449613,410.2
1428843,341.1
1344988,156.55
1238384,183.96
1385784,113.01
1139207,32.38
1305667,132.24
1238947,58.22
1025860,128.29
1109664,317.35
1350396,209.22
1007474,104.74
1055751,65.02
1049070,107.22
1107899,2003.79
1250737,200.36
1425943,1321.13
1428610,34.75
1189323,26.12
1294333,40.44
1047099,40.27
1122246,179.42
1057371,36.63
1247572,180.25
1452525,802.08
1193241,223.12
1122672,19.19
1354931,390.77
1263025,320.48
1076963,383.64
1005817,16.08
1229044,22.33
1338102,23.29
1006405,37.62
1214405,29.3
1443462,54.04
1089414,30.86
1317775,85.3
1248865,61.72
1342691,427.02
1114030,455.95
1062361,236.66
1268913,337.54
1359141,221.79
1052607,196.85
1153086,30.45
1228900,100.6
1477268,63.95
1044413,124.98
1383969,253.2
1370531,184.6
1054001,72.68
1032955,61.85
1204425,1531.06
1003799,229.66
1189309,1300.47
1294794,34.99
1252109,15.88
1494387,26.9
1025414,43.1
1028398,20.49
1161669,32.25
1318183,40.9
1453485,170.7
1179995,641.92
1111260,239.34
1476335,19.3
1045081,350.86
1047684,360.37
1416797,402.36
1099709,15.59
1112808,18.1
1082858,45.28
1478275,21.43
1484969,34.72
1017841,35.38
1095118,97.93
1133034,45.11
1335501,346.65
1240758,399.87
1392405,177.52
1042422,116.7
1102535,113.04
1352924,84.45
1330739,22.6
1286846,136.72
1303888,128.83
1084126,162.2
1401068,101.56
1093010,77.08
1320866,120.79
1224252,1353.51
1053847,121.22
1289203,762.78
1283793,16.85
1405406,26.68
1001023,80.54
1430672,63.46
1473499,311.78
1470414,125.17
1267848,29.01
1288839,31.47
1406611,167.54
1138335,217.44
1473941,230.61
1086394,48.89
1213401,33.07
1249598,56.66
1359075,167.04
1451883,135.3
1130150,268.97
1079995,951.53
1320850,434.67
1325802,366.15
1298535,36.51
1005436,131.26
1236985,497.72
1404089,485.81
1280135,858.87
1321446,133.28
1022303,84.85
1162493,204.44
1160343,2018.32
1412430,270.44
1027059,1718.07
1258914,48.78
1406006,50.31
1076412,79.44
1089192,114.4
1251959,105.73
1204393,44.15
1426930,109.62
1424045,33.39
1206548,392.71
1002696,465.02
1019804,236.41
1040420,53.72
1414474,20.99
1252877,30.75
1408137,186.96
1263119,175.21
1115724,212.98
1272392,111.14
1270741,93.17
1313158,100.12
1028031,216.34
1235237,291.62
1150649,355.79
1444476,37.69
1294878,33.81
1115261,33.97
1266485,192.1
1392336,248.2
1153686,160.31
1055862,36.77
1072931,92.57
1252777,84.33
1062210,195.43
1382979,159.18
1338035,272.65
1146579,624.98
1072620,122.52
1388642,152.68
1230598,56.23
1499806,145.96
1256452,111.19
1249746,357.58
1355011,363.03
1394076,693.63
1181734,79.15
1068385,49.8
1139039,83.24
1430890,2533.89
1151297,243.32
1013543,893.48
1387274,37.17
1400898,82.35
1253271,56.43
1193479,25.8
1218312,64.36
1493676,50.78
1237190,258.41
1025950,238.17
1445601,107.95
1233203,28.88
1174722,68.36
1250818,202.11
1391640,161.93
1154727,115.67
1000642,139.33
1483633,47.07
1390805,172.34
1108444,249.99
1318695,230.85
1355254,32.34
1196734,33.2
1362840,109.0
1226722,225.25
1419887,181.67
1108968,42.83
1411752,96.53
1065319,76.75
1233541,191.32
1434726,170.73
1170047,126.26
1359423,1154.53
1487129,639.32
1039738,330.07
1281098,69.11
1226250,147.57
1356737,135.77
1250508,382.02
1296204,474.33
1021036,1203.39
1059851,94.02
1259861,140.02
1191317,154.92
1055545,2954.55
1259739,317.43
1127936,1702.93
1122299,60.96
1045622,76.66
1136027,120.94
1427519,175.31
1345040,140.3
1358355,27.74
1296259,99.26
1247604,44.29
1470043,482.21
1023524,435.24
1458093,208.95
1204116,29.13
1264775,25.28
1439811,31.89
1172238,218.39
1347717,262.64
1325084,252.88
1279398,85.82
1062492,82.99
1280555,77.91
1192455,194.63
1267950,271.2
1297918,385.48
1065416,53.49
1017917,27.78
1303062,28.74
1428483,316.34
1281671,313.9
1473937,264.41
1435103,88.6
1037310,238.39
1361514,275.21
1051440,190.67
1312573,214.58
1106798,177.37
1142814,221.1
1214497,83.63
1015884,53.17
1033130,180.95
1082221,86.82
1267633,143.9
1237618,270.13
1145651,186.02
1441985,116.94
1196226,107.58
1352134,236.22
1337450,2244.95
1026014,187.76
1212345,1165.48
1181195,31.11
1007089,23.52
1317475,45.19
1098691,48.15
1096212,17.13
1235060,95.03
1233676,57.98
1005265,194.72
1340335,536.94
1100709,286.23
1486556,29.65
1364727,402.18
1089838,354.52
1331091,390.14
1145185,64.89
1072824,53.49
1133161,61.48
1257291,33.11
1466895,97.83
1040076,78.4
1296120,309.6
1071118,298.44
1481797,192.02
1002910,245.7
1087316,231.59
1148565,122.46
1380584,41.24
1153514,100.33
1023202,56.95
1325706,132.56
1138400,126.3
1321568,255.91
1000666,67.88
1426204,117.49
1427371,88.27
1284547,2881.71
1495342,213.18
1013289,1197.05
1034517,93.99
1088604,50.84
1441301,73.16
1323495,115.49
1059630,54.26
1022326,177.31
1030923,47.09
1066592,67.8
1100820,73.29
1349870,283.53
1442794,376.72
1434781,183.28
1314686,47.74
1114108,16.53
1463208,193.76
1294690,192.03
1243722,397.06
1176245,31.75
1335602,106.67
1032528,167.62
1067483,169.09
1404614,35.07
1482217,70.91
1461999,63.55
1159274,253.37
1412925,262.49
1198542,104.85
1167015,233.61
1098179,168.4
1316048,86.74
1194635,35.52
1164921,97.63
1060770,63.07
1365169,233.87
1296574,483.44
1354095,249.51
1047886,127.29
1392652,164.83
1432258,137.62
1138217,2498.29
1182344,259.6
1137204,1166.4
1461362,21.17
1226026,25.66
1025513,48.0
1315779,43.41
1120550,26.85
1345814,883.21
1273694,33.97
1373670,104.77
1304674,486.81
1115980,175.12
1078416,194.36
1492006,320.47
1154339,436.5
1125717,20.81
1418240,19.2
1273336,28.12
1268753,52.93
1032128,42.39
1365619,472.71
1140349,568.91
1180650,205.23
1101235,1485.25
1432496,433.35
1430566,453.96
1014783,150.23
1116354,446.73
1146657,389.69
1344262,926.28
1450902,1023.84
1050703,1610.51
1103779,85.28
1373522,132.76
1151308,208.37
1483186,4571.32
1018915,961.7
1364131,5836.69
1345596,278.55
1420063,274.94
1492833,152.29
1360054,196.91
1213321,357.5
1037639,118.36
1142648,106.29
1361615,282.98
1042523,71.51
1005712,739.16
1315204,1005.25
1267815,454.57
1367043,96.37
1004886,19.1
1034244,73.23
1297387,461.94
1210501,837.11
1097181,655.82
1310794,82.78
1014635,107.14
1292994,51.4
1173658,311.19
1211835,382.0
1076344,686.96
1232705,38.69
1195774,31.3
1174518,40.0
1243831,565.47
1481724,885.75
1207346,839.79
1271815,154.5
1303872,343.22
1176334,252.98
1304553,406.67
1257584,632.97
1440237,418.86
1084653,495.23
1332317,153.5
1177460,190.0
1165358,34.74
1497001,141.75
1103832,472.63
1403223,464.88
1223995,509.33
1441994,284.88
1397538,283.19
1021975,338.27
1400819,1621.43
1132871,413.54
1275036,1231.51
1467062,36.31
1243970,26.69
1484482,30.19
1282672,59.65
1232517,29.71
1375882,410.02
1145757,384.84
1200160,192.02
1410058,19.33
1305115,91.22
1095464,77.88
1487515,21.33
1024500,133.8
1071735,141.56
1344422,117.67
1312920,202.04
1297157,606.71
1142750,528.97
1411826,21.59
1318333,18.02
1434478,17.67
1438407,37.97
1234963,46.63
1444737,64.16
1068604,67.04
1011801,339.06
1314498,278.8
1099240,433.29
1403942,709.57
1161200,427.48
1047246,256.2
1395061,33.2
1170801,186.09
1042827,188.7
1174504,532.04
1173705,560.31
1230491,739.34
1348587,121.7
1498538,106.01
1497901,184.84
1271586,4713.21
1039920,529.95
1243378,2247.05
1129865,20.97
1056548,22.76
1006403,38.61
1348142,22.89
1029535,76.7
1211544,22.3
1409887,674.23
1373243,685.34
1424541,417.37
1387862,28.34
1125217,29.07
1244163,143.63
1090094,105.72
1206594,129.26
1418380,101.3
1018911,87.96
1365726,117.42
1182054,344.89
1185618,442.94
1499996,574.32
1289837,39.35
1207125,125.39
1385322,102.67
1109874,73.4
1451374,36.26
1256784,45.97
1267473,40.5
1102117,516.62
1401169,279.29
1207111,369.24
1017175,1896.93
1247741,1342.72
1117518,639.65
1282054,141.0
1370192,405.62
1038438,295.64
1181256,974.19
1107618,1046.33
1177282,2105.35
1050846,166.47
1171305,146.26
1495234,347.88
1493457,4156.76
1020507,676.01
1054269,4493.45
1342004,127.3
1121352,88.65
1398988,98.54
1133642,92.53
1390781,533.23
1227153,80.51
1156586,50.67
1184605,249.11
1313893,101.32
1166618,810.03
1128043,1071.02
1359339,525.31
1146723,52.54
1404721,41.29
1115692,30.14
1295765,618.32
1245205,1068.99
1090138,881.29
1212530,118.36
1377936,136.89
1481135,127.46
1012718,469.51
1274851,609.23
1214056,766.61
1449539,42.79
1196447,44.46
1313914,324.42
1012652,799.32
1463945,409.95
1352697,71.02
1119279,246.24
1499681,217.23
1316005,491.07
1276695,271.32
1343456,689.27
1406377,719.84
1377782,688.56
1475804,370.13
1389781,74.98
1121088,92.32
1404053,71.6
1103761,292.78
1427117,386.35
1235746,535.93
1111305,173.42
1398419,131.14
1043032,183.57
1094924,2841.46
1016992,260.16
1015891,1736.27
1361581,91.09
1079764,76.71
1206362,75.19
1050479,88.53
1464461,370.32
1238056,297.76
1024016,23.93
1161026,146.37
1266837,36.55
1003688,540.95
1437653,996.71
1428544,318.99
1329858,33.76
1242262,45.08
1139460,413.96
1340320,436.25
1458283,570.54
1046592,53.98
1382408,42.69
1399111,38.22
1354514,188.82
1151009,148.22
1473380,230.5
1318609,46.42
1260208,140.48
1456298,88.32
1433872,367.73
1495928,316.01
1145163,381.72
1288414,173.47
1164780,290.85
1099811,112.81
1055810,60.4
1465823,203.47
1068702,170.1
1199817,127.05
1308993,339.95
1228658,307.84
1067611,168.65
1337804,250.7
1265862,1793.81
1075698,391.6
1493152,1184.62
1480072,30.0
1303746,30.2
1252753,35.09
1429794,25.14
1284846,88.72
1347430,40.55
1253487,339.93
1414292,1041.99
1444665,314.63
1467493,16.89
1375138,22.1
1039245,16.92
1009524,327.96
1042431,344.74
1218618,439.27
1005450,57.34
1337184,36.05
1305212,33.21
1229650,25.8
1202211,37.04
1206844,58.56
1315684,102.21
1451907,159.38
1479101,702.53
1204831,628.06
1299973,297.25
1479704,346.65
1103391,646.65
1030973,357.14
1175313,22.12
1001655,75.43
1486656,49.54
1144994,250.58
1339590,275.4
1176446,317.49
1228211,178.14
1140034,366.22
1261020,164.11
1419809,1892.22
1316742,220.6
1446413,1195.76
1161401,66.84
1378385,60.58
1371110,70.07
1474124,133.38
1289204,265.55
1493328,56.31
1365154,174.71
1012943,201.32
1241599,171.28
1306515,32.38
1467462,43.39
1442130,18.94
1486092,36.76
1348096,21.32
1109213,35.8
1475586,36.2
1415413,416.17
1143304,592.15
1211792,129.3
1311799,428.08
1010422,504.26
1238437,112.32
1283496,41.85
1054679,83.77
1374106,62.07
1252741,271.45
1105246,304.63
1302648,523.39
1424462,220.72
1076983,206.2
1183226,303.12
1468687,2599.46
1413771,303.71
1383816,1451.51
1439193,71.86
1339142,47.49
1412413,48.03
1314608,180.23
1427899,79.74
1266188,28.24
1455688,85.81
1453758,44.36
1067032,209.62
1186216,466.95
1255594,252.89
1149061,20.96
1271186,26.76
1257768,35.01
1267184,344.85
1305748,399.09
1015025,481.37
1240225,22.67
1121296,34.15
1082946,18.85
1055145,35.69
1386090,80.38
1144287,162.53
1193883,25.23
1194633,90.44
1324241,87.28
1019478,298.78
1200780,306.75
1419930,218.11
1002912,1499.99
1319159,883.3
1175738,234.11
1201561,40.58
1219862,120.39
1196146,86.45
1466525,447.55
1204816,521.39
1473726,1265.83
1060409,95.36
1261615,88.47
1043550,221.04
1467630,1496.5
1018320,218.17
1435521,1098.35
1401990,85.97
1390906,86.59
1462965,94.75
1187504,102.52
1095731,78.95
1110023,58.01
1176469,120.71
1166528,42.29
1053800,598.3
1048692,480.65
1341226,211.05
1258738,30.71
1455555,39.45
1037988,44.28
1180812,193.21
1343995,220.17
1227316,185.16
1372927,97.43
1306602,88.09
1230159,89.87
1388384,217.33
1351353,282.56
1412668,368.41
1161674,39.71
1344481,22.62
1119553,27.52
1154103,253.47
1416326,508.62
1164432,316.08
1321519,24.13
1293866,90.49
1050155,48.67
1404233,243.66
1333872,292.15
1304601,433.36
1054033,442.86
1256807,269.42
1100598,102.67
1443205,22.81
1228081,102.87
1261036,430.16
1456972,437.25
1234652,672.8
1019525,85.56
1409608,170.82
1310744,106.27
1446997,2658.8
1109153,260.91
1308005,1735.75
1123493,105.79
1237245,46.22
1155218,27.88
1171637,33.38
1042017,96.2
1194420,547.75
1460528,469.19
1397951,478.99
1468212,32.0
1072591,23.75
1337955,112.05
1290352,124.05
1299976,148.65
1140847,226.34
1238821,155.03
1265338,171.54
1347317,251.0
1369188,336.79
1105641,366.67
1346889,24.07
1484137,122.46
1180684,124.83
1179550,79.86
1416214,38.87
1069061,96.55
1392324,77.34
1253157,155.68
1064627,178.29
1467330,217.46
1075123,346.02
1120109,101.89
1314299,109.19
1156261,52.32
1113630,84.44
1268813,99.06
1145397,476.18
1354889,701.83
1177527,607.26
1047685,74.72
1201059,77.08
1108123,193.99
1420379,2273.09
1327250,481.99
1308810,1929.06
1017856,21.33
1303699,23.4
1361399,44.4
1297207,24.69
1108091,93.97
1044014,33.02
1366117,378.39
1175246,1712.66
1190610,285.59
1367486,16.28
1466748,116.79
1294077,71.42
1383490,105.31
1131144,70.65
1418604,127.84
1093359,467.76
1109016,780.02
1287135,673.5
1163382,25.39
1335895,31.43
1339037,38.43
1049246,43.36
1239904,34.49
1329104,118.94
1273304,66.92
1363773,372.68
1247584,315.43
1311383,912.32
1415059,308.46
1330789,399.51
1102131,221.38
1146418,46.01
1266488,95.66
1361294,47.84
1025857,147.45
1204032,314.11
1261246,342.03
1370363,69.4
1049932,97.09
1059349,157.69
1379685,1813.42
1406571,204.86
1317787,1233.78
1269383,81.94
1095921,98.94
1473953,64.13
1036541,79.74
1042290,138.12
1012530,118.44
1279482,21.81
1183572,32.28
1050938,38.12
1480136,220.65
1183250,521.43
1440724,234.55
1238788,35.22
1240822,25.83
1198444,384.06
1099030,326.9
1414499,389.51
1238900,49.76
1022388,106.57
1441697,177.0
1376322,205.25
1278517,56.73
1464656,48.36
1010591,302.17
1224424,276.65
1053563,126.22
1473999,1396.82
1391636,628.19
1058103,422.0
1398850,84.95
1019125,203.92
1359966,176.61
1205122,695.26
1435699,657.69
1451338,1464.09
1227037,116.87
1338040,165.45
1183385,247.23
1220112,4434.02
1270286,435.49
1268774,2901.53
1461261,89.19
1015954,77.24
1460911,82.3
1425740,48.39
1094329,98.0
1198363,89.07
1494681,36.78
1461529,157.74
1027092,79.43
1011707,619.26
1338306,738.46
1287191,674.24
1141616,29.44
1318975,39.82
1280255,23.9
1068883,87.31
1169895,166.72
1299452,151.92
1441502,59.73
1109701,92.14
1201572,54.56
1397917,244.17
1459768,599.89
1112214,828.0
1384957,25.15
1073388,27.33
1410195,25.17
1323018,151.72
1393168,336.39
1464503,392.88
1448615,54.14
1189624,164.55
1015296,162.15
1257262,241.89
1390673,251.07
1393329,335.67
1082717,484.07
1271409,330.62
1149602,204.06
1380508,50.79
1084335,113.91
1157467,99.73
1311551,268.67
1219848,200.65
1046393,351.62
1020243,98.66
1215429,99.87
1343129,108.33
1434894,2758.92
1248768,212.72
1353466,1366.8
1269572,73.43
1331977,45.46
1019221,64.28
1372144,184.39
1380163,100.38
1314566,25.52
1239508,59.53
1080052,35.95
1052185,385.21
1410013,498.18
1211910,187.99
1463175,50.39
1322235,36.11
1442756,35.28
1487782,340.62
1432248,233.79
1046330,432.46
1016515,42.98
1439602,29.9
1448463,28.22
1021724,82.72
1453370,103.23
1249813,165.03
1429939,38.89
1326422,83.12
1086556,54.19
1236619,250.49
1210795,357.92
1252996,175.49
1495848,99.3
1316220,118.09
1164599,19.58
1022140,119.25
1159696,86.58
1474230,192.6
1101112,234.83
1069260,506.96
1332048,83.89
1369485,154.93
1444811,153.65
1143538,1336.79
1087917,423.4
1499109,602.9
1347649,18.12
1138627,51.51
1260987,302.62
1302832,251.72
1399279,140.71
1036773,107.19
1081323,90.04
1339737,167.28
1251637,162.24
1225315,223.42
1387284,213.89
1229449,52.02
1165405,32.36
1259378,19.81
1241177,39.95
1295721,36.05
1391577,26.56
1053998,33.97
1407766,303.32
1078929,127.0
1233601,184.61
1435122,1519.0
1151274,915.39
1367894,371.31
1428672,157.62
1031763,765.93
1020912,820.52
1301486,1222.73
1195982,116.98
1058406,181.63
1428885,180.5
1392506,1644.52
1354722,519.29
1151119,1998.09
1456334,119.61
1000392,126.52
1076303,144.82
1217993,68.47
1427114,98.05
1232737,57.78
1447145,159.68
1030444,806.09
1215951,674.43
1485205,291.21
1272229,50.69
1157017,65.79
1411198,147.5
1021195,145.86
1484282,234.67
1120782,177.35
1145895,194.27
1233303,94.58
1400324,344.15
1253143,556.34
1162775,539.38
1426156,45.2
1389854,25.77
1184046,32.29
1110240,215.41
1418797,595.95
1153933,504.95
1130157,245.89
1477958,133.27
1179950,460.51
1434483,437.28
1110568,368.68
1259611,1455.83
1062494,501.83
1238695,428.29
1356980,60.99
1175779,216.54
1058670,173.55
1332114,802.07
1043320,774.82
1340375,1301.45
1249769,195.43
1494941,158.27
1133750,164.94
1120606,4186.02
1022677,595.23
1187699,4006.36
1249408,117.76
1008063,71.8
1333009,37.69
1137703,84.21
1059370,82.78
1272535,60.47
1399479,156.1
1465309,25.11
1077335,491.46
1468203,787.53
1129604,265.71
1245854,36.38
1436228,19.29
1112488,338.78
1264507,435.06
1436339,481.7
1293650,287.72
1368515,114.08
1378544,142.18
1073128,212.33
1281460,322.25
1437209,459.81
1286860,27.44
1081645,633.58
1338150,599.31
1144418,525.18
1004909,57.8
1083789,89.04
1080382,64.01
1005118,426.9
1381948,229.15
1378136,312.48
1278339,743.46
1317396,529.39
1184923,320.46
1259989,41.84
1472975,78.87
1289710,38.79
1268258,287.56
1385320,482.27
1413560,448.38
1224718,256.92
1017207,239.74
1179559,154.72
1231053,2547.64
1278358,264.26
1263612,1492.39
1091196,80.03
1199578,63.15
1343601,60.17
1079074,104.2
1427548,137.85
1358859,166.94
1048360,31.86
1091093,411.03
1411819,46.27
1158007,357.66
1239951,502.29
1144306,296.85
1155176,34.94
1056878,60.26
1044596,18.26
1183036,367.25
1179847,483.28
1390628,533.37
1323946,59.25
1142224,63.42
1255341,273.79
1143868,125.35
1212643,296.92
1278380,37.77
1276819,89.43
1226360,325.67
1213540,365.82
1261002,197.7
1436625,375.88
1455556,317.13
1436109,133.84
1182886,61.66
1153339,130.66
1462077,58.27
1400753,202.77
1193512,269.73
1064201,331.52
1292029,125.01
1197479,117.97
1154076,148.1
1429305,1773.12
1017949,283.93
1308904,1170.09
1054616,91.2
1336461,67.0
1477215,112.79
1118447,43.8
1222652,96.13
1498149,88.68
1422826,79.55
1404575,48.2
1141742,358.89
1284793,687.97
1003219,188.37
1380388,31.51
1399900,30.77
1201903,409.1
1382085,394.85
1441674,389.27
1262038,45.32
1010378,27.3
1487063,48.54
1443685,100.25
1244411,194.29
1369483,34.18
1490847,134.4
1490467,43.16
1044870,364.02
1289744,394.88
1061949,206.21
1272171,1989.87
1480899,1257.75
1354480,666.92
1057585,137.3
1195707,469.94
1407545,309.32
1007195,914.34
1264972,1074.48
1210844,2783.46
1421837,64.17
1193017,122.58
1177201,266.25
1475974,4533.87
1130779,995.64
1376448,5685.99
1272128,287.47
1335607,289.2
1118117,127.04
1334810,245.18
1068682,384.21
1186849,192.09
1407222,87.42
1134658,267.4
1015386,79.8
1124283,1151.77
1014743,1173.6
1347615,524.12
1392905,92.65
1128418,61.18
1305760,82.95
1083760,437.1
1186898,630.31
1449211,581.35
1324623,186.51
1302530,197.39
1218656,191.15
1039345,307.88
1402997,619.43
1422513,699.76
1208218,67.67
1275681,88.15
1472006,82.83
1186697,961.78
1154063,1287.68
1224020,1106.87
1152499,127.4
1103403,218.36
1353870,149.31
1414869,444.0
1155592,409.5
1011328,402.69
1378346,812.56
1066271,418.38
1062630,221.57
1410177,36.29
1195022,98.03
1010516,433.46
1428344,536.29
1371092,797.31
1124696,116.61
1018683,172.36
1456057,230.63
1458824,2826.5
1181024,230.31
1041553,1492.82
1352708,40.02
1339747,105.99
1125745,66.87
1352343,27.2
1323021,142.21
1256515,418.63
1407628,394.29
1280384,237.44
1029916,25.95
1483078,119.25
1233562,406.24
1102011,543.02
1448582,31.28
1093908,36.08
1104503,235.95
1279361,274.2
1318960,321.68
1336959,34.18
1464277,154.52
1119422,180.96
1477480,196.51
1294471,71.64
1333133,64.35
1003275,46.08
1358488,247.17
1272288,257.75
1290825,154.21
1148958,2089.52
1034980,673.05
1033802,526.98
1282516,94.38
1238630,370.28
1078562,384.4
1174713,1037.5
1227991,843.46
1070798,1482.28
1014190,138.6
1270138,89.7
1116321,285.66
1141964,4775.16
1203738,732.82
1065017,3662.95
1119638,146.3
1386092,124.8
1379280,142.26
1058705,144.36
1231273,156.91
1102466,111.88
1498076,78.73
1354259,258.92
1215738,99.38
1029371,576.57
1302808,942.85
1152021,364.7
1041253,60.71
1453402,39.09
1352703,60.61
1455324,516.2
1231858,674.52
1169391,701.65
1035888,133.88
1148287,113.74
1490962,102.9
1470794,520.87
1188351,677.87
1176669,857.24
1278543,52.16
1306674,40.74
1213251,47.86
1372237,378.88
1095215,577.92
1038564,469.44
1001293,107.51
1487809,146.1
1318005,124.75
1253835,416.75
1460261,397.11
1207469,326.6
1430955,346.37
1016415,211.18
1336482,109.21
1231323,51.16
1187485,99.02
1438137,57.79
1306041,172.39
1267399,235.58
1339529,236.75
1408796,110.5
1427990,114.51
1109333,116.79
1100420,1870.09
1248988,241.63
1499126,1205.76
1366645,93.02
1262160,39.26
1290336,56.77
1381275,47.5
1029370,98.02
1037784,58.42
1457076,21.31
1445194,113.85
1047893,23.63
1058888,268.67
1003516,566.59
1156713,261.76
1147947,23.79
1480821,399.9
1197539,386.02
1463014,394.14
1397866,23.85
1337888,54.06
1032931,52.2
1219365,76.11
1225994,76.35
1175233,43.95
1245636,273.4
1160971,290.0
1096404,212.1
1265382,376.35
1233753,209.02
1066835,64.94
1333990,23.43
1086255,102.35
1429267,79.02
1478932,137.66
1402825,268.94
1072917,207.59
1336858,79.83
1149362,80.1
1004201,88.57
1117180,1529.7
1109936,135.35
1444093,1065.83
1361255,45.99
1471104,70.3
1129361,44.63
1081277,82.34
1473506,26.81
1182900,164.31
1132187,376.12
1370849,193.88
1087631,19.75
1163909,20.32
1204772,385.78
1051517,308.51
1470903,223.33
1385567,23.33
1094602,27.06
1457111,52.65
1271078,39.56
1175823,59.31
1107484,211.3
1033330,188.52
1036900,106.74
1265395,353.72
1115685,496.9
1247176,176.29
1247660,87.97
1076364,140.67
1095494,168.31
1113809,225.51
1419650,410.96
1333805,416.09
1206710,75.99
1022502,30.56
1291979,115.69
1317168,1461.09
1078618,419.98
1450557,1850.93
1011877,123.84
1239868,131.41
1144362,104.36
1386947,114.94
1058015,294.65
1376229,272.24
1448172,60.21
1254766,170.94
1419727,58.1
1083350,622.63
1101167,602.55
1374924,248.17
1252536,70.77
1491332,29.28
1115069,67.65
1252042,317.77
1437847,359.0
1349037,351.35
1146776,47.32
1129044,43.04
1326556,42.08
1395845,153.88
1198342,284.22
1021990,430.65
1013880,88.02
1446348,182.68
1292973,150.79
1312218,483.1
1019977,355.23
1478596,170.31
1090267,127.65
1073679,117.23
1400541,68.99
1402219,40.46
1140444,76.17
1439582,55.04
1383383,183.81
1152503,284.24
1308270,222.52
1057569,265.23
1405278,288.24
1308475,284.23
1302806,1470.73
1149327,251.95
1458592,1095.0
1250578,82.25
1127512,22.83
1448129,50.41
1195583,154.72
1367936,376.19
1464628,130.36
1358064,166.43
1228578,184.82
1377631,158.94
1012556,23.27
1260468,31.04
1103936,50.37
1118263,58.67
1475103,444.16
1181549,407.18
1025123,191.33
1087645,349.45
1241826,226.93
1334372,87.81
1047720,78.72
1055325,63.34
1447963,159.05
1241704,252.7
1345238,246.97
1151767,142.07
1401894,152.96
1215801,79.0
1278451,1484.43
1141648,183.55
1354607,605.13
1484480,57.89
1059653,33.79
1001642,66.63
1053728,43.03
1452906,100.58
1221849,362.89
1145823,66.63
1004738,170.62
1016959,193.82
1366403,151.19
1203040,18.69
1309434,22.7
1053095,37.98
1310215,72.83
1048023,18.69
1457241,63.14
1099744,45.22
1478797,170.99
1193167,201.62
1473418,273.77
1275478,878.36
1039279,280.79
1318303,326.45
1427008,20.98
1022602,167.78
1450331,383.76
1338401,586.3
1455095,1290.1
1131015,153.2
1155753,178.13
1197521,270.03
1054831,2679.75
1491428,410.73
1082621,2575.58
1308127,85.04
1361172,68.13
1104604,60.98
1305125,40.36
1263934,53.72
1158859,57.99
1004511,140.52
1221347,36.74
1334054,358.1
1411737,528.75
1482143,152.47
1228789,23.8
1050306,32.61
1401916,203.45
1441346,244.26
1445719,292.82
1235133,102.96
1249510,95.96
1478651,86.88
1300102,404.2
1107407,385.97
1372954,645.4
1045292,36.17
1481458,62.67
1155654,57.91
1097352,197.08
1248066,203.74
1224671,164.78
1377389,51.36
1388621,87.25
1284250,23.94
1453398,252.44
1084227,203.99
1290361,297.36
1373220,619.62
1433003,401.35
1372767,210.71
1287686,25.81
1028205,149.52
1052382,84.83
1282473,531.84
1377962,413.02
1499594,549.18
1078682,158.52
1026597,172.33
1448378,242.6
1348608,1671.96
1380883,356.56
1058252,1764.08
1146079,30.58
1008284,30.84
1160822,14.51
1264778,17.42
1092978,40.82
1402934,134.07
1132690,33.12
1002344,388.26
1497180,627.03
1486344,444.31
1136665,18.05
1138281,59.67
1392733,61.24
1378391,45.26
1161473,32.66
1147410,39.18
1399769,297.16
1385630,281.35
1201050,317.47
1313140,34.26
1354197,23.84
1393791,39.22
1488767,68.31
1038860,45.25
1095582,27.92
1408529,71.18
1092603,22.67
1017195,356.13
1280096,380.8
1358278,471.37
1441493,337.94
1197751,215.97
1069003,120.71
1318108,58.75
1224735,106.28
1375272,73.13
1130751,133.11
1407705,187.46
1319965,221.77
1129316,59.29
1312521,76.78
1377111,51.46
1448820,1995.72
1299718,250.51
1142258,1327.01
1274801,91.47
1261414,76.41
1441579,69.29
1485381,57.72
1078971,88.88
1311286,183.14
1130121,43.74
1108999,119.82
1072044,55.15
1351452,292.83
1149836,363.1
1327461,213.74
1407103,52.32
1004415,32.84
1063060,390.96
1409048,333.99
1088324,436.43
1436928,27.59
1469962,45.79
1322938,79.3
1463652,96.71
1403044,171.47
1308022,56.41
1336250,98.26
1475924,51.89
1399620,286.06
1470691,311.68
1062043,92.77
1320351,565.25
1321385,472.87
1076145,217.44
1067868,35.74
1246710,113.21
1478428,58.66
1300491,229.23
1117583,367.63
1045436,498.61
1046296,133.32
1003774,161.9
1193733,169.01
1071433,4464.46
1150635,254.16
1153606,2338.62
1463595,104.11
1121534,99.43
1338458,66.57
1021248,145.68
1456547,196.75
1266338,32.81
1089876,122.24
1444468,32.83
1492727,427.19
1175015,538.07
1030093,273.09
1084128,32.72
1455454,42.09
1163122,259.77
1493963,415.27
1325195,488.97
1006757,73.16
1173623,46.51
1189411,25.4
1419046,274.31
1391368,144.53
1078393,263.31
1362930,69.49
1148432,33.43
1157952,308.41
1421823,329.11
1488675,291.52
1391279,201.48
1123390,173.96
1158789,70.97
1012009,21.87
1206547,85.52
1273403,131.02
1419767,226.53
1214712,217.69
1277314,143.08
1150833,71.78
1376099,56.27
1136598,947.47
1313669,89.59
1438471,848.33
1278279,30.76
1417791,25.37
1321591,70.98
1108806,39.41
1019410,25.11
1313151,40.24
1303625,173.2
1317487,355.66
1016408,104.49
1027573,20.48
1003495,20.28
1377489,389.5
1045441,331.2
1298833,253.21
1376616,26.49
1309094,38.36
1252943,33.68
1301397,18.08
1489870,21.13
1260253,31.66
1163508,39.64
1267023,22.3
1271281,217.97
1416108,174.18
1053239,74.15
1390157,1493.5
1348210,628.57
1462354,637.14
1387628,141.95
1178750,116.53
1180221,529.49
1061083,523.25
1417395,1025.4
1257964,94.01
1041421,89.34
1225370,136.27
1318708,2842.45
1298752,409.12
1006972,2816.39
1445613,158.48
1032032,125.87
1170276,198.39
1261997,155.15
1279926,142.04
1320313,34.12
1069609,128.53
1188923,506.31
1277137,473.87
1321083,287.71
1299500,52.76
1404104,48.14
1431655,48.95
1166438,254.17
1294970,295.07
1087179,166.45
1488501,124.41
1245834,62.08
1415414,48.39
1138532,189.68
1423702,243.26
1263294,360.85
1250143,53.92
1119650,41.03
1278069,46.03
1199102,259.17
1433450,520.94
1360725,482.22
1057764,106.69
1402432,119.86
1107519,80.85
1478678,338.25
1359424,324.37
1319711,226.9
1350440,1038.72
1121390,406.93
1092107,291.48
1207162,58.78
1336861,137.98
1458020,98.96
1261440,691.29
1440417,738.71
1369957,1711.01
1027398,226.42
1390864,241.2
1293914,424.95
1230230,3300.42
1341098,500.56
1178578,4914.69
1141469,91.37
1468396,67.96
1254335,86.01
1225773,26.75
1252882,36.7
1100845,22.97
1306213,87.93
1482036,42.95
1200300,600.91
1374065,389.67
1271122,177.6
1305187,27.75
1090327,28.48
1246152,149.26
1001624,112.29
1480765,79.5
1066825,102.62
1015288,63.67
1081486,71.37
1371099,445.31
1487942,469.8
1013085,459.24
1325274,31.37
1055267,29.67
1416809,117.96
1186368,257.17
1266540,200.85
1422131,27.59
1363863,61.02
1495820,29.54
1222905,250.37
1009810,325.75
1071035,305.39
1406416,627.33
1444150,698.53
1494124,341.44
1168659,56.2
1286139,85.75
1231162,61.62
1221143,191.88
1176218,318.41
1059042,543.51
1389884,83.95
1049469,91.86
1242586,100.56
1015970,1248.02
1064484,291.11
1038111,1225.2
1285831,123.76
1364225,94.0
1129487,107.67
1464242,149.42
1084752,214.76
1473103,210.55
1453188,23.4
1261427,87.96
1061284,41.65
1102764,450.27
1294005,718.8
1225617,260.53
1307102,42.43
1310837,34.14
1467768,429.8
1365592,344.29
1455529,423.68
1059264,41.84
1187206,36.56
1369804,42.22
1020464,120.35
1151202,94.69
1044974,167.69
1019963,78.17
1286451,57.9
1196193,323.15
1403823,304.91
1141787,177.9
1140787,213.95
1386731,205.91
1185269,85.89
1070733,29.32
1358238,82.22
1374634,53.09
1231736,143.21
1484430,240.8
1132084,283.97
1102829,99.08
1074575,152.49
1213359,97.5
1076907,1419.16
1112824,188.08
1145862,872.11
1062790,19.74
1459860,39.42
1487956,26.14
1397812,62.73
1062078,253.34
1137097,478.78
1235291,175.25
1158661,427.49
1003459,378.5
1009290,377.96
1365045,18.47
1280225,21.25
1088169,25.84
1444995,48.29
1056805,19.23
1300033,36.59
1140262,36.21
1119152,42.55
1044920,341.29
1212779,407.34
1093377,203.44
1217360,59.85
1003099,56.84
1219726,76.01
1406018,59.68
1094927,66.88
1479236,154.45
1080862,120.1
1281752,258.13
1089147,120.67
1341774,162.25
1474431,1055.9
1130649,107.72
1217371,350.91
1137736,29.04
1027368,74.37
1172089,313.38
1398163,175.33
1260541,206.79
1038509,249.66
1003218,236.25
1345723,45.12
1026349,32.08
1446915,14.46
1059984,204.53
1030243,107.88
1352929,161.49
1203405,846.62
1362484,260.69
1188982,257.43
1305994,65.88
1267654,115.52
1127538,81.94
1366788,352.23
1340261,310.96
1278100,806.06
1002461,70.56
1284086,103.21
1362854,115.75
1248475,2476.82
1026803,215.48
1014169,1592.12
1040562,77.99
1264727,71.72
1047128,60.42
1091740,66.2
1018252,119.66
1239853,64.75
1246091,48.53
1052692,74.29
1366131,30.84
1193051,249.42
1185489,464.78
1009193,223.5
1457172,40.36
1032783,43.06
1096378,24.76
1083483,135.66
1377335,203.02
1233397,207.92
1263028,100.99
1002286,69.31
1177408,87.39
1009321,216.61
1327372,243.25
1444981,335.35
1447555,35.18
1347087,183.1
1433295,246.45
1227977,147.06
1428803,35.72
1069118,67.82
1280515,45.14
1275321,155.73
1320888,185.94
1211469,155.44
1043759,485.11
1274476,289.38
1015306,194.44
1226202,44.18
1269436,54.05
1392516,70.21
1175181,114.84
1394002,219.56
1100145,336.82
1405173,53.05
1431128,99.57
1168290,2097.43
1097457,197.18
1251813,1259.39
1290508,111.43
1250530,118.16
1065521,113.97
1028235,89.31
1120159,164.44
1201924,166.97
1387218,33.23
1385976,82.01
1492576,35.21
1457102,280.96
1225246,423.99
1137692,230.62
1097664,25.53
1423762,19.78
1486936,407.21
1036363,321.6
1089895,379.2
1073741,41.53
1264314,35.43
1330214,36.85
1494999,131.9
1344550,207.08
1124700,243.76
1242539,50.36
1084372,100.75
1008109,52.26
1020796,203.4
1248932,175.83
1259305,170.92
1339799,1709.63
1265496,1066.29
1210302,602.45
1345540,70.96
1396943,227.84
1229906,103.79
1309747,823.36
1150824,755.25
1105714,1543.1
1464884,92.0
1050711,129.23
1126149,168.15
1406813,4898.81
1276366,520.03
1065859,4910.82
1047034,113.47
1322050,109.04
1218824,77.55
1125271,79.13
1146788,160.53
1290290,163.54
1312333,261.18
1290649,22.53
1445173,602.58
1162336,1033.38
1428418,252.74
1178671,37.36
1165681,46.57
1322633,55.32
1022676,420.49
1182203,494.66
1477854,409.5
1078258,116.03
1459447,126.25
1414710,110.05
1163586,214.44
1354271,279.13
1435587,382.0
1235730,70.64
1430653,34.79
1356816,285.52
1249459,859.44
1383696,642.86
1473273,81.22
1156239,159.16
1080833,105.75
1357643,342.1
1066858,324.16
1136298,262.97
1204001,142.61
1268214,110.55
1432435,56.7
1087869,22.74
1294285,89.45
1447542,83.55
1219752,165.27
1463585,260.08
1399354,119.22
1083258,70.78
1348027,132.14
1073296,1227.97
1218259,96.36
1055166,1024.46
1048344,27.74
1279293,15.6
1429858,20.59
1377616,19.54
1077316,87.36
1020593,28.24
1374566,106.89
1174458,771.11
1292317,287.28
1109552,425.69
1020570,356.42
1131507,231.58
1364412,19.04
1095570,20.19
1349089,20.36
1099027,28.96
1483921,112.64
1356018,98.08
1425677,486.94
1234948,499.17
1228845,164.36
1312925,791.9
1409045,427.8
1407711,263.77
1384843,46.32
1404814,109.39
1152733,95.39
1307351,545.72
1338165,508.8
1489624,912.29
1125254,139.2
1038042,103.45
1420115,206.44
1349422,2094.2
1284712,303.37
1210696,1489.92
1412353,63.5
1392645,49.11
1384949,72.76
1188626,100.18
1066079,33.22
1162285,93.14
1492538,50.2
1402415,461.5
1019929,495.8
1459986,314.49
1451930,15.76
1221659,334.72
1070154,361.48
1222153,275.93
1217690,66.83
1207164,78.64
1196535,183.9
1271370,249.46
1362696,329.46
1115930,64.52
1081422,31.82
1178109,222.24
1381479,192.78
1262482,180.47
1406669,74.17
1066635,57.53
1393223,38.33
1203426,246.17
1422405,260.45
1491431,277.98
1499374,950.58
1388656,274.02
1367962,286.58
1126025,51.92
1222999,133.51
1334149,87.93
1372970,438.17
1051921,517.59
1118718,653.61
1019197,42.24
1163736,86.72
1490537,166.3
1421037,2495.23
1369165,286.15
1479853,1951.48
1347737,137.1
1224591,151.23
1401547,85.68
1003132,165.12
1067886,121.19
1021448,40.26
1146229,48.18
1150462,65.14
1164569,482.7
1381797,536.33
1165069,213.03
1314459,43.41
1120011,41.29
1252492,189.32
1497593,373.61
1256423,301.33
1498061,175.04
1468554,140.01
1394553,107.78
1038405,200.94
1092384,277.5
1214548,363.5
1316602,65.1
1149305,59.2
1376882,65.42
1402905,302.7
1265562,437.22
1471607,278.27
1207514,48.21
1233077,82.27
1099116,82.78
1312179,228.6
1335106,285.62
1473304,232.87
1135009,70.41
1317384,73.56
1371779,40.93
1240938,67.43
1220537,154.13
1268409,80.45
1090433,107.94
1430511,205.39
1466400,129.41
1255779,1012.84
1359285,116.26
1497401,336.57
1158034,18.19
1175348,25.9
1398779,42.74
1416593,75.52
1117008,946.05
1422410,599.05
1438434,418.36
1289002,309.15
1304131,205.05
1039804,16.42
1401112,27.93
1076970,36.14
1497233,114.38
1095800,33.64
1141220,553.91
1216862,548.01
1291354,190.31
1318829,584.28
1105567,478.65
1024334,164.25
1082784,84.64
1221554,166.99
1250142,184.59
1484156,205.82
1370080,530.76
1401067,426.26
1499403,156.57
1319124,109.98
1294205,3472.28
1428427,249.34
1034494,1802.24
1012741,119.73
1222552,103.63
1176172,105.58
1180274,276.64
1006679,290.67
1321317,53.83
1330192,499.65
1345103,80.05
1192637,467.61
1014260,604.39
1349532,144.81
1042609,61.21
1336011,64.24
1336430,59.48
1006871,269.88
1247718,367.62
1329337,478.81
1471915,99.65
1412206,37.14
1206173,32.24
1342026,145.78
1220665,215.11
1442420,404.13
1005888,89.58
1431479,145.58
1412678,83.58
1451172,385.12
1209243,312.39
1118231,139.97
1436925,300.08
1177213,247.76
1393892,209.29
1293688,20.66
1430451,64.33
1257915,62.65
1260361,132.7
1350360,373.32
1250071,367.68
1005203,162.94
1002038,196.99
1495941,142.57
1129879,2105.12
1480310,305.34
1411866,967.81
1476353,43.06
1308065,40.18
1036112,55.25
1470282,31.02
1202024,53.25
1083569,281.43
1469153,258.66
1449624,55.91
1198904,153.31
1159627,255.67
1452753,224.98
1413299,31.39
1007084,27.28
1231412,54.38
1378037,63.05
1297445,62.0
1438160,41.06
1483101,44.04
1480060,395.15
1016113,600.48
1162379,140.06
1091288,1571.27
1372964,945.07
1066331,210.21
1005212,63.24
1394276,129.17
1293724,96.44
1265135,723.12
1202745,738.3
1475054,1500.57
1396314,115.1
1367644,144.93
1201373,212.64
1190458,3036.14
1032122,369.08
1076725,2617.01
1064096,118.27
1163018,74.47
1375223,95.61
1301717,92.43
1428980,60.01
1100342,46.03
1343359,106.35
1423280,524.46
1169225,559.03
1465986,160.01
1270442,39.16
1265514,24.82
1177336,38.19
1429672,128.48
1257683,79.59
1045236,295.01
1427198,382.9
1363750,159.73
1354562,445.31
1361686,567.42
1403738,589.03
1223276,31.01
1346354,26.35
1090120,29.27
1131741,208.68
1170391,291.09
1396714,184.74
1476267,40.72
1239629,97.64
1209622,87.79
1045618,297.93
1095815,293.41
1091233,212.33
1398418,358.29
1179336,237.23
1358912,73.93
1079072,33.98
1117169,99.78
1368745,65.32
1303163,137.98
1049813,400.16
1188565,260.31
1457380,140.97
1218111,111.78
1102916,104.87
1097127,1315.89
1165065,209.75
1120074,1456.31
1028018,122.53
1074971,78.26
1257808,81.62
1214676,113.38
1433675,155.89
1175443,35.96
1175194,94.41
1099840,50.68
1466306,193.65
1440825,587.34
1486783,460.14
1322331,28.24
1036614,279.38
1069991,460.86
1198552,26.85
1033486,27.6
1161969,28.3
1181346,66.58
1019871,48.06
1370409,61.47
1090001,26.93
1395107,50.6
1329672,270.79
1493176,217.93
1010051,174.09
1194947,441.99
1195282,389.12
1393742,189.96
1490790,32.34
1296401,86.73
1143282,52.57
1257007,114.34
1198928,291.26
1415350,361.78
1034989,273.17
1470064,78.96
1485813,150.07
1216593,2090.09
1090739,170.62
1331772,2116.82
1467724,68.88
1319892,47.54
1296548,134.54
1057687,90.58
1006400,58.22
1202321,37.0
1232693,423.01
1088390,538.61
1047164,302.73
1414441,27.16
1464530,24.18
1158989,394.11
1218556,348.43
1063924,389.99
1386823,43.84
1428090,26.9
1080853,112.66
1296610,61.49
1425926,76.29
1057655,31.01
1260202,45.28
1211375,38.49
1357283,354.18
1317270,359.75
1158796,202.44
1441531,415.3
1376392,263.34
1402391,180.49
1241852,58.35
1105602,93.74
1237714,46.71
1470264,266.36
1372047,470.06
1364017,209.88
1427606,94.68
1149679,110.99
1434019,98.75
1463479,1488.24
1160547,117.11
1476899,1441.36
1062579,27.28
1167403,55.5
1000831,54.86
1405691,62.68
1051395,30.81
1110076,234.97
1221115,305.61
1146209,121.03
1400354,36.76
1270581,179.34
1013331,199.19
1455897,330.32
1053982,48.36
1273228,77.16
1449458,76.48
1364328,159.17
1058319,43.24
1080543,55.87
1185785,302.75
1241404,325.36
1444450,106.25
1248805,499.02
1287664,401.4
1425745,190.29
1295803,55.49
1188988,101.67
1218721,50.44
1110021,263.97
1403828,219.51
1453489,319.92
1356071,145.26
1462466,116.45
1184862,127.74
1242154,2777.48
1064732,117.33
1359636,1621.91
1273778,78.73
1034465,47.38
1047182,52.13
1279658,27.79
1068315,58.95
1002703,109.12
1192767,22.33
1153423,93.02
1104076,206.25
1372175,330.39
1484666,131.2
1074808,32.29
1499791,171.9
1012199,290.19
1371072,438.26
1337833,23.09
1499597,26.44
1152640,28.76
1152832,73.88
1248367,72.85
1311195,180.73
1003603,33.7
1491649,70.69
1275758,42.51
1145855,176.77
1128983,196.26
1358834,159.94
1050090,591.45
1258870,364.27
1498242,420.62
1265747,45.6
1320063,109.11
1440934,79.83
1375670,351.56
1468147,423.5
1335661,712.0
1203802,144.25
1287827,155.6
1151671,206.07
1198647,1766.68
1321983,258.81
1416169,1512.33
1097142,35.9
1475252,26.94
1047283,382.97
1469473,305.3
1017174,214.86
1142069,23.82
1411642,22.01
1055911,141.29
1005047,196.72
1215030,64.78
1165272,72.17
1238585,94.68
1214927,170.07
1344687,254.13
1288267,313.72
1013447,24.03
1472670,36.87
1079013,68.54
1238444,101.91
1107036,51.95
1478036,64.42
1003011,20.14
1165858,166.27
1142725,162.75
1438722,192.79
1348564,508.12
1082397,255.86
1170464,242.53
1279071,36.59
1454242,104.93
1374880,68.9
1160529,383.27
1282205,357.75
1282979,619.99
1445857,119.16
1300957,174.0
1145685,148.16
1313316,2095.64
1107810,245.12
1027173,1193.81
1364840,49.84
1399020,61.88
1192491,54.81
1326790,38.39
1188764,58.59
1406673,79.01
1294357,229.28
1228266,154.12
1488677,238.0
1424179,24.62
1429867,28.14
1083778,139.96
1412339,157.92
1309019,207.17
1429369,50.9
1023764,60.44
1235639,219.27
1161715,228.21
1034811,328.87
1297084,27.18
1263867,28.81
1207706,191.53
1495277,203.97
1274689,115.79
1473386,40.91
1396008,70.82
1352957,65.62
1175539,254.32
1208032,162.99
1139998,83.93
1345370,556.9
1468915,165.12
1412517,151.33
1235360,52.2
1115937,138.37
1414341,114.02
1150150,295.16
1222246,472.76
1062556,740.94
1389391,105.26
1462187,114.45
1477781,99.93
1307721,2875.26
1086764,454.65
1274608,1668.54
1385813,50.91
1152269,77.69
1293693,115.63
1079050,45.38
1268557,71.11
1028423,50.07
1354486,99.81
1439681,43.09
1100265,194.55
1288951,460.29
1050581,205.43
1115528,29.34
1294502,183.55
1337744,153.68
1430822,145.51
1367941,97.01
1088086,38.78
1022421,67.43
1065633,223.71
1475975,274.09
1301966,295.39
1179522,23.27
1452915,36.43
1337074,126.52
1411597,222.78
1485280,208.51
1228135,68.31
1123336,88.34
1452081,44.11
1434384,401.46
1377169,330.67
1417530,219.04
1468795,151.38
1425915,124.83
1448266,67.26
1103610,27.43
1443467,79.56
1431006,62.19
1249754,155.89
1456297,200.76
1143869,179.68
1402368,106.52
1480810,121.89
1235695,158.93
1126918,1138.78
1204193,69.49
1363689,917.02
1171147,17.58
1069813,24.7
1162341,57.07
1322932,167.79
1299021,598.59
1285582,177.73
1129549,389.62
1464589,309.64
1076755,214.34
1032540,20.52
1309956,28.72
1216773,34.87
1310608,39.66
1398185,38.37
1406628,430.63
1109214,460.07
1359148,174.34
1299390,432.33
1204365,246.22
1089056,122.68
1046942,40.21
1095830,63.66
1225650,73.72
1294270,117.63
1078691,184.67
1136158,241.58
1043837,40.91
1163684,85.8
1027819,127.92
1191824,1574.87
1308807,184.26
1328774,1038.77
1169581,100.13
1430856,97.8
1175333,114.32
1270294,86.83
1321137,25.55
1283691,71.06
1370005,226.97
1262025,361.58
1259435,235.91
1166622,21.88
1383858,17.35
1427098,20.09
1285859,348.53
1440743,352.49
1062420,416.79
1462136,32.29
1009784,31.23
1486013,28.4
1399286,118.69
1147901,85.98
1344150,203.67
1070037,52.15
1222949,41.78
1215011,30.4
1198959,154.5
1188527,69.99
1346714,90.46
1482630,390.47
1448107,199.15
1205567,59.46
1082757,135.91
1215876,57.82
1225833,171.9
1044380,272.88
1205384,294.82
1461502,80.46
1119781,116.14
1139984,102.71
1460556,2102.04
1188459,232.32
1389266,1005.96
1108124,53.3
1491489,52.11
1049062,43.5
1075576,74.73
1477670,75.24
1272908,22.65
1038889,923.89
1028380,37.21
1107037,280.99
1334397,517.99
1457455,223.93
1058761,26.41
1130814,398.48
1044631,340.86
1344808,358.13
1038504,29.53
1329960,34.26
1296351,27.13
1019539,52.7
1387986,107.73
1476397,214.08
1167804,45.03
1136777,109.89
1035417,72.76
1064599,272.63
1499642,312.02
1416036,198.05
1458201,181.79
1474894,194.63
1306179,69.1
1002169,88.28
1240731,57.39
1308479,219.59
1430344,311.59
1427461,217.15
1180427,232.32
1084840,274.32
1339628,171.96
1483668,2088.79
1200166,199.56
1186410,1410.06
1483138,33.04
1028424,30.83
1011434,22.94
1476698,91.9
1212467,29.73
1072033,129.4
1355242,301.11
1271881,120.22
1002006,16.64
1278449,15.92
1353206,158.37
1459848,196.72
1164315,236.66
1310332,19.75
1259442,27.7
1040715,41.81
1357297,40.45
1215083,51.38
1459079,395.0
1133258,314.85
1051624,212.61
1189364,296.15
1237197,232.61
1344039,223.68
1228340,52.17
1418384,128.26
1423901,78.76
1034918,141.27
1102692,241.29
1392759,207.07
1478254,80.97
1429232,94.05
1114780,143.23
1479658,1583.21
1080730,634.8
1455182,1738.14
1282860,66.85
1101343,62.7
1431812,23.56
1196870,49.17
1255092,61.13
1459340,79.48
1303994,32.5
1180844,150.42
1229053,522.21
1115522,203.07
1416387,24.08
1175969,369.73
1264512,323.74
1101602,432.03
1364974,62.47
1099346,40.89
1405795,90.38
1496382,155.66
1175684,49.52
1142788,285.76
1295041,318.81
1077288,172.3
1366421,541.63
1492620,380.76
1075788,297.87
1382213,55.42
1182796,120.22
1282019,56.62
1122837,222.22
1273607,252.97
1110475,434.27
1136800,122.37
1160516,139.29
1417174,173.14
1413077,2321.97
1045457,194.19
1015514,1488.1
1013966,96.47
1429994,75.23
1119395,85.48
1329624,159.9
1103849,176.07
1345178,30.36
1155905,47.81
1294097,56.58
1343829,279.63
1266359,474.98
1207533,199.89
1138260,36.55
1112094,37.7
1323908,232.31
1085482,235.52
1409991,314.21
1492673,45.77
1175740,153.9
1395167,147.57
1199340,293.77
1418919,80.68
1377719,34.79
1194437,229.16
1130416,271.23
1280840,137.52
1004386,1069.4
1184922,373.43
1100507,349.42
1252468,44.5
1477986,161.5
1214733,95.75
1339069,767.57
1496763,716.02
1104288,1528.49
1448727,211.99
1109352,91.76
1064194,406.14
1442423,3688.22
1312594,483.72
1158066,2523.46
1055289,97.53
1289858,64.46
1264890,61.26
1334387,58.64
1240059,39.71
1182924,97.66
1446920,61.79
1421718,646.49
1154848,510.26
1498872,154.24
1266223,35.07
1098357,403.6
1125038,482.6
1090346,475.26
1284544,75.88
1291460,61.7
1071892,34.25
1486367,440.17
1468541,482.54
1412731,615.46
1128321,30.27
1161914,36.78
1201367,35.2
1135041,206.97
1107151,271.1
1024822,273.43
1231986,39.72
1288363,104.86
1437468,68.81
1440190,470.85
1408826,315.72
1370307,289.9
1054840,364.42
1202900,330.26
1095838,174.58
1367860,43.0
1327389,93.73
1022457,51.72
1149165,526.03
1233718,270.04
1247242,316.72
1402904,84.66
1142998,88.77
1092728,135.32
1045267,1257.55
1116525,167.96
1309132,1056.08
1181514,81.09
1378577,78.92
1135287,51.4
1175471,89.64
1088756,305.74
1043794,207.15
1322864,75.83
1315562,65.31
1448323,56.77
1228726,172.13
1086519,348.71
1092587,168.49
1070040,20.65
1414811,164.16
1066536,295.27
1042837,405.41
1168535,44.76
1100363,32.19
1364685,68.64
1089247,123.31
1002289,104.71
1472093,182.59
1277054,41.31
1215476,50.73
1228546,36.74
1348404,146.9
1384611,119.79
1034430,103.93
1350989,238.08
1066808,205.61
1430557,121.93
1353854,60.22
1097979,105.47
1238938,48.4
1245351,272.32
1059707,518.54
1053781,279.12
1066626,169.59
1134734,135.85
1353313,156.5
1435817,1804.75
1452660,278.65
1019982,1860.42
1240782,23.01
1350135,36.33
1451801,66.17
1454486,32.64
1164094,93.39
1297617,156.37
1061133,1113.22
1141705,1104.54
1424399,20.05
1384912,19.33
1140677,16.74
1311021,235.63
1091445,316.41
1272773,481.37
1297638,26.56
1226628,21.05
1115404,41.91
1064371,39.3
1166572,54.41
1123612,43.38
1359515,421.88
1164565,371.29
1224519,504.74
1158272,469.92
1268541,357.12
1145683,183.76
1328451,71.81
1074082,107.01
1003704,68.17
1113641,302.8
1290576,367.84
1135907,492.98
1082279,236.71
1290141,235.94
1139728,238.55
1453733,1501.12
1002232,260.06
1270725,1328.11
1233905,80.84
1230053,104.44
1472644,89.29
1454734,45.05
1225700,87.51
1110838,276.36
1061668,516.6
1063075,170.54
1208304,39.87
1349760,166.72
1302694,323.28
1493476,435.62
1362461,39.61
1411389,52.32
1351136,39.83
1225400,82.55
1377213,63.71
1125415,180.1
1043869,28.96
1356946,78.03
1217777,41.19
1476749,434.13
1206410,467.07
1219775,164.13
1178390,640.99
1442492,201.77
1037900,254.69
1013732,36.32
1421863,112.49
1429149,113.62
1282157,360.79
1211603,305.24
1083920,522.98
1460475,71.33
1362845,91.87
1020749,114.71
1158899,1379.94
1479026,244.95
1264189,1345.73
1125550,35.9
1274650,30.49
1095654,36.84
1196904,90.41
1071193,53.98
1408576,40.72
1414454,29.63
1388607,104.77
1273431,30.01
1452892,236.33
1433782,504.13
1422861,201.04
1358884,132.51
1374456,163.81
1140646,247.28
1465544,66.69
1069495,48.6
1209537,52.61
1420346,232.66
1393333,257.82
1075794,329.15
1087010,35.45
1318684,135.31
1438307,127.0
1369685,165.37
1280197,62.66
1035293,44.76
1159948,227.37
1314173,223.05
1040051,180.56
1106975,791.56
1159863,543.46
1233212,225.26
1400709,23.04
1171028,129.32
1340130,85.06
1494618,443.96
1130731,432.55
1462364,924.93
1009223,92.85
1201493,121.17
1410422,196.99
1419099,2289.29
1216159,357.06
1094661,1816.1
1131852,29.4
1240781,29.77
1259603,31.74
1020079,34.74
1289847,83.74
1409175,565.32
1302003,654.0
1182340,319.89
1475668,17.22
1195244,64.54
1320276,125.57
1433963,84.52
1061545,91.34
1123342,77.39
1499088,211.04
1304737,314.32
1191484,348.23
1268631,17.79
1435213,18.14
1358960,19.74
1159038,56.25
1167774,83.68
1276231,46.11
1193203,23.39
1086235,34.35
1443957,27.54
1144315,314.54
1170143,348.67
1456750,229.67
1178106,2072.68
1478799,734.8
1441691,539.68
1072387,76.14
1296374,186.47
1452022,141.53
1202770,676.65
1292462,658.04
1283801,1619.71
1172837,88.42
1061530,122.14
1132421,215.16
1207821,3876.95
1425955,546.97
1177798,2853.16
1206668,157.32
1083512,112.58
1032899,67.36
1419409,320.33
1313011,221.53
1450249,245.83
1332124,45.65
1342545,236.02
1189165,37.64
1298632,701.86
1483839,753.96
1194554,399.56
1246235,49.13
1394658,64.1
1083939,21.96
1389275,311.77
1040684,482.53
1214462,551.12
1230965,126.3
1379530,105.87
1212610,110.52
1304455,389.87
1412631,513.76
1317530,775.82
1426262,45.31
1239465,42.9
1416084,34.68
1279695,415.14
1441734,636.01
1103357,490.92
1198182,57.14
1025834,99.87
1181097,100.3
1161018,476.2
1309392,282.43
1455063,362.0
1158632,1656.23
1091121,923.82
1088945,478.01
1489209,59.53
1023300,246.56
1439667,102.66
1293881,656.76
1485195,656.22
1153454,1906.9
1069020,121.82
1213921,139.93
1305234,287.24
1291485,3325.86
1387465,429.76
1256817,2512.51
1224265,123.46
1334010,129.13
1467939,78.65
1180074,99.71
1074049,48.59
1302893,126.63
1394784,73.74
1408505,134.3
1345794,34.24
1051255,588.79
1142160,651.85
1107967,393.52
1067301,48.44
1492121,47.69
1067044,25.33
1481158,295.44
1195466,345.64
1256199,374.75
1122945,142.46
1028988,145.63
1499206,120.68
1319595,265.28
1150029,371.87
1194693,459.77
1111675,41.88
1031321,24.27
1292810,25.5
1471715,283.37
1442310,467.62
1104258,367.11
1494852,92.13
1255232,130.08
1210758,113.79
1154462,286.06
1301242,423.45
1230914,346.84
1379139,147.69
1042036,184.58
1094777,83.76
1018091,37.87
1303118,124.45
1491185,69.94
1295788,129.15
1259106,384.78
1238736,246.47
1458641,106.62
1311052,253.32
1169917,141.76
1287052,2032.97
1395336,194.5
1190637,1365.38
1084617,37.02
1458882,21.11
1337676,24.75
1131529,41.09
1492888,34.09
1315303,175.93
1495511,39.94
1033654,164.34
1241673,824.19
1171101,210.74
1208622,16.43
1312726,16.68
1038199,394.76
1125955,319.73
1191952,385.97
1101241,32.56
1066302,35.98
1360048,30.31
1413086,52.94
1101295,49.39
1244418,67.19
1060936,36.3
1210023,439.48
1415291,402.63
1475531,245.16
1301467,308.45
1385854,214.75
1363852,141.66
1162850,43.09
1432549,111.39
1189551,47.08
1038816,112.19
1480033,259.32
1439508,174.12
1288387,74.97
1002856,57.04
1235062,1633.04
1256663,228.35
1257953,1386.97
1372244,27.06
1354738,47.44
1082827,32.25
1060476,211.68
1212359,650.99
1445136,232.17
1086420,18.96
1416779,20.47
1459993,358.45
1083469,360.37
1301576,402.36
1432401,18.71
1425354,45.73
1030592,24.26
1190493,33.68
1025415,35.38
1266382,43.54
1063358,39.82
1460874,342.06
1389985,353.94
1282001,181.67
1281477,111.25
1192441,83.31
1410275,84.06
1234421,27.25
1459159,101.55
1070644,123.5
1166141,162.2
1187242,45.69
1226046,76.29
1479494,103.57
1395552,1216.76
1144343,124.32
1423217,1189.59
1343976,23.0
1285359,48.19
1083044,66.14
1209421,227.64
1330416,125.17
1353281,27.11
1357260,158.38
1390060,223.64
1361611,230.61
1323071,48.89
1257128,36.92
1070053,36.75
1453716,79.22
1208237,33.05
1087231,235.39
1198739,108.73
1146521,172.62
1468705,951.53
1057220,538.46
1279856,370.23
1090792,51.81
1178960,134.13
1117896,87.84
1397015,472.49
1418689,471.2
1228164,536.24
1029940,88.32
1328781,109.23
1065461,194.15
1243839,1936.12
1471318,276.73
1363829,1475.59
1441756,56.2
1228411,48.92
1358172,82.26
1200656,131.79
1134918,63.61
1347464,110.12
1193522,392.71
1204196,621.3
1406890,251.55
1030025,39.87
1219364,24.51
1161599,30.75
1250988,186.19
1171474,202.99
1125554,227.48
1298954,82.72
1040458,81.86
1460940,121.43
1357262,217.05
1156851,348.77
1114185,570.94
1274272,43.3
1247132,33.64
1470240,35.68
1099379,195.03
1197638,252.1
1007842,160.91
1354636,44.37
1214395,85.42
1267738,39.88
1062104,241.87
1417525,223.73
1009375,420.05
1250371,624.34
1460051,125.11
1073366,152.39
1411707,40.84
1018726,131.84
1466565,110.98
1093106,314.71
1482584,311.52
1349917,701.7
1126206,103.69
1062592,33.99
1057767,59.43
1383977,1233.97
1105382,263.21
1488019,1272.42
1310708,39.33
1224959,59.69
1198619,23.85
1109243,20.64
1286106,78.22
1211354,50.78
1212519,336.75
1309748,281.64
1292773,102.75
1085197,36.34
1161921,68.36
1285669,114.54
1094658,103.96
1076525,116.81
1450450,66.63
1372636,171.94
1406546,251.05
1348460,230.85
1240846,113.89
1015804,241.82
1248501,180.26
1121701,45.23
1337720,67.28
1422209,167.03
1003447,170.96
1061263,100.79
1145373,1154.53
1132636,644.45
1201156,332.11
1078058,54.72
1151079,150.16
1189941,135.77
1475951,473.06
1184448,491.77
1391925,1134.6
1476929,79.28
1231386,106.13
1404911,157.01
1114758,2885.76
1144461,324.68
1066415,1384.54
1008743,84.38
1189950,76.66
1219400,136.68
1419847,181.22
1114649,105.28
1216349,36.66
1244754,86.46
1331326,45.45
1120815,428.41
1462648,445.45
1126592,207.33
1055426,32.72
1384255,23.71
1306205,33.24
1019043,199.58
1408089,219.29
1146767,363.36
1259805,65.39
1497120,70.97
1292298,66.2
1405377,238.29
1426151,253.93
1116946,377.99
1133414,53.49
1062761,28.41
1061634,33.82
1305049,229.95
1116333,304.66
1191349,256.07
1159771,84.21
1251864,50.6
1083765,264.06
1228552,315.24
1430516,220.57
1151845,218.65
1294699,195.51
1135850,84.18
1180421,49.89
1123301,168.3
1300287,77.4
1168400,144.99
1097503,266.98
1408518,212.56
1444957,117.74
1399997,97.31
1014758,126.58
1095122,1952.68
1489921,193.0
1209256,1235.3
1016153,32.72
1085266,17.19
1143854,47.48
1312916,48.46
1175396,16.25
1074206,87.6
1248416,48.27
1453080,199.96
1192024,681.78
1141206,215.57
1355728,21.44
1299237,24.79
1307772,397.72
1400665,354.52
1004645,383.34
1210413,22.73
1436680,62.66
1470215,50.67
1324163,64.1
1339559,31.25
1497250,74.11
1365093,43.64
1027940,329.04
1209765,333.82
1450040,200.41
1214298,242.71
1382875,215.25
1253739,123.54
1193984,32.97
1097871,105.55
1224457,55.38
1136765,145.49
1229203,138.83
1219292,253.8
1146575,54.29
1423852,73.07
1297702,49.81
1161437,2429.13
1125330,225.21
1360747,2493.93
1029594,92.91
1020884,55.66
1306594,73.16
1457994,100.08
1043255,54.26
1013503,170.6
1435938,37.34
1220416,72.73
1442117,251.3
1029656,371.89
1435147,162.34
1472716,22.05
1226697,51.05
1141281,16.75
1190516,193.98
1008247,197.9
1418093,253.55
1075398,32.46
1064800,26.0
1492791,26.97
1205053,97.31
1090692,168.12
1103070,169.09
1365090,27.42
1195960,52.81
1427004,55.64
1178338,231.81
1040396,250.72
1391592,102.94
1208134,230.94
1489281,159.18
1158712,88.25
1313348,53.53
1348022,94.89
1304904,54.09
1384166,216.8
1448485,382.63
1392836,293.38
1490612,171.44
1281225,126.97
1147987,209.88
1325439,2506.51
1160732,260.01
1394137,1573.24
1015427,21.32
1492109,23.99
1104909,29.25
1312658,52.29
1265919,42.54
1168667,25.14
1498239,371.57
1056884,104.77
1428307,483.78
1215913,153.03
1159521,14.8
1059592,206.15
1373733,321.78
1308805,451.69
1238435,29.62
1488981,22.64
1157481,32.77
1043153,36.55
1284746,55.68
1467255,37.56
1343273,389.2
1137134,423.16
1092730,258.58
1448019,1433.37
1231141,433.35
1040612,520.04
1113754,169.97
1185582,442.27
1057285,329.54
1203477,844.84
1158165,1051.4
1419040,1636.44
1285350,201.81
1157350,149.72
1262900,223.06
1052629,4451.88
1038769,925.25
1227970,3712.05
1346637,288.86
1224017,270.15
1136861,160.29
1316119,267.58
1059546,302.92
1043566,105.89
1404159,104.55
1498846,212.94
1110118,71.51
1290480,714.71
1268614,1013.2
1024354,418.43
1234416,84.54
1040435,70.12
1240915,372.19
1084025,647.73
1499604,630.58
1388767,65.24
1274715,90.08
1461469,57.06
1008292,482.9
1245361,382.0
1479849,831.48
1401490,39.19
1482761,36.92
1309393,38.75
1247648,556.27
1458403,911.54
1408082,770.48
1242344,151.96
1374742,274.7
1012940,170.94
1221568,690.3
1114301,590.47
1105342,373.38
1137633,456.58
1178329,153.5
1499858,186.55
1215907,28.06
1211478,126.99
1033546,120.26
1464245,485.03
1058371,432.15
1026616,613.23
1247355,321.45
1114236,256.2
1289229,211.69
1451604,1689.82
1379933,367.84
1372659,1237.3
1230021,44.31
1256599,32.33
1223398,31.49
1285191,45.37
1155784,422.54
1498106,272.57
1308355,192.02
1417280,78.22
1146888,82.64
1496161,113.09
1308362,141.56
1371858,133.28
1364559,202.04
1359349,314.97
1368289,528.16
1240720,19.86
1391833,17.68
1360908,17.76
1023628,56.08
1369768,41.1
1412995,42.4
1223485,63.16
1288249,32.9
1006238,389.09
1059275,284.26
1147027,318.23
1004923,708.73
1242357,394.71
1466888,241.95
1493859,37.33
1210459,195.96
1368817,187.2
1279294,478.01
1167231,619.24
1259128,872.14
1358767,83.54
1096137,166.42
1457740,179.92
1269024,2957.83
1075647,499.41
1312036,1782.03
1008079,25.11
1204384,25.76
1119932,52.18
1000399,22.01
1427919,26.38
1375237,62.97
1296679,674.23
1168909,683.13
1269115,379.51
1338145,28.66
1128999,27.74
1220606,87.05
1241511,128.7
1104790,150.17
1425208,102.17
1199464,74.43
1050102,120.31
1336720,269.25
1213184,395.15
1076322,583.73
1321832,42.2
1373978,125.75
1081549,113.34
1240433,73.4
1387655,43.38
1350726,51.91
1496114,44.45
1432286,573.67
1385345,423.99
1170636,379.61
1230601,1901.91
1041516,1334.37
1173083,654.39
1450921,143.02
1496330,374.59
1255410,332.52
1170613,964.66
1247310,1073.49
1177106,2098.34
1326323,164.65
1394882,158.56
1182328,334.05
1174658,4392.8
1293282,706.18
1386650,6709.92
1309704,127.3
1195327,87.21
1473452,114.07
1210879,91.35
1185214,281.47
1066210,81.85
1499625,282.22
1080267,277.6
1330955,101.32
1335465,739.13
1267998,1017.97
1025909,525.31
1332594,42.27
1401858,42.01
1028364,30.14
1313113,561.38
1064070,1003.09
1484042,887.55
1340756,118.36
1276173,136.89
1330803,107.0
1455753,466.53
1164898,610.29
1343584,766.5
1478559,52.42
1283300,35.11
1109985,332.05
1182370,800.02
1119237,351.84
1061216,71.02
1186970,201.41
1232710,155.07
1174524,464.9
1203994,271.32
1283754,709.66
1244061,674.91
1354740,653.96
1437784,379.1
1041281,45.55
1472538,119.09
1446011,82.53
1042253,310.61
1119080,358.54
1386957,527.43
1331353,168.94
1308975,140.86
1052339,187.98
1473719,2841.46
1149757,293.15
1309128,1624.6
1465472,95.6
1322204,78.23
1206240,70.74
1120227,89.51
1258298,372.4
1129006,295.8
1020196,25.65
1447296,151.07
1367769,35.13
1400232,530.78
1016753,956.35
1242885,308.36
1168409,28.98
1231518,51.94
1380987,20.86
1215932,360.16
1117884,346.93
1363817,457.42
1152096,48.46
1486487,39.47
1418848,43.66
1310755,191.05
1338515,248.39
1010982,386.22
1219191,47.18
1415229,118.51
1198846,60.19
1149035,362.46
1143934,316.01
1418885,343.13
1186700,176.71
1412431,290.85
1265941,120.15
1174252,48.46
1391318,263.14
1373444,173.81
1255746,160.8
1432440,323.29
1261892,290.77
1068928,225.63
1265780,253.16
1348612,1779.21
1160642,278.43
1163720,1031.96
1305847,30.0
1274777,30.2
1390345,54.7
1080632,28.3
1362043,86.51
1379600,39.08
1178473,317.44
1441562,1032.54
1045971,296.09
1399293,16.91
1306525,379.03
1495101,342.96
1189930,382.1
1320678,21.46
1491671,37.04
1285364,90.03
1288551,50.42
1457020,682.99
1087121,768.23
1308249,224.35
1068127,932.93
1108102,642.19
1294107,140.89
1280040,40.07
1435366,282.94
1498193,224.23
1483366,279.11
1458620,201.27
1316768,173.75
1279885,201.28
1397824,1856.01
1052054,220.6
1026328,1078.2
1275190,53.8
1374425,36.97
1439872,23.35
1407466,24.07
1488816,115.09
1370281,283.95
1413701,65.03
1307828,17.85
1170147,174.71
1334448,202.03
1033182,164.22
1065230,20.78
1447947,34.7
1468251,19.94
1183920,39.64
1145327,379.92
1419745,583.67
1445638,133.7
1306558,501.77
1108134,419.49
1088320,115.32
1262779,38.76
1381709,75.01
1241273,67.57
1424447,278.71
1354383,320.19
1319128,521.52
1257115,265.49
1395094,200.23
1444861,220.24
1328290,2141.99
1178643,300.78
1342743,1200.89
1461309,62.71
1442360,47.72
1006284,48.94
1134764,167.56
1161944,85.09
1249279,22.06
1156031,81.48
1131668,43.42
1434813,251.99
1068689,402.98
1318738,381.09
1432334,24.21
1475359,394.09
1087593,391.45
1083819,520.14
1341927,39.2
1234463,35.11
1016464,75.97
1358838,162.53
1477660,20.16
1148248,49.11
1039288,55.31
1059110,294.0
1473909,298.95
1068714,218.11
1089089,1488.97
1356974,951.1
1346234,230.73
1315874,38.66
1262985,106.89
1260615,84.09
1060044,563.86
1356232,530.17
1357020,1229.74
1209654,140.86
1427961,93.25
1369209,175.24
1225027,2683.85
1099215,211.54
1424670,1602.97
1238679,82.84
1392104,91.28
1205977,157.39
1167315,107.98
1444210,104.34
1016117,46.19
1130081,99.92
1300651,543.87
1184868,473.33
1009874,181.42
1378506,211.19
1304918,206.94
1434845,188.04
1133760,86.8
1096748,83.03
1451740,95.9
1227978,154.86
1277125,284.73
1196150,368.41
1334489,22.44
1431014,27.52
1023140,250.19
1489036,424.72
1022069,336.21
1454833,27.11
1062563,55.37
1405958,64.09
1059406,284.28
1469078,300.35
1292707,225.6
1398644,446.49
1203716,321.01
1442542,103.62
1425213,30.06
1120872,131.98
1005457,75.78
1178195,392.42
1276208,437.25
1006772,1081.13
1013636,138.82
1009256,101.6
1439011,188.16
1440035,2660.63
1498548,274.99
1416818,1845.24
1020169,104.18
1159657,37.07
1316740,37.69
1386951,34.91
1180443,33.27
1287984,94.79
1425859,599.71
1468717,468.72
1112208,414.43
1481291,27.97
1020410,24.26
1074040,109.93
1369208,178.41
1180067,31.86
1151498,218.38
1130148,168.54
1121206,154.75
1110144,251.0
1176486,335.98
1073716,363.33
1283548,27.95
1338495,152.99
1059213,115.43
1083637,78.71
1055724,36.29
1435255,28.41
1067586,28.92
1095952,209.77
1341028,313.83
1365830,182.39
1365959,341.59
1317198,111.0
1451163,115.82
1239283,49.32
1025725,174.92
1233183,93.75
1315899,420.99
1347174,661.19
1497342,555.59
1126061,197.4
1105093,109.79
1259625,178.59
1130528,2288.36
1495708,549.55
1458963,1943.65
1469496,25.67
1176341,29.5
1145097,42.82
1428215,23.83
1041705,66.22
1081454,326.67
1125431,719.89
1470105,285.59
1311945,102.96
1234987,67.6
1420177,110.37
1022645,70.65
1078051,141.64
1175825,467.76
1331054,780.02
1470658,676.72
1297518,30.47
1347237,31.43
1256412,42.59
1032350,48.33
1277516,32.99
1342728,39.21
1438163,301.98
1156954,305.7
1272295,941.61
1107132,308.46
1334275,375.08
1209977,222.02
1459739,57.51
1291850,91.08
1379698,69.09
1432632,148.18
1122526,311.83
1404288,326.43
1400901,71.24
1323340,67.85
1292411,121.51
1482582,1844.13
1127643,189.46
1283497,1244.19
1057636,54.7
1150235,98.94
1474289,62.61
1354025,67.14
1253575,143.94
1299937,119.35
1089000,20.39
1039852,43.98
1267675,44.62
1488207,215.77
1350692,523.11
1210781,234.68
1193951,37.19
1095002,22.07
1492945,384.06
1054104,328.3
1423493,389.51
1002941,47.73
1125618,39.31
1360006,44.63
1059761,110.9
1091221,182.76
1435805,193.24
1245279,54.4
1396283,83.68
1093919,40.92
1343778,279.95
1011146,294.89
1154102,127.1
1415730,1396.82
1475935,573.83
1109571,393.84
1319787,59.49
1276137,177.08
1001227,155.58
1195293,693.16
1398730,586.47
1455484,1285.07
1388600,98.65
1077390,120.09
1403233,232.77
1015880,4320.77
1241151,416.35
1172613,2297.19
1084812,94.71
1277060,84.51
1436368,79.6
1090497,56.72
1280108,234.68
1311137,63.96
1494207,36.9
1412828,139.13
1055572,611.08
1059092,867.49
1277198,743.86
1087687,38.21
1069820,37.38
1036895,25.6
1296744,156.15
1142898,173.59
1398759,206.88
1080640,63.49
1260746,98.31
1171633,47.26
1230287,460.45
1499428,304.12
1301567,506.16
1463347,23.94
1428200,27.8
1291907,149.58
1147260,539.88
1454907,282.99
1217383,38.87
1011928,131.95
1379372,64.19
1338047,170.37
1469818,287.61
1168040,364.89
1009386,880.03
1168372,330.62
1324150,204.06
1059445,66.44
1099952,111.29
1250220,99.73
1188755,235.4
1446882,316.28
1144740,342.78
1464033,87.5
1388757,69.54
1323659,135.22
1478111,1679.39
1348933,212.72
1449756,1537.4
1230883,70.49
1167420,200.82
1405883,144.0
1175845,60.46
1117513,39.61
1024283,385.21
1492218,574.05
1027316,561.53
1471485,48.01
1024988,42.36
1260453,33.37
1489141,246.95
1454232,233.79
1011226,386.13
1175256,42.73
1243108,27.48
1093088,82.36
1217703,110.51
1282607,160.74
1370140,41.94
1219713,75.16
1249198,31.08
1073611,251.61
1211587,277.84
1068406,179.99
1342607,104.31
1261077,114.57
1484727,16.5
1352470,122.08
1088236,83.22
1215183,209.63
1396786,232.36
1094702,197.47
1089745,101.29
1156482,110.26
1103642,217.97
1342267,209.86
1025372,440.48
1022495,269.8
1493813,18.12
1301621,24.78
1075950,20.46
1136679,304.99
1430125,1998.53
1016676,2172.24
1208909,136.37
1389983,131.84
1337158,177.79
1221233,73.66
1035195,100.04
1037113,148.71
1132160,23.91
1053053,19.24
1413177,34.15
1126045,45.61
1133753,26.09
1077837,33.97
1022717,21.88
1309964,303.63
1019057,127.0
1131145,183.84
1486477,1520.88
1072415,912.32
1119869,370.37
1219047,157.05
1477396,753.37
1436609,867.58
1069354,1275.63
1314692,184.51
1304622,123.9
1078876,225.56
1343631,971.8
1066795,539.74
1161188,999.24
1149120,125.44
1221328,130.31
1480464,148.14
1161892,81.85
1149568,101.32
1300878,65.77
1300870,111.43
1258889,141.95
1454269,806.09
1438319,1506.22
1373998,2146.57
1012823,48.13
1156189,54.67
1140498,124.17
1091479,119.21
1353419,244.97
1457486,177.35
1144262,245.79
1052105,95.94
1415004,176.74
1453040,217.02
1239627,410.39
1381963,38.35
1467104,49.84
1105735,41.53
1382389,245.08
1164582,623.74
1231645,555.72
1046978,274.97
1462588,132.2
1124263,394.97
1099251,401.97
1162730,261.15
1274836,1478.12
1410039,468.25
1269164,428.01
1028730,87.32
1495888,208.92
1069033,180.7
1006557,794.18
1112006,773.67
1167679,1814.46
1328737,103.4
1405194,142.96
1452164,195.12
1116595,712.37
1064513,565.56
1490972,1055.89
1217205,92.5
1465304,93.03
1443319,89.06
1485382,72.95
1321418,31.6
1380035,82.66
1373073,24.07
1347043,513.98
1147088,4044.35
1471717,4055.97
1329642,37.9
1248124,343.78
1220181,465.88
1171914,423.79
1200910,145.4
1371309,96.4
1223144,101.98
1400065,137.27
1483448,187.05
1357587,283.26
1172707,45.18
1292242,28.94
1306117,33.68
1193498,628.67
1352621,559.45
1482712,512.92
1347302,58.87
1186701,112.55
1288728,62.76
1486530,430.58
1459193,302.52
1393759,340.41
1282203,725.64
1179891,525.87
1326973,320.46
1435221,56.88
1433727,81.42
1139483,74.45
1284565,291.35
1439856,553.1
1046211,434.46
1053778,321.04
1414578,260.21
1254839,299.91
1483761,416.95
1497315,259.52
1233431,517.15
1393399,82.79
1242043,65.35
1424831,60.17
1134215,152.84
1091267,173.07
1207133,29.32
1440267,57.72
1073033,357.66
1336054,2230.52
1054489,2327.37
1111308,60.26
1247191,20.33
1388259,154.16
1064410,193.47
1265180,160.85
1139023,59.25
1146782,52.41
1222928,63.42
1168385,270.13
1012312,125.35
1021280,264.38
1042565,77.74
1244605,72.6
1189058,298.25
1274015,373.14
1352677,206.58
1383644,355.37
1305973,300.3
1101500,134.75
1475789,46.99
1282883,110.84
1191532,85.41
1281302,217.86
1443615,372.06
1332108,335.67
1222883,116.83
1123521,148.24
1373500,183.91
1093306,409.9
1452342,309.79
1077994,413.2
1069917,90.44
1167780,64.94
1266148,105.76
1046582,52.36
1419491,96.31
1209198,78.34
1321469,47.05
1322590,36.55
1461727,42.04
1321297,294.2
1308836,1335.31
1278744,1098.91
1453972,28.81
1284961,23.87
1483945,146.51
1426428,208.96
1280345,231.91
1158328,43.21
1084749,27.68
1041291,27.01
1371085,48.54
1160800,125.14
1106091,177.68
1189443,39.04
1327465,134.4
1123207,42.06
1395535,355.78
1350862,400.71
1470638,198.8
1223757,2008.17
1043364,1711.51
1246275,696.9
1278666,137.3
1333706,438.56
1420309,294.73
1400253,902.59
1061474,1083.01
1283830,2941.13
1057534,147.51
1261642,107.45
1374187,167.64
1373463,1945.66
1209612,991.09
1282271,1846.72
1049965,272.28
1371511,298.74
1389659,142.68
1222803,244.7
1061931,393.71
1367532,136.17
1370845,63.51
1459356,161.01
1117354,52.54
1232726,1079.77
1093556,5698.2
1229128,2223.95
1155992,94.84
1467469,58.89
1357985,82.85
1381446,423.87
1000649,609.76
1285242,644.3
1322481,186.51
1237322,197.39
1255347,187.58
1350477,202.12
1276985,236.21
1446621,703.06
1035515,68.63
1194463,92.37
1310908,86.2
1318247,1012.67
1219733,916.72
1173723,1054.6
1370097,126.17
1257959,229.06
1165749,143.41
1027375,448.9
1019661,400.35
1162772,411.59
1261333,804.47
1201647,419.09
1094506,219.24
1169782,40.54
1303129,87.56
1469136,92.57
1207782,421.62
1192653,484.38
1129462,992.15
1475116,135.66
1134125,145.96
1495295,206.45
1205276,260.71
1398775,235.22
1160729,452.0
1169282,42.68
1035696,33.7
1067289,68.05
1368955,24.11
1003827,50.86
1230515,388.81
1215558,1948.82
1273328,1795.05
1414039,19.61
1004285,183.51
1110335,524.19
1333022,424.95
1153239,17.37
1239978,33.5
1340182,82.28
1441846,133.19
1132759,164.55
1394160,32.76
1141716,24.47
1038502,26.65
1449649,140.99
1023345,168.21
1441461,191.02
1324469,68.84
1177896,67.48
1419391,46.08
1479481,251.92
1229915,268.03
1247241,153.87
1184174,2090.2
1055582,857.51
1102254,528.67
1456846,119.34
1272350,380.78
1254708,398.46
1039677,1028.95
1432316,1030.88
1436213,1750.6
1038757,131.8
1207627,91.38
1199733,289.93
1341807,949.62
1216417,735.19
1195936,1284.26
1287436,146.3
1146127,140.37
1257501,142.26
1059717,112.51
1259733,156.91
1197506,113.47
1319999,76.92
1045566,138.8
1060380,110.28
1108374,576.57
1315927,2974.37
1233583,2896.44
1085653,57.68
1196939,55.96
1313776,464.69
1351261,689.29
1405637,661.34
1349583,122.92
1336749,119.15
1209534,102.71
1164141,178.05
1404749,271.76
1458693,441.81
1474327,45.59
1282683,37.0
1318948,47.1
1480355,323.36
1056960,574.45
1487161,470.72
1008500,130.06
1092639,145.05
1198939,416.75
1118334,366.37
1337311,377.12
1455829,376.54
1300798,205.01
1263568,115.21
1085320,67.46
1467015,106.91
1294141,98.72
1321470,191.07
1398009,249.27
1471069,242.91
1021287,125.9
1104489,109.52
1167180,113.93
1426580,256.14
1306893,290.25
1381677,367.68
1123959,90.36
1008521,45.75
1472495,42.85
1401879,56.11
1406179,98.02
1326168,80.95
1443780,21.47
1007138,33.96
1476634,25.51
1496541,283.03
1279245,1579.41
1277454,1409.69
1130968,21.06
1223081,25.53
1127406,109.28
1012486,182.12
1079096,209.14
1181824,36.64
1351500,29.83
1386107,22.27
1184696,53.97
1180413,48.6
1192293,74.49
1445951,35.23
1327384,76.35
1174841,52.78
1305132,316.87
1285880,290.0
1273993,209.94
1239027,370.04
1113550,258.46
1084108,58.86
1404629,19.2
1434155,76.84
1348839,81.51
1477313,183.94
1089017,212.65
1124052,273.63
1452469,109.63
1063625,78.74
1208483,88.33
1395756,234.15
1487950,147.5
1263410,253.33
1472554,44.93
1157790,75.6
1380842,40.11
1396237,39.85
1408066,23.04
1029886,170.24
1360286,1156.29
1055063,817.88
1093786,91.65
1111575,159.86
1195946,157.93
1261731,23.33
1341838,28.8
1299687,47.23
1032225,44.31
1330234,63.44
1412550,34.79
1100095,77.16
1461775,64.55
1449523,205.64
1362777,184.34
1390732,100.97
1214244,385.7
1421486,282.78
1035903,235.11
1151461,81.67
1344236,133.37
1379760,165.03
1438925,226.03
1100432,444.88
1481693,406.32
1361864,111.91
1096667,34.17
1066661,811.26
1251281,305.46
1090506,903.62
1046443,111.41
1177634,115.98
1331426,119.93
1488697,163.79
1082947,302.32
1493527,264.78
1064804,64.33
1064331,196.78
1321403,136.68
1443671,671.53
1126491,1607.0
1373130,1693.9
1344470,86.64
1398619,29.53
1278926,65.97
1438934,171.5
1322492,208.0
1085442,207.04
1180036,49.75
1379305,46.59
1338236,42.45
1052419,169.63
1244347,310.82
1024324,456.84
1064488,82.48
1151739,188.96
1373391,148.7
1156082,534.41
1326829,357.76
1394265,161.27
1231613,119.31
1088866,127.43
1024895,72.98
1085905,34.95
1491788,80.79
1049512,52.99
1064086,177.51
1227862,288.03
1365491,159.07
1057633,260.53
1491066,132.66
1139202,302.49
1407912,299.51
1079856,222.1
1294843,173.88
1251241,22.45
1191230,26.58
1085656,15.06
1154657,25.84
1497882,164.1
1446165,1730.46
1054992,1697.75
1331832,107.47
1450338,127.86
1080033,136.54
1310930,33.99
1136132,31.86
1343671,20.0
1307543,29.01
1227735,22.54
1424143,50.37
1218876,41.64
1222607,441.57
1211353,388.23
1492236,190.11
1185456,347.57
1023270,232.15
1159056,94.56
1448047,29.85
1296849,87.83
1390803,49.15
1345192,206.9
1215503,245.38
1171401,256.89
1379516,161.8
1209535,87.54
1373619,126.23
1109484,118.24
1056058,177.01
1487646,175.43
1135766,57.72
1144864,40.91
1414348,33.26
1269124,39.67
1420162,108.25
1465226,1677.28
1359971,1725.93
1146029,17.03
1305073,84.17
1483464,141.15
1324878,146.86
1438038,44.76
1424409,64.2
1283746,49.93
1196861,194.88
1180673,197.61
1473086,274.18
1435295,856.47
1395825,284.01
1481749,348.65
1376522,20.85
1457798,158.43
1083867,109.41
1492206,382.01
1285535,628.41
1356813,1186.72
1058774,126.45
1250372,101.82
1448108,219.43
1340381,352.51
1267263,415.02
1164863,658.51
1195303,86.45
1241383,58.66
1493205,54.82
1283930,55.19
1237454,67.77
1003574,54.05
1305920,45.34
1272692,387.19
1322953,3212.32
1167859,4074.31
1150337,27.95
1345390,31.45
1333504,206.11
1289569,217.05
1076655,283.42
1309929,128.51
1276527,98.46
1441997,89.39
1314991,59.86
1085344,124.39
1219907,181.56
1329344,33.1
1226086,37.16
1389451,59.69
1362664,198.47
1334332,213.56
1249789,187.91
1363690,94.52
1201392,23.94
1055317,351.47
1444516,204.68
1256809,193.08
1355558,648.44
1306725,426.99
1319511,205.46
1490438,30.81
1326348,157.41
1108059,86.84
1316409,471.38
1192944,368.42
1056537,544.17
1174467,110.23
1451444,245.23
1069438,226.51
1077818,278.99
1155889,356.56
1491947,462.34
1176683,33.37
1372827,26.65
1416822,48.21
1022522,22.96
1046072,388.26
1248212,3768.37
1100089,3820.11
1216807,19.96
1365133,67.92
1228444,60.41
1343164,65.66
1419443,43.7
1245334,26.44
1305088,39.18
1428523,170.67
1237972,187.04
1278761,278.8
1380157,35.05
1268287,30.3
1040530,63.09
1322237,53.74
1236493,28.8
1164196,74.87
1406779,36.31
1473572,346.58
1256216,361.34
1205185,471.37
1337172,481.3
1124970,212.38
1429561,92.21
1413088,35.78
1142767,101.98
1475274,94.11
1273306,142.95
1295754,180.39
1140038,232.12
1035694,79.51
1343939,32.42
1091560,74.64
1348391,223.21
1050411,207.45
1272163,591.55
1150293,85.52
1397480,76.41
1335268,70.56
1459186,74.51
1427939,85.52
1289986,197.96
1171733,69.09
1035271,47.4
1330418,327.62
1345268,983.25
1069534,1176.08
1180814,25.24
1066390,91.18
1246782,131.85
1144598,170.18
1054276,34.49
1308702,31.46
1048165,41.92
1026148,93.1
1356887,96.71
1261360,164.04
1370470,55.34
1158108,89.85
1310318,69.21
1169123,286.06
1284825,322.13
1419475,92.77
1015073,565.25
1050460,471.64
1062552,214.34
1442880,39.86
1056463,104.5
1092421,62.26
1466619,260.74
1499218,445.22
1147287,498.59
1405738,149.48
1105094,166.6
1337968,208.3
1336903,594.85
1422895,250.92
1068952,639.88
1194176,98.24
1141516,103.62
1391466,59.39
1444240,167.45
1239251,208.02
1377021,23.34
1089133,56.15
1051830,44.5
1339466,433.2
1111506,3757.81
1262202,3821.88
1317479,33.38
1052719,39.57
1460815,40.0
1095113,175.57
1228618,214.05
1359067,334.71
1352307,74.84
1069542,36.84
1121542,33.69
1401794,93.68
1290682,144.53
1118619,272.64
1348069,38.23
1216157,81.51
1133636,311.03
1124519,329.11
1422970,290.61
1000635,189.12
1247236,192.42
1287972,60.28
1476296,20.52
1101674,71.72
1051165,59.04
1035309,124.75
1385803,180.43
1160566,213.78
1442299,95.69
1457734,83.48
1214290,124.84
1189975,264.11
1353513,92.65
1444680,239.36
1190587,27.55
1320270,25.47
1196912,70.98
1254873,47.79
1438716,24.22
1226412,22.7
1238349,173.64
1179988,1299.57
1329187,756.86
1266107,21.26
1276154,19.68
1470294,179.55
1317808,272.35
1479793,216.87
1108815,29.22
1230866,17.88
1242958,224.28
1017675,174.18
1157912,80.69
1460838,1472.57
1145349,703.93
1447886,678.64
1140546,41.85
1065479,131.51
1332949,120.65
1328800,556.14
1349906,474.95
1301940,1018.67
1480277,89.3
1060615,59.08
1383879,124.26
1457640,921.06
1386787,483.38
1112156,734.54
1106028,146.2
1381878,152.06
1352878,179.16
1273271,207.21
1414764,153.52
1416932,29.0
1324346,91.92
1317691,66.29
1420775,506.31
1156522,4292.6
1173318,4032.02
1483231,66.02
1216877,77.43
1427174,208.9
1273324,243.63
1393208,272.67
1132673,94.45
1195290,67.81
1225162,36.39
1217013,68.01
1067336,192.37
1318084,317.35
1409495,32.77
1162475,40.28
1263657,265.99
1273195,524.91
1070791,490.66
1108277,115.09
1330573,118.95
1286582,84.81
1251025,351.05
1188609,334.83
1457607,242.41
1308326,1008.45
1237926,404.12
1246248,288.92
1368739,115.16
1161565,148.49
1130233,102.06
1130092,678.81
1437101,612.47
1087168,1689.17
1282035,227.29
1348562,214.37
1030911,379.22
1453288,523.47
1457395,491.31
1100120,713.35
1038934,97.89
1278331,67.96
1277416,66.2
1487581,23.3
1369127,39.94
1129615,28.53
1402790,60.38
1405609,32.82
1268189,603.03
1465484,2607.74
1128406,2991.49
1428535,37.25
1172447,126.91
1468167,87.65
1183307,66.61
1445758,136.94
1077552,62.52
1363674,55.51
1329499,185.95
1095222,208.33
1200472,191.26
1183298,27.61
1460059,107.57
1335600,268.35
1448665,187.96
1208445,62.12
1224577,32.24
1130480,250.37
1207212,307.48
1008040,315.72
1203123,602.17
1184976,679.04
1283670,407.92
1467272,33.58
1456597,97.51
1069357,59.43
1391855,259.14
1044843,376.67
1333252,528.63
1011812,84.83
1177757,158.16
1417742,98.58
1133607,368.4
1316610,256.69
1423052,514.55
1157343,131.52
1492483,110.99
1183500,109.67
1048256,141.13
1274093,214.76
1072711,213.6
1039477,29.12
1126466,90.3
1009353,41.65
1249006,476.08
1307672,1376.55
1133951,1184.14
1033661,42.43
1323552,32.4
1497257,127.21
1309184,183.77
1491854,286.68
1056575,75.48
1028786,46.97
1370973,115.97
1092291,92.84
1196047,153.83
1178951,47.15
1064759,96.26
1209288,79.49
1407837,277.25
1311885,286.5
1085213,183.65
1116819,267.57
1030695,234.53
1247893,102.46
1299413,28.24
1083003,89.48
1415718,86.41
1147571,153.73
1271581,255.33
1134359,276.68
1427631,111.15
1486099,157.42
1107278,184.44
1308113,274.25
1484768,181.63
1189322,249.89
1412337,24.73
1430159,39.64
1324630,36.65
1075144,253.45
1262296,1044.76
1153581,1106.03
1295298,127.82
1366195,187.12
1320991,209.28
1331309,19.28
1123405,30.01
1008514,21.28
1463743,30.69
1142480,41.59
1282614,52.12
1060117,34.37
1398093,348.82
1213187,405.09
1119745,473.51
1271801,58.03
1002495,52.47
1035550,62.56
1277410,69.96
1103994,154.45
1201850,149.21
1093297,126.29
1032271,120.93
1339391,163.13
1323284,222.05
1492037,101.0
1236727,122.59
1423315,25.88
1409411,20.47
1464178,16.78
1039474,17.68
1235410,74.78
1403309,721.13
1188811,730.25
1310040,62.25
1488536,151.94
1407977,183.36
1481969,245.92
1397433,28.05
1356379,25.26
1057370,32.08
1114825,17.0
1119724,14.34
1094135,189.9
1220817,130.66
1380785,171.6
1040370,863.21
1097531,261.63
1407599,256.29
1348778,61.13
1216595,117.89
1084154,79.53
1338435,332.24
1453426,344.67
1448482,766.77
1125670,77.6
1293530,75.84
1498099,136.44
1393876,398.73
1190415,204.12
1127003,472.11
1160472,59.41
1482729,67.7
1340919,63.03
1214002,71.91
1493141,160.28
1344807,82.41
1067532,36.36
1260776,25.51
1189909,34.18
1196763,246.48
1452021,1413.86
1184241,1596.42
1235797,40.36
1313008,37.87
1345861,22.99
1218091,189.54
1266794,207.39
1332984,206.16
1047818,108.98
1085415,61.48
1282300,87.75
1055383,86.27
1401921,130.28
1261913,187.3
1456193,37.87
1391624,26.12
1319625,32.47
1041709,182.2
1373742,246.82
1206279,145.46
1082440,53.48
1051713,197.1
1009958,221.99
1059036,171.77
1153098,488.21
1055703,338.48
1102204,197.59
1127373,24.28
1301125,57.79
1075374,112.74
1391373,267.83
1488304,327.95
1264903,58.65
1072570,99.83
1497528,387.99
1207501,234.91
1009379,368.29
1234301,131.2
1114903,122.03
1478066,113.97
1490043,61.55
1217315,185.03
1227658,143.39
1137145,49.12
1126583,36.34
1409649,32.65
1029390,282.72
1232890,1282.96
1199840,1163.62
1023964,20.61
1327489,19.78
1355001,71.46
1383483,163.16
1111467,145.26
1007527,27.57
1348534,31.39
1093795,134.5
1177395,189.67
1097789,243.76
1373961,96.18
1296788,52.26
1263671,195.98
1459766,210.33
1446318,92.4
1261433,1693.6
1269069,1056.97
1404230,597.59
1336029,80.44
1399299,225.0
1177248,112.57
1445768,748.49
1195695,768.71
1088152,1479.37
1454215,114.32
1134300,115.38
1014383,220.42
1285817,1519.99
1138700,558.1
1461969,1239.65
1128200,106.37
1314452,132.14
1315250,82.34
1413674,86.2
1056095,160.53
1036858,136.55
1485353,143.92
1390837,34.43
1194190,607.34
1119487,5629.69
1339749,5353.53
1061782,37.36
1135715,34.71
1164057,51.85
1107883,441.61
1270377,454.23
1198926,508.67
1191793,121.12
1224526,141.15
1006345,119.14
1454022,136.04
1349257,152.57
1222378,386.55
1214827,37.07
1374452,276.9
1180417,980.13
1028933,635.91
1210621,86.09
1167739,159.16
1088693,91.44
1361886,360.71
1141573,301.14
1196671,247.36
1146761,143.79
1261241,132.61
1443500,61.01
1403800,97.32
1466039,110.56
1179883,156.54
1240414,244.89
1180298,119.89
1490887,57.07
1256555,55.35
1001420,369.91
1142876,114.34
1281197,222.85
1455208,18.32
1253092,19.54
1135228,27.17
1177502,29.54
1407030,149.05
1195403,1707.1
1375107,1478.21
1429537,18.13
1381175,140.23
1137531,192.59
1109600,319.11
1421410,20.82
1486214,30.62
1395368,115.14
1397416,94.2
1359004,562.48
1421162,546.95
1398564,144.05
1089746,796.97
1410758,449.07
1002962,263.64
1351109,33.92
1428083,117.89
1484698,91.96
1028375,571.14
1206135,536.12
1436386,1023.0
1367408,135.86
1053898,88.03
1382425,206.38
1292070,878.4
1480206,275.46
1120940,639.21
1468339,68.81
1136584,51.44
1211307,46.59
1369516,72.85
1184088,51.9
1105879,29.71
1143486,50.77
1026211,501.8
1050747,2499.95
1173416,2699.42
1415526,17.53
1167608,17.8
1448873,346.44
1242415,340.08
1121953,262.84
1403412,79.23
1035471,80.81
1292202,110.7
1108945,147.21
1066731,297.07
1258400,36.83
1151588,175.01
1414898,191.24
1327710,169.41
1064923,57.53
1420107,39.26
1123527,246.17
1000907,251.28
1378334,393.23
1130038,1007.02
1464836,261.07
1353492,274.25
1484689,46.43
1274850,123.16
1252107,88.96
1255664,442.92
1131960,475.91
1412625,1118.82
1440115,30.5
1382021,86.72
1395998,185.92
1270843,593.03
1408164,291.95
1481165,724.27
1437947,137.1
1439789,161.66
1275465,92.84
1194753,232.55
1147342,145.83
1103660,42.03
1247834,97.65
1422780,52.76
1108976,473.69
1182231,2689.22
1067128,2656.89
1200620,36.47
1385060,49.63
1088753,28.53
1150452,248.42
1259844,388.84
1366093,284.95
1090724,186.86
1219034,163.56
1315638,106.29
1360974,68.04
1326611,146.94
1351077,238.33
1391976,66.01
1495438,51.61
1241681,64.71
1249355,307.56
1374023,460.44
1466744,314.71
1399018,53.7
1004548,72.58
1139669,65.65
1055616,228.69
1122846,302.24
1406454,201.81
1039371,67.85
1121211,74.02
1264908,58.43
1296533,59.22
1426208,136.75
1409006,79.82
1173379,110.32
1118431,145.24
1079464,121.82
1444017,236.99
1193489,218.64
1181755,110.45
1246156,16.27
1044415,19.61
1363391,20.06
1039041,28.65
1493857,85.77
1328770,1206.07
1345825,1020.6
1033807,144.91
1154816,202.2
1481379,216.42
1369285,16.76
1308262,33.89
1072338,25.66
1178054,113.66
1198327,36.89
1014144,488.66
1087415,479.03
1358775,189.63
1485144,592.46
1351561,483.12
1094451,164.28
1403001,88.5
1319256,97.26
1319491,92.95
1118664,230.52
1460451,536.05
1196492,379.91
1195267,144.2
1382081,157.37
1313925,140.68
1275885,641.85
1483396,268.57
1491377,834.42
1183714,119.62
1070954,115.46
1051931,102.79
1224290,276.64
1258071,287.76
1044208,47.12
1446159,89.64
1246054,75.38
1467684,445.62
1481364,1692.5
1463940,1527.58
1363332,85.18
1154879,58.3
1442863,141.17
1207734,252.22
1052063,291.77
1104983,99.65
1387722,49.03
1263095,37.88
1356728,147.26
1068227,226.37
1471794,400.66
1254577,89.31
1485687,116.85
1335177,83.02
1066128,355.99
1457115,351.83
1087099,139.97
1271835,308.2
1312239,247.76
1234576,214.04
1100724,20.33
1335989,66.1
1345160,79.62
1069628,179.9
1469630,406.81
1463021,323.23
1414175,425.93
1084662,181.42
1470501,158.44
1107382,248.04
1382879,312.59
1194304,255.08
1274988,39.05
1240654,38.09
1483648,55.62
1269302,29.8
1052405,20.51
1027289,33.45
1313290,258.47
1037102,1358.34
1484270,1331.91
1158511,18.85
1222111,106.34
1389785,165.35
1050510,112.59
1168202,32.14
1052745,27.28
1169013,99.15
1040540,61.39
1453344,65.17
1051817,31.32
1029890,44.63
1334159,400.03
1077256,606.67
1456855,139.36
1357059,1567.76
1028254,893.64
1055924,210.21
1353130,69.55
1076577,114.07
1421169,101.05
1217432,717.31
1319084,847.78
1480696,1500.57
1126504,117.0
1036146,120.84
1179723,169.19
1300063,961.77
1165413,369.08
1488081,891.66
1073773,113.43
1083750,76.83
1334811,57.02
1283401,92.97
1307591,52.42
1325050,60.62
1038388,481.94
1047892,2692.41
1221712,2610.8
1032642,39.2
1098944,27.86
1383592,81.53
1110449,106.93
1127095,121.22
1309125,251.45
1326605,382.76
1377977,158.89
1251620,157.41
1001984,240.63
1419512,318.76
1428246,28.44
1343497,26.35
1120131,19.53
1333616,208.68
1211759,236.49
1344886,190.44
1442954,41.51
1147289,89.55
1344427,76.54
1341626,304.43
1166087,280.7
1148765,203.35
1100317,331.52
1156949,221.53
1134301,67.32
1304812,28.27
1209150,118.98
1221546,72.44
1180229,158.81
1221830,336.47
1089009,347.58
1177992,119.66
1336611,122.6
1017666,121.16
1495930,370.56
1004518,239.72
1065792,410.58
1163862,121.03
1167812,77.01
1279711,81.62
1294408,113.38
1301442,148.94
1337742,37.06
1471675,55.34
1441363,31.57
1250420,193.65
1023350,2561.9
1460257,1906.19
1243217,28.43
1383376,116.98
1004792,115.43
1471500,224.41
1388970,26.2
1255438,28.56
1496795,66.58
1346793,48.06
1273441,61.47
1208761,25.79
1315511,49.25
1123237,30.25
1147453,230.72
1401269,175.29
1435027,224.6
1479842,676.98
1335120,660.07
1266346,158.68
1443298,42.3
1160998,81.28
1433094,43.34
1354912,161.45
1489710,298.5
1206483,361.27
1205178,104.71
1382964,83.11
1098649,176.95
1328013,212.13
1116922,181.93
1357329,275.87
1154131,68.88
1203305,57.07
1405532,54.77
1272906,125.65
1278925,101.24
1214073,26.22
1131539,28.47
1391815,417.89
1308041,1874.93
1361501,1435.6
1359350,25.58
1167619,128.25
1411529,174.36
1209955,243.88
1285450,122.71
1323323,43.88
1293905,67.66
1159054,37.4
1478629,59.61
1401429,32.59
1194866,314.22
1123969,359.75
1313035,199.29
1201640,425.17
1471555,247.0
1172117,184.11
1283593,61.8
1007891,100.3
1464379,49.2
1187374,276.81
1386015,489.8
1451683,285.52
1339299,169.5
1357633,173.03
1111401,164.71
1196208,429.87
1052664,120.68
1186550,450.51
1326138,38.29
1427762,53.44
1361966,53.47
1383155,23.53
1030857,46.36
1139627,35.73
1154847,223.09
1213496,2131.46
1378286,1040.54
1460258,38.52
1186075,38.11
1017536,25.34
1450900,85.45
1224522,152.78
1127451,90.17
1318678,45.25
1106083,116.52
1482122,78.03
1436549,157.7
1093672,37.65
1469694,29.11
1276722,44.55
1481414,188.3
1004561,310.12
1002579,106.67
1365062,496.17
1101142,387.81
1273134,204.9
1134994,84.1
1154883,87.73
1277171,254.08
1249231,224.44
1038965,344.11
1101252,155.3
1114666,113.59
1096073,117.41
1271716,164.45
1141248,107.3
1108677,366.56
1270680,81.57
1131586,52.79
1407745,29.31
1234038,59.26
1349426,107.5
1281501,25.15
1357408,50.74
1442391,43.47
1172744,247.66
1272747,1939.94
1459972,1854.04
1040817,27.54
1216412,28.15
1233243,96.93
1077136,118.2
1297231,165.15
1050850,19.04
1183320,28.94
1214420,75.1
1298875,78.79
1432084,152.63
1474249,38.83
1335742,30.65
1232971,276.63
1391564,176.86
1151399,197.23
1462159,547.55
1340640,376.64
1054399,369.27
1071053,59.02
1243523,118.78
1349753,99.61
1441077,352.78
1412754,414.27
1263819,674.72
1456889,146.41
1248108,136.58
1289400,206.88
1243803,300.74
1326115,240.94
1351029,350.81
1284951,35.6
1046968,28.05
1494739,87.85
1334284,41.59
1221331,28.28
1282357,373.82
1019938,1547.59
1339356,1391.82
1393711,22.15
1028210,20.07
1123788,206.15
1434656,168.02
1208743,58.95
1045564,68.61
1312452,62.77
1275245,61.06
1031647,132.06
1054056,78.08
1118218,24.18
1245179,36.87
1239770,58.33
1420458,109.78
1313365,50.89
1070617,31.85
1392760,67.13
1015640,23.59
1098563,166.93
1323315,180.57
1179775,205.11
1273247,535.94
1136816,255.98
1032841,243.39
1207961,100.03
1347248,72.9
1089518,331.86
1050183,344.71
1338001,588.94
1165646,103.08
1391820,78.37
1477155,141.24
1389901,325.85
1242455,226.71
1053974,289.42
1498709,50.27
1428777,42.04
1046377,59.03
1254119,33.84
1085095,40.49
1485136,30.89
1157854,29.08
1169953,249.8
1217570,1310.74
1249972,1327.87
1169083,33.62
1475801,29.1
1359599,171.56
1039687,222.08
1498185,203.41
1131747,71.4
1403023,53.51
1108801,77.34
1397460,117.14
1121415,167.48
1282806,38.86
1051075,177.87
1367997,182.4
1041473,123.43
1315013,45.97
1041864,67.88
1171509,59.29
1331445,249.13
1089775,173.26
1472724,75.86
1361205,556.8
1396555,163.48
1358836,150.64
1331407,69.56
1452274,140.29
1390714,104.69
1228822,357.46
1452554,498.7
1029070,654.24
1228033,121.06
1478440,120.76
1043154,103.93
1478265,325.08
1470381,436.4
1222984,694.71
1052650,72.06
1372888,77.69
1293367,90.33
1165645,45.38
1154429,65.41
1021459,42.28
1422321,68.02
1366611,46.88
1350569,185.38
1312949,1943.64
1348257,2207.32
1440671,23.82
1083790,159.01
1463499,234.82
1123111,192.18
1222993,100.34
1261754,41.68
1374992,67.88
1181948,62.0
1437293,109.51
1203616,178.84
1410350,37.0
1116914,136.09
1344894,219.47
1146264,208.75
1415887,60.05
1127683,73.42
1146258,39.12
1019990,335.19
1032774,328.09
1484259,195.15
1322980,119.41
1265570,140.29
1231701,57.44
1119849,25.08
1173395,73.63
1036045,62.98
1053779,161.16
1303542,187.6
1347349,219.49
1481384,187.11
1096564,113.37
1474850,161.52
1193654,213.52
1159117,99.38
1353804,163.74
1375433,17.55
1146173,26.1
1353342,25.03
1402445,179.12
1105415,1038.86
1402829,1025.92
1036213,78.16
1030302,122.2
1404791,133.96
1093896,28.72
1402246,61.97
1287476,47.32
1493850,486.05
1095490,460.07
1329120,176.66
1402691,424.35
1426744,253.12
1443312,147.14
1298678,24.15
1156213,52.32
1363905,108.6
1102864,183.71
1278807,231.68
1308940,53.21
1396950,36.6
1302314,127.92
1054201,284.56
1056665,160.03
1482353,392.4
1440278,85.09
1330860,50.44
1148716,88.7
1488302,110.34
1051906,102.17
1152850,34.09
1320652,31.35
1386934,23.57
1433199,247.97
1227005,960.15
1131938,858.3
1120598,71.11
1355736,76.29
1037052,110.54
1329665,32.29
1055315,24.79
1088819,29.93
1277933,112.23
1166225,87.94
1293329,193.96
1349351,41.78
1054906,154.5
1004507,100.15
1191410,95.3
1237519,398.08
1101366,307.19
1063294,197.43
1417445,50.18
1315888,117.18
1392155,86.55
1158773,155.97
1303629,239.27
1262956,378.52
1143046,113.05
1084443,93.02
1131770,171.56
1425588,227.07
1254738,232.32
1418776,303.04
1041100,54.05
1433561,53.43
1195998,81.91
1356831,75.73
1431024,29.97
1229088,88.53
1490332,41.7
1173268,313.11
1460060,1445.77
1336420,1236.44
1369493,28.64
1167595,25.68
1213428,20.22
1309558,109.6
1170333,106.68
1268761,325.93
1326400,32.91
1355420,35.33
1117059,30.31
1280259,48.33
1047301,118.64
1405693,216.03
1192141,50.28
1041377,90.02
1488435,44.21
1427131,268.27
1002220,295.46
1301771,207.1
1219875,180.84
1246237,194.63
1045704,76.4
1023309,20.46
1228393,86.77
1187353,60.65
1143421,212.53
1402925,376.22
1093785,231.89
1146882,201.09
1318929,268.73
1203442,371.73
1004420,288.43
1014090,199.56
1398042,227.27
1264681,54.7
1017526,34.01
1458262,18.41
1150678,22.83
1320376,131.34
1317677,1460.87
1352082,1680.05
1368925,94.37
1269920,138.74
1117989,152.97
1041166,33.42
1045010,27.7
1304495,33.18
1416081,30.23
1031438,57.95
1180183,32.88
1432441,360.21
1401070,300.35
1296303,187.07
1495457,298.8
1215871,240.9
1143636,234.0
1058496,67.36
1443889,86.66
1180874,69.71
1048380,148.25
1263996,234.62
1149931,154.73
1022424,90.97
1218254,103.79
1112554,131.97
1009750,386.3
1056322,211.38
1083054,290.1
1200089,62.7
1318982,27.98
1363303,41.02
1042514,60.98
1137634,35.83
1495807,29.41
1466731,33.58
1080998,146.67
1397257,1507.62
1325299,2042.13
1205461,28.64
1386895,27.45
1170771,20.75
1381779,184.63
1136184,175.47
1389254,327.41
1162273,26.56
1490297,19.05
1198587,64.8
1006648,71.74
1357410,76.87
1066458,41.19
1126128,155.66
1481585,65.08
1081125,323.98
1316293,363.03
1233845,172.24
1395557,519.94
1175595,380.76
1462272,297.87
1168538,44.36
1096333,94.03
1200477,62.36
1101186,288.58
1030030,274.34
1151876,424.84
1404563,121.43
1224600,122.79
1386814,177.39
1329521,493.62
1107904,201.39
1026288,492.74
1063382,89.19
1072318,73.59
1336287,107.28
1388838,159.9
1231318,173.44
1460552,32.77
1494117,53.22
1419467,58.46
1247675,295.38
1257289,1564.84
1187581,1515.72
1250575,35.35
1355719,31.26
1322958,105.01
1110998,100.97
1026632,186.59
1468197,57.76
1429143,43.89
1110002,153.23
1353989,128.98
1368664,295.73
1233222,40.46
1483390,88.9
1025301,37.61
1348159,225.23
1404114,265.24
1137543,137.86
1315211,1045.18
1153898,795.17
1281814,349.42
1416927,39.14
1128826,212.11
1471144,90.68
1049350,587.81
1131538,567.08
1163574,1579.21
1208422,208.1
1494813,193.68
1166910,419.87
1400040,591.73
1392051,464.75
1061242,765.45
1230087,97.71
1062235,75.03
1330041,67.07
1250606,184.46
1000748,39.11
1065507,61.56
1399913,52.84
1164086,527.71
1199454,5045.24
1484932,5105.81
1057929,31.83
1318694,462.6
1244936,664.14
1103112,444.61
1198144,62.19
1454651,62.42
1125120,47.13
1367873,178.39
1152380,195.78
1425925,297.83
1387841,34.19
1325701,34.21
1297570,207.41
1193708,267.37
1216003,280.24
1189783,24.23
1009315,78.37
1333953,63.82
1036613,473.42
1134711,315.46
1053860,306.62
1438974,352.21
1095568,338.33
1369255,176.2
1370235,20.02
1055921,101.8
1104908,51.71
1323957,514.29
1067345,243.14
1483471,299.17
1376912,51.67
1078062,129.31
1443211,176.98
1083456,201.75
1100793,164.33
1290854,404.96
1089558,71.75
1100250,79.75
1420158,95.81
1267746,305.74
1283121,207.15
1422003,37.69
1228679,59.43
1399603,52.85
1133114,172.94
1213738,1212.84
1109919,1180.39
1076832,20.43
1067896,62.46
1009282,17.11
1047239,94.59
1133053,117.86
1219095,170.24
1410114,39.19
1386771,32.19
1322930,62.03
1400695,118.78
1361334,102.79
1242163,191.78
1324093,45.29
1122716,50.33
1082302,32.73
1436025,151.09
1136040,116.02
1363491,101.57
1469698,254.73
1470409,205.61
1044051,125.83
1238870,60.22
1256441,104.99
1209146,307.7
1256407,535.45
1221582,319.12
1383790,121.3
1325056,133.72
1265434,174.98
1388704,325.58
1313545,197.33
1395631,266.24
1051001,18.54
1431352,34.47
1410965,62.93
1483756,16.04
1290899,27.31
1199703,50.88
1237610,232.37
1444912,3867.62
1420680,3791.56
1483148,198.8
1107862,263.4
1337109,23.34
1247940,21.15
1429379,21.23
1495441,41.91
1010582,37.89
1442966,56.01
1147172,43.31
1183397,421.88
1205751,337.36
1094254,504.74
1412751,469.92
1006145,354.7
1175281,183.76
1493704,49.08
1226267,91.79
1255164,53.34
1310037,262.29
1457996,521.89
1294289,509.85
1320535,233.19
1216489,237.4
1157061,243.56
1173815,303.35
1354780,205.9
1305979,477.48
1432851,80.84
1007110,99.42
1419717,108.56
1276891,47.48
1034437,46.73
1449768,57.08
1397560,243.47
1310851,1693.17
1436856,1337.18
1265589,39.87
1445268,147.8
1075807,183.29
1109491,242.21
1018204,41.21
1469298,45.58
1345768,48.83
1087184,81.74
1325614,70.83
1005390,192.28
1381072,40.33
1372407,89.18
1472769,41.19
1089646,408.49
1490925,539.99
1175440,163.12
1232486,645.1
1426884,219.1
1018982,254.69
1024533,30.67
1423458,120.36
1256007,114.36
1072327,364.33
1200918,288.15
1031606,575.02
1171496,112.28
1125996,84.03
1283888,124.89
1418131,232.68
1400837,245.0
1471564,335.18
1348293,37.16
1360248,32.65
1037188,37.3
1275453,75.78
1153084,52.82
1476703,38.97
1214045,19.22
1339201,32.55
1430832,275.71
1429517,1411.88
1182953,1787.94
1459302,28.11
1177955,21.63
1157643,158.58
1284388,217.93
1364451,201.78
1156252,58.66
1375220,52.82
1261074,46.17
1147021,78.33
1456278,85.15
1054169,156.98
1110323,32.07
1289831,145.97
1149805,134.99
1266061,126.13
1220931,62.92
1021717,45.4
1323802,239.06
1422028,258.01
1291601,154.38
1094087,746.08
1347974,578.08
1347782,226.22
1215159,74.97
1456299,124.17
1165289,85.93
1047535,441.84
1067260,431.74
1160219,920.29
1231638,195.06
1189643,222.12
1061333,172.54
1152031,302.92
1157645,357.06
1455353,452.36
1307614,63.17
1122805,64.27
1200378,17.76
1277405,36.45
1118213,35.65
1111285,47.38
1333036,27.42
1292612,601.84
1265026,2280.16
1063432,2648.62
1490530,17.54
1199264,16.26
1315953,19.29
1325057,120.63
1000967,84.52
1102240,96.96
1094031,77.39
1461407,152.23
1296839,149.88
1285572,263.1
1486559,19.46
1438178,22.65
1429602,61.99
1007013,77.09
1413676,46.11
1324205,19.82
1052327,34.67
1051118,27.07
1063944,307.46
1327596,305.58
1271465,219.11
1112605,1967.03
1215120,825.53
1334605,539.68
1089940,72.84
1493329,172.44
1310666,147.3
1226985,691.78
1157971,697.71
1406109,1529.6
1158730,99.71
1192020,151.91
1488470,232.48
1399584,1240.41
1186148,546.09
1295143,1161.44
1033644,112.86
1043832,135.18
1278865,96.54
1122933,318.92
1099771,192.03
1342064,245.72
1087115,45.28
1021203,85.94
1158238,39.9
1374260,680.51
1402324,2762.4
1412744,3076.66
1482782,57.97
1046637,64.1
1498015,19.47
1312237,304.75
1171583,508.35
1439200,561.68
1365652,123.4
1116454,99.96
1329325,124.52
1398733,146.1
1175214,172.98
1235841,590.97
1467381,48.7
1129652,46.06
1025418,37.24
1107242,401.7
1225616,596.91
1399642,502.08
1002587,102.72
1353808,100.09
1261445,442.27
1315349,282.43
1032554,382.81
1044666,1773.36
1126295,981.51
1031019,440.13
1351254,66.25
1303377,270.7
1360145,217.9
1339191,681.05
1263562,659.78
1249506,1906.9
1072489,124.56
1054327,127.84
1301459,326.38
1164130,1054.22
1292366,420.41
1227051,853.36
1052043,123.56
1270293,92.85
1149914,73.93
1476554,99.71
1205729,37.86
1211146,130.47
1193406,59.47
1256086,89.38
1119492,33.45
1424001,599.59
1318873,4649.76
1497229,3159.49
1411464,48.66
1275922,35.2
1067311,25.33
1063232,279.33
1263804,261.89
1119525,375.64
1042841,146.76
1163114,155.63
1394950,120.68
1083661,172.71
1353626,195.46
1238795,419.42
1257162,44.29
1407540,22.91
1087300,36.62
1016398,284.74
1031482,477.85
1476710,335.24
1424685,90.89
1087043,120.71
1241336,58.09
1126102,260.15
1388334,378.39
1075523,362.39
1216578,159.95
1351219,155.37
1287845,114.18
1147190,50.07
1419860,117.4
1023806,75.09
1185678,107.95
1353996,298.95
1471183,209.74
1054272,109.93
1005347,89.04
1327124,132.57
1234527,317.9
1077178,270.84
1066705,264.81
1072459,36.18
1003680,28.59
1416476,38.34
1167184,34.09
1077352,32.02
1354900,39.94
1260212,269.51
1130888,1823.11
1164137,1715.48
1047397,14.83
1497822,121.41
1366177,142.96
1235630,124.38
1161125,32.56
1214466,37.62
1379939,28.9
1397477,52.94
1490466,109.19
1402609,37.78
1254730,438.96
1025202,485.35
1373526,245.16
1203194,373.22
1364965,250.74
1403750,156.96
1205495,85.29
1399393,83.11
1114827,55.83
1209003,157.52
1068087,252.48
1157260,177.95
1286151,62.95
1287783,73.59
1246214,96.05
1103243,318.36
1412094,207.5
1435140,141.29
1246825,35.66
1159089,15.86
1049141,25.89
1246940,45.76
1378005,26.61
1433386,23.87
1207002,38.97
1051838,183.72
1376509,1348.96
1110219,1565.04
1331890,18.07
1253163,24.97
1302373,21.9
1434614,85.33
1148001,93.36
1212594,182.25
1105749,15.52
1410871,15.7
1125176,45.73
1432030,24.26
1134077,41.5
1017556,39.84
1222099,79.25
1381777,42.78
1459975,359.4
1163173,394.79
1496357,178.89
1427545,111.82
1095607,92.08
1039372,85.53
1265219,20.33
1406375,119.46
1448552,128.83
1059119,136.89
1359625,43.21
1255874,87.61
1338420,149.47
1402396,212.59
1478102,133.75
1471087,216.94
1284661,19.42
1420413,16.93
1364745,22.12
1019952,66.14
1387028,1743.39
1215711,1841.85
1435910,35.68
1452281,27.99
1170208,95.01
1443567,205.69
1390206,197.67
1089737,48.76
1279096,36.91
1301192,74.33
1191560,235.39
1117758,125.44
1243690,186.93
1041884,951.53
1490464,431.59
1041468,369.0
1491705,41.34
1288797,134.66
1472568,76.79
1202662,487.16
1285966,477.69
1068045,802.56
1274550,137.09
1321002,113.51
1094705,244.72
1021807,292.4
1302798,278.86
1060391,646.02
1006816,55.85
1095767,47.28
1101734,112.89
1171313,116.71
1281698,89.47
1435552,44.98
1018032,30.16
1463075,29.54
1055113,390.83
1416492,1669.83
1357343,2132.18
1290035,39.87
1253166,24.51
1173529,29.38
1315404,196.18
1068463,257.51
1140698,244.28
1449468,85.57
1093081,70.52
1357469,121.43
1076524,155.83
1324338,167.08
1306071,245.18
1099884,37.69
1010388,35.1
1404662,162.4
1129536,266.65
1425079,164.93
1217642,102.22
1063344,31.42
1104032,187.02
1289590,220.89
1037247,253.38
1441494,629.56
1111278,116.87
1111214,152.39
1409949,43.08
1408381,122.77
1487695,106.32
1086128,349.9
1051069,391.31
1033575,594.76
1134606,73.59
1335692,106.65
1220076,70.66
1045804,495.59
1410900,259.59
1491784,425.65
1155929,50.99
1421340,51.31
1247621,35.93
1112082,56.59
1352909,56.86
1209918,262.26
1101949,1502.05
1307199,1540.58
1340615,27.62
1265011,70.27
1349155,282.53
1295471,143.35
1465044,115.67
1122408,137.44
1357576,54.23
1395249,100.39
1167154,118.62
1338367,112.31
1335658,31.4
1259183,103.59
1380027,241.82
1291944,175.57
1066693,45.23
1463866,87.13
1496936,74.97
1083629,180.57
1458918,175.69
1181328,107.91
1381586,1159.66
1011414,631.62
1474243,331.57
1394187,54.51
1196663,226.76
1088646,149.37
1342720,370.14
1102185,474.59
1333552,1169.71
1410152,50.51
1372949,104.77
1131961,122.71
1318987,727.15
1309137,315.51
1358786,835.74
1032920,79.11
1262458,87.64
1327846,130.97
1429378,126.21
1136853,128.32
1274362,30.67
1455282,29.05
1201206,46.69
1484461,429.57
1229441,1833.1
1025339,2047.11
1299332,29.8
1103612,190.37
1444918,263.35
1199571,351.34
1083814,82.84
1030045,67.58
1083856,76.4
1041927,130.08
1132474,125.95
1326550,172.18
1203590,52.94
1468345,25.44
1062614,25.1
1252301,223.22
1312450,303.51
1227321,259.52
1143199,66.57
1388818,79.51
1045336,50.6
1208100,265.2
1487438,323.74
1314619,213.51
1446773,185.96
1379642,180.51
1463434,90.14
1359547,76.87
1189931,140.88
1104414,106.76
1294658,145.15
1041008,247.83
1388157,224.14
1036924,245.44
1412783,88.91
1239271,101.8
1164460,255.18
1120076,193.0
1033560,277.05
1241991,31.27
1050973,29.97
1488516,18.19
1487269,52.12
1494672,68.01
1055343,19.59
1276086,30.59
1427992,218.42
1062785,1183.42
1393239,1673.85
1359687,21.44
1185486,24.42
1237451,109.02
1383706,155.72
1484601,144.62
1293278,23.65
1302677,31.83
1202037,66.2
1430558,52.63
1338945,61.48
1078324,31.69
1387934,89.47
1478529,57.52
1120072,309.6
1377968,302.4
1391988,203.29
1265634,245.7
1223460,231.47
1487411,122.46
1038260,69.6
1446962,97.06
1307990,70.42
1159283,171.29
1072744,106.7
1433307,240.21
1350267,77.27
1340706,100.07
1108874,52.0
1317740,242.27
1274663,221.76
1245642,405.74
1331308,98.84
1490846,56.36
1216717,73.16
1155386,110.65
1287061,50.16
1425115,177.31
1060856,31.32
1473341,66.11
1423483,65.85
1199882,305.04
1335249,1367.63
1075399,1478.73
1485349,47.62
1346518,17.12
1180232,81.15
1180958,120.82
1268970,169.52
1438275,29.39
1252259,25.92
1293873,19.1
1372471,106.67
1207091,168.12
1191139,164.83
1464373,29.53
1342435,59.58
1481479,155.0
1265718,260.69
1330306,105.4
1088146,227.95
1230739,165.98
1479461,86.25
1119000,30.31
1253188,114.56
1420681,62.77
1497042,220.63
1075573,477.14
1283010,308.87
1248990,91.44
1076397,128.81
1295928,210.27
1072277,212.94
1334546,254.66
1293060,235.18
1358416,24.54
1040086,25.0
1465977,48.67
1130549,39.83
1039323,15.19
1440240,39.22
1362578,84.18
1142838,1950.09
1260394,1827.17
1162316,113.36
1133943,120.54
1094696,171.8
1141999,20.56
1185462,20.34
1484087,33.63
1295267,28.12
1127473,37.74
1005070,48.48
1132370,37.89
1162807,511.08
1410300,467.22
1411549,195.26
1315737,1481.59
1026727,427.69
1392552,529.92
1273175,170.0
1359183,452.42
1349227,391.77
1187267,900.82
1077876,1055.15
1255087,1688.85
1367217,207.83
1250173,151.58
1080258,241.49
1466020,1912.56
1103105,978.32
1411427,1649.38
1099736,257.66
1456472,274.94
1295531,161.26
1182553,218.38
1037013,304.34
1071289,85.1
1348850,97.1
1145843,134.63
1290610,76.27
1107751,814.87
1303680,5604.98
1106620,5453.78
1368612,84.54
1195396,23.99
1349623,71.36
1140431,508.77
1239272,774.24
1408309,602.63
1272864,82.78
1084623,107.14
1382786,59.44
1045869,175.21
1205492,336.62
1337089,622.48
1196960,36.75
1359976,31.0
1173584,40.0
1080752,520.57
1438049,830.09
1376120,710.59
1200743,132.99
1160087,274.7
1250538,177.37
1385364,647.54
1421477,448.08
1001956,446.5
1233884,479.49
1467909,153.5
1301887,184.63
1048759,29.16
1270199,141.21
1282739,110.31
1154085,435.25
1260035,426.78
1377442,613.23
1281129,345.7
1307389,286.15
1143368,312.59
1378838,325.17
1095292,367.96
1293301,496.44
1234965,28.04
1375305,31.17
1439037,36.84
1181412,29.31
1067610,28.03
1431745,35.64
1295753,408.78
1334795,1926.43
1166147,1888.48
1431774,18.81
1177789,73.59
1407626,93.4
1344425,119.71
1499073,122.27
1096086,126.01
1356796,126.52
1368295,126.22
1186984,254.73
1334468,229.56
1024033,19.86
1177177,18.24
1070701,21.94
1210286,55.4
1190645,75.59
1109523,35.66
1384852,46.63
1140087,62.57
1381531,389.77
1029762,281.03
1387532,304.88
1429694,668.5
1344145,385.77
1021666,256.2
1460994,209.0
1496025,185.22
1223663,495.52
1166855,570.95
1159755,737.37
1078871,115.68
1343181,97.6
1251460,201.09
1167686,446.18
1309041,525.64
1351501,906.13
1411712,20.26
1389300,26.13
1043407,52.18
1137195,32.66
1133355,22.89
1382856,41.85
1117090,21.14
1152195,653.73
1124988,5824.91
1325639,5998.15
1010613,28.19
1077074,34.24
1339373,125.42
1082030,72.63
1374234,126.01
1498214,96.11
1219081,89.93
1472375,80.07
1472124,94.06
1004268,191.38
1295832,233.17
1396477,39.35
1157026,36.65
1154504,33.46
1425009,120.38
1319225,102.67
1487214,72.61
1202811,51.25
1422934,44.04
1006749,573.67
1417732,425.91
1092905,389.08
1353563,1896.93
1157213,1334.37
1037186,655.45
1161156,148.14
1309382,423.21
1300405,348.6
1403354,941.77
1076251,1075.61
1301531,2128.16
1354098,179.49
1013097,150.42
1138810,330.28
1247295,1996.93
1396363,676.01
1428923,1474.31
1392386,128.24
1310472,105.37
1310422,98.69
1496663,104.73
1192395,319.8
1011221,68.18
1336867,43.99
1063685,111.84
1208004,103.45
1444591,753.08
1093360,8552.61
1338479,9140.85
1018381,42.27
1247641,38.03
1260258,35.54
1156774,628.39
1309278,1048.61
1394148,972.54
1445687,134.32
1268572,147.46
1243616,127.73
1414107,181.81
1407146,228.07
1352012,384.61
1390158,45.2
1091996,38.54
1318802,35.11
1452309,327.44
1334101,806.68
1002773,370.65
1029414,69.14
1374360,197.62
1096139,139.24
1166020,349.68
1136726,324.08
1170441,671.43
1003197,719.84
1195560,653.96
1233590,356.72
1499053,45.72
1008764,95.35
1171263,91.38
1235632,403.69
1086505,334.41
1124751,527.03
1022768,120.41
1342069,300.77
1319985,176.96
1086535,687.76
1193059,268.89
1005399,609.03
1217409,92.32
1388371,78.67
1240574,68.17
1296492,124.41
1490920,384.98
1407025,310.46
1349568,35.46
1150094,44.65
1234359,36.26
1487971,526.55
1061979,2350.14
1075410,2379.8
1183464,34.03
1218599,44.78
1238332,24.15
1126306,254.57
1250167,195.08
1425272,503.88
1421359,48.46
1227369,37.65
1245910,39.64
1469390,177.2
1285058,232.02
1221848,392.05
1256714,47.13
1481494,92.47
1355892,63.72
1163601,372.49
1235352,318.05
1486990,345.63
1088403,173.36
1215826,261.35
1077243,93.88
1250701,52.44
1081976,202.05
1212321,180.15
1356165,124.52
1102468,336.31
1248921,175.68
1168286,244.01
1073998,155.31
1106972,379.09
1415496,332.3
1430286,366.49
1058741,27.44
1305701,34.27
1063055,42.84
1129309,36.61
1190160,43.87
1275767,251.44
1370349,1636.9
1195640,1911.33
1358027,18.04
1060469,92.08
1397621,158.83
1321235,183.08
1036985,32.14
1314238,38.11
1184897,60.27
1109511,85.18
1134380,157.56
1438318,671.43
1045978,768.23
1039535,288.23
1222762,811.98
1108547,679.99
1136233,143.06
1113557,48.08
1433288,83.26
1280956,57.78
1409185,224.24
1001062,424.09
1455302,279.02
1473716,203.92
1108944,192.25
1281283,365.9
1295121,243.74
1271387,246.01
1042450,183.36
1232986,53.8
1262098,22.46
1355822,17.7
1235127,120.25
1315725,1726.96
1105691,1821.51
1423554,80.96
1291911,118.6
1063335,81.13
1017067,31.96
1295378,42.05
1358044,17.89
1475790,34.9
1463160,21.42
1020603,35.68
1345207,390.04
1395178,585.24
1408825,132.92
1494027,574.81
1224076,390.77
1353310,104.43
1435474,51.66
1006574,89.66
1388278,61.25
1139612,361.74
1375571,350.04
1088656,545.15
1448606,181.22
1291487,210.8
1465487,203.13
1240567,374.46
1078554,303.71
1081079,378.98
1203974,62.71
1303970,47.49
1426761,52.35
1303570,50.64
1150022,168.33
1217185,85.68
1125302,29.95
1442229,44.36
1002560,235.18
1371487,1899.18
1446799,1502.27
1036706,22.19
1491686,25.94
1399772,127.59
1494276,186.56
1217848,273.95
1092082,22.49
1126590,39.2
1010315,36.56
1303501,75.97
1290736,167.43
1027752,49.11
1386011,53.87
1204889,270.71
1114235,321.49
1034417,207.06
1082554,1278.89
1290939,600.28
1177275,234.11
1291984,40.58
1489334,120.39
1312498,109.42
1237487,582.24
1017032,590.24
1226117,1185.95
1282653,101.88
1363989,97.48
1359946,99.95
1319162,371.78
1402594,218.17
1217911,610.14
1464254,81.44
1341715,91.39
1349950,150.53
1162925,75.52
1270167,119.87
1057728,49.27
1058797,56.12
1403400,618.93
1302853,1756.41
1079968,1109.07
1440844,34.13
1104148,41.0
1287932,183.79
1017601,176.63
1026204,217.32
1075937,95.48
1346881,86.84
1223669,101.56
1301241,132.56
1277374,290.32
1023855,306.04
1069619,32.9
1141140,26.68
1398600,143.5
1432032,361.55
1424160,339.68
1231250,27.11
1201874,104.63
1460942,64.09
1141667,289.6
1445891,266.42
1350725,224.84
1303762,440.18
1414123,292.6
1333339,103.62
1249853,28.11
1254272,100.65
1404012,68.17
1086893,454.22
1490001,466.26
1335737,672.8
1026870,87.42
1157723,95.59
1083428,165.52
1041969,504.54
1242079,262.14
1157372,606.35
1186919,111.82
1250645,37.07
1318234,37.29
1135964,24.65
1040065,35.25
1498396,26.54
1015144,589.86
1452919,1833.8
1045583,1902.46
1230784,30.26
1078483,24.26
1223872,100.93
1399477,115.09
1245737,106.75
1217377,204.48
1055993,127.82
1032317,171.54
1442709,100.02
1341438,245.18
1045265,203.6
1081143,37.76
1241028,24.0
1487433,112.14
1344474,126.66
1249086,37.07
1167009,29.26
1001468,41.75
1056008,153.38
1352502,177.87
1138191,185.35
1195304,343.49
1485133,110.24
1230602,109.19
1246844,63.49
1420947,119.16
1073477,90.4
1174807,490.71
1101194,693.29
1479242,505.06
1163821,72.6
1053387,192.44
1030257,178.26
1066609,548.12
1104677,481.99
1145504,503.55
1058968,20.56
1029048,50.81
1341299,23.59
1233321,46.23
1155890,378.48
1412006,2338.42
1059086,2317.71
1457634,33.6
1382023,19.35
1450781,75.87
1393398,127.11
1347554,76.52
1208168,112.68
1003353,160.92
1054844,269.07
1199186,340.21
1094514,27.71
1182396,25.56
1335483,32.65
1231690,40.02
1227412,44.42
1006640,63.03
1430130,35.59
1124497,301.98
1311902,291.39
1091585,704.98
1011846,317.88
1183235,388.08
1138279,222.44
1400961,106.83
1342320,68.03
1073456,151.81
1463003,324.83
1291939,338.03
1201023,76.02
1131342,62.53
1350514,98.97
1019288,317.22
1338351,229.27
1441003,423.94
1089983,86.56
1098314,94.65
1319200,64.52
1007242,74.61
1348829,138.12
1356631,118.27
1007766,34.26
1482800,42.49
1160805,249.41
1386804,1149.81
1291900,1223.88
1467342,33.1
1079749,26.51
1163707,106.65
1267211,139.95
1477931,256.6
1488200,46.55
1286968,44.36
1204701,39.1
1262783,104.93
1129825,182.76
1314953,203.2
1373676,52.75
1431261,76.25
1307454,43.99
1441368,302.17
1340082,295.7
1290045,125.32
1070101,1396.82
1413562,573.83
1192976,407.12
1304626,57.65
1358552,172.78
1246966,165.92
1121684,580.61
1422241,697.95
1463806,1436.66
1133186,145.74
1186594,118.3
1332523,252.09
1228793,1085.56
1106195,440.42
1149489,742.89
1239648,89.19
1167480,84.51
1006634,75.41
1067884,48.39
1158916,103.55
1392561,64.67
1253660,37.87
1371428,79.87
1413435,46.79
1202213,645.76
1236134,4025.31
1285653,3403.29
1086947,29.44
1413457,42.29
1275145,24.75
1394552,137.77
1041277,129.25
1219014,227.05
1131289,58.16
1393954,108.43
1114558,47.26
1058025,127.94
1146280,203.45
1259161,470.52
1211180,25.15
1085281,20.37
1450681,27.8
1191059,149.58
1160873,539.88
1112783,393.3
1482831,54.14
1416477,122.32
1302018,67.34
1411743,247.0
1209263,252.07
1375615,351.56
1251805,834.96
1469059,316.03
1265505,164.08
1110999,35.35
1490160,118.35
1253502,106.91
1126623,288.08
1130658,301.64
1387143,351.62
1362544,133.22
1459085,69.51
1341726,95.56
1208714,467.36
1473910,237.8
1113140,495.58
1287268,70.39
1017414,44.85
1329315,62.46
1437265,200.82
1441114,149.7
1207802,17.61
1284532,35.39
1428659,28.13
1247559,318.26
1142595,1785.6
1221224,2738.08
1440966,42.02
1244156,179.74
1432921,196.85
1253903,207.04
1109308,36.29
1160233,28.59
1265029,29.14
1200538,82.36
1349362,110.51
1216484,168.42
1470437,42.12
1389801,77.2
1273640,30.01
1398971,246.18
1110361,342.65
1132811,179.99
1358429,89.01
1499021,105.31
1251893,19.19
1189345,67.98
1217593,42.75
1435232,218.08
1214504,265.33
1240856,183.46
1310777,71.63
1473466,113.78
1182198,133.31
1442839,222.24
1105223,475.07
1050999,307.94
1140478,26.04
1160572,28.08
1294587,18.49
1483004,20.11
1085945,23.0
1334365,302.62
1179547,752.01
1212768,750.43
1075990,15.31
1248167,115.17
1261113,161.05
1429763,123.65
1151884,78.62
1313839,113.83
1216798,152.86
1492488,18.47
1180550,37.05
1300636,38.36
1111154,25.92
1329598,46.0
1170529,304.68
1450808,131.02
1258777,209.8
1195364,1519.0
1469941,917.73
1070129,370.37
1259870,163.17
1489091,695.5
1253895,877.22
1245836,966.39
1493689,187.08
1301362,115.23
1426995,200.02
1185820,972.41
1170494,539.74
1315527,967.33
1284731,126.77
1233512,161.42
1229478,67.6
1118707,108.77
1483287,66.23
1483261,107.55
1218561,139.85
1228734,726.06
1100299,1385.0
1062654,1354.63
1424258,60.94
1287339,49.96
1313588,124.29
1258153,122.17
1477668,238.35
1146680,180.95
1076977,237.04
1130360,90.86
1038432,178.32
1301753,217.02
1191627,416.57
1030017,38.35
1471259,47.91
1154260,38.54
1313142,235.15
1303136,277.57
1287870,268.92
1331178,241.79
1098622,133.27
1184587,477.2
1025379,394.23
1358189,231.78
1030333,1449.76
1187463,463.37
1212464,428.01
1124574,77.45
1226727,69.75
1052272,70.86
1223406,867.86
1431890,732.87
1118042,1138.48
1358230,108.84
1160706,134.57
1142445,166.4
1124659,763.87
1141542,565.56
1188019,977.55
1045061,124.59
1297612,85.95
1136555,68.94
1473948,30.94
1187248,81.95
1222655,519.31
1225845,1955.71
1147030,1743.45
1361909,350.68
1483607,404.98
1222059,535.17
1285518,145.4
1270509,103.1
1415427,104.03
1078686,137.61
1406717,182.82
1418362,285.8
1413791,32.8
1493718,29.74
1308101,230.43
1068287,230.87
1290408,179.05
1448703,54.84
1307736,110.25
1023715,61.61
1269555,421.17
1107012,224.09
1352569,289.64
1080746,743.46
1035233,529.39
1192047,307.23
1423989,74.28
1473901,82.55
1330572,80.22
1124262,387.66
1340904,573.74
1466477,418.68
1030896,254.79
1102297,163.98
1458313,289.32
1347385,417.83
1349361,264.26
1036701,504.33
1291765,82.79
1375038,62.46
1366075,58.0
1139550,55.92
1101934,123.23
1106379,151.22
1183999,37.86
1139782,57.72
1126514,39.64
1035826,353.37
1377724,1747.45
1164986,2338.08
1140696,37.38
1479578,62.96
1458427,18.18
1037543,156.16
1376454,195.1
1034409,158.82
1017883,51.65
1126137,66.77
1414891,270.13
1082444,57.9
1402014,244.4
1091685,37.29
1334897,89.43
1202906,73.6
1037004,321.03
1077171,377.27
1025143,203.98
1045356,363.16
1456111,317.07
1023599,141.14
1224009,48.08
1412451,108.36
1410443,71.48
1262498,282.75
1430898,359.27
1219927,330.47
1037300,135.25
1253597,179.08
1102839,160.36
1122466,399.12
1118519,281.17
1495715,402.84
1128963,93.93
1121948,70.69
1285970,105.76
1467232,52.36
1261676,151.04
1130285,94.76
1454866,42.72
1403469,33.98
1083782,41.4
1368535,304.6
1205106,1334.03
1066418,1145.59
1147439,30.77
1143501,35.5
1396542,23.58
1280071,140.87
1342409,208.96
1022802,210.59
1444289,43.68
1436774,30.46
1254330,47.71
1112142,60.4
1409870,133.85
1338379,34.26
1242046,120.71
1494119,42.12
1031550,363.05
1374335,394.88
1202732,204.18
1090089,2008.3
1390783,1712.75
1336436,666.67
1300574,144.06
1334557,229.67
1262288,155.06
1290777,943.06
1132437,1342.13
1242056,1947.53
1323943,132.5
1395556,120.12
1021300,269.74
1256563,1929.58
1082880,940.74
1408615,2025.02
1034550,275.62
1273740,305.51
1375700,148.2
1484176,256.85
1188547,389.95
1107386,158.82
1266898,71.4
1426808,161.01
1151394,74.15
1362645,1079.77
1394305,2361.36
1275233,2557.71
1287197,94.84
1120268,64.6
1341978,60.53
1005261,490.2
1356969,660.51
1429995,643.37
1231854,182.96
1004831,211.69
1196682,191.15
1110823,202.12
1050864,237.32
1453468,672.54
1386342,59.18
1304635,92.37
1374704,84.69
1304912,1012.67
1399265,551.03
1430604,394.68
1020769,127.4
1124544,229.32
1230695,143.19
1022544,504.46
1392027,374.87
1227348,368.74
1427333,828.45
1207963,418.38
1358659,220.72
1017948,37.62
1470042,83.63
1302705,47.67
1107897,434.57
1025988,457.64
1146886,618.82
1214823,142.8
1097271,112.34
1403913,106.1
1153862,189.85
1177612,235.22
1105240,457.89
1368073,40.02
1021984,33.7
1114177,64.82
1012363,24.23
1145179,46.74
1161370,43.25
1167123,465.46
1095301,1846.95
1329675,1886.95
1276937,25.95
1069331,177.19
1348050,393.2
1320534,429.75
1292579,34.71
1263128,24.05
1488407,77.95
1025243,129.33
1156703,182.33
1131763,25.89
1133958,23.6
1241310,169.71
1298978,92.15
1334203,74.74
1037484,62.89
1183511,66.37
1213380,41.91
1479982,235.78
1295433,267.95
1383868,146.07
1323560,2090.2
1444798,682.62
1069100,531.55
1439256,92.74
1184813,199.47
1494605,157.22
1070775,999.71
1153718,1148.73
1262471,1314.16
1263194,119.91
1058052,143.8
1253782,260.05
1374690,977.65
1075536,729.6
1404821,1229.39
1390833,148.9
1007031,150.8
1054115,142.26
1120318,112.51
1431813,159.44
1298538,125.49
1448350,76.92
1137247,138.64
1378187,99.38
1313682,576.57
1390178,2835.07
1254865,2981.76
1036898,60.71
1062100,64.01
1077395,543.64
1274271,716.46
1413868,593.1
1063439,125.92
1121493,119.15
1429093,109.54
1170897,178.05
1402018,271.77
1129849,424.66
1348414,52.16
1007581,50.35
1140044,45.11
1464692,384.39
1251999,399.83
1204026,259.62
1274820,100.34
1346088,163.46
1499150,128.79
1141237,502.52
1216971,428.46
1478789,375.01
1182896,379.56
1093179,221.27
1014154,129.43
1030496,31.03
1460483,37.08
1320980,20.52
1019808,239.92
1362163,344.49
1360746,231.35
1362049,115.3
1111825,224.28
1081167,120.12
1032184,295.38
1092132,221.24
1024838,392.14
1015959,81.42
1494129,40.56
1030352,51.12
1255183,52.83
1087358,103.45
1441485,58.42
1292750,23.37
1187461,30.54
1219150,21.85
1192877,258.98
1256438,790.92
1480116,810.65
1218838,21.05
1404354,109.18
1127637,176.33
1196866,211.07
1471619,29.28
1342397,26.64
1320006,30.93
1350494,62.92
1437438,32.56
1058833,56.62
1244799,65.41
1439843,271.34
1019892,319.04
1219560,212.1
1462013,395.44
1119683,237.79
1273171,110.48
1113566,21.03
1487073,73.96
1062422,27.15
1028047,172.29
1010820,268.85
1120927,233.47
1033949,85.78
1315041,95.68
1308393,146.87
1200879,250.19
1097184,127.03
1451230,239.38
1064428,42.96
1445895,31.48
1281062,75.6
1050958,31.37
1195326,23.81
1361791,38.4
1055072,21.19
1218586,164.31
1008508,1156.87
1398646,790.48
1174817,87.57
1343235,178.68
1033329,178.02
1401816,26.99
1471444,29.18
1298818,30.12
1274831,52.65
1383271,42.63
1165516,56.65
1096371,30.81
1302501,51.19
1204458,205.64
1205882,185.26
1318748,106.74
1307226,399.16
1320342,357.3
1016929,218.06
1043385,83.91
1264716,105.78
1486057,86.74
1389329,199.29
1154554,612.54
1277844,410.45
1302647,111.91
1443356,34.41
1385189,816.02
1272811,305.46
1032054,849.93
1378361,126.89
1094700,112.81
1040158,104.36
1036702,136.62
1238939,293.35
1389102,275.21
1097704,49.25
1137161,127.22
1028769,58.1
1453498,689.59
1346249,1669.14
1381535,1693.9
1252711,84.75
1178509,67.1
1220519,146.38
1309498,224.44
1196756,209.95
1478663,50.14
1216016,43.04
1328575,41.03
1373422,154.29
1324684,304.49
1066118,271.28
1079799,88.02
1045943,188.96
1318034,142.63
1014030,481.64
1343998,348.9
1162586,158.08
1164334,127.65
1194180,115.66
1046431,68.99
1074853,21.5
1017798,46.26
1278377,21.41
1183107,236.54
1105779,413.33
1355275,157.01
1075114,165.66
1163517,288.24
1049629,284.23
1446984,252.03
1166586,243.4
1308629,158.9
1054675,24.94
1209839,22.56
1350207,25.93
1294881,26.06
1104126,165.54
1234429,1781.74
1424027,1668.33
1158324,109.65
1140085,121.9
1415642,157.37
1026843,27.06
1412237,20.62
1088888,29.87
1302670,42.91
1167285,57.51
1202378,426.85
1201369,396.43
1168750,202.89
1450862,351.25
1495450,230.41
1302378,94.84
1058173,38.01
1433596,60.78
1475741,60.89
1487792,284.41
1239569,301.66
1186923,256.09
1093013,112.69
1456302,96.99
1093145,127.31
1107714,149.02
1310662,186.34
1042342,155.87
1267957,57.72
1311445,32.87
1331177,100.58
1141860,1553.6
1368559,1618.48
1239403,15.4
1080487,16.13
1005418,82.61
1395407,141.61
1049721,146.86
1111071,21.02
1365299,27.22
1301300,45.14
1443046,20.78
1335563,43.12
1444198,49.98
1337536,169.97
1139384,203.9
1415610,273.77
1346982,864.36
1386899,555.95
1216902,343.94
1331312,63.32
1145318,77.83
1038082,528.01
1493498,590.2
1435344,929.68
1031584,124.74
1006089,98.06
1464025,303.5
1471793,548.4
1055918,469.03
1392002,620.46
1389536,96.74
1379284,58.66
1461580,65.54
1165506,55.19
1026662,47.3
1307597,67.69
1136626,52.74
1402463,35.26
1026490,358.1
1485619,3805.47
1151969,4005.54
1482885,29.7
1426546,178.69
1318211,251.67
1081706,285.07
1385475,131.04
1205823,107.36
1291316,94.85
1434599,59.86
1165006,126.54
1044361,182.1
1060659,36.17
1324219,62.67
1456024,61.3
1282704,197.08
1284319,147.43
1127161,82.76
1364496,51.36
1396538,89.68
1041425,22.09
1403310,252.44
1412875,256.48
1186105,286.51
1042282,669.56
1355897,376.28
1163430,314.78
1377459,57.2
1025298,90.48
1292720,64.83
1394640,435.41
1405148,449.85
1255064,302.58
1076674,142.68
1001753,124.99
1171702,226.51
1431835,369.94
1190568,353.91
1494597,435.4
1236232,29.22
1022366,29.32
1296198,17.32
1044644,48.06
1190225,20.72
1021330,33.12
1442812,480.52
1144793,3740.04
1316600,3805.48
1033770,21.47
1374497,17.94
1201008,107.89
1433924,71.04
1114869,84.92
1302328,39.93
1471348,26.2
1158546,39.18
1056581,170.66
1078865,187.04
1182751,289.54
1224624,22.5
1016217,22.92
1242062,22.89
1356548,42.03
1131755,80.38
1073235,49.84
1350052,31.11
1067861,64.23
1363499,29.49
1156194,481.74
1497839,371.91
1362253,503.0
1127689,329.79
1131633,191.83
1379641,85.52
1375547,37.05
1362483,127.49
1318787,33.35
1040504,187.18
1383355,277.88
1483664,252.09
1470238,81.36
1224754,107.96
1357578,40.56
1427610,278.99
1313326,250.51
1187745,648.07
1050718,91.47
1104924,62.23
1128265,63.78
1159770,88.04
1066486,87.53
1421436,207.58
1200066,33.65
1416057,69.09
1085183,47.55
1349506,325.94
1261549,1682.62
1292884,1141.11
1453903,55.66
1025892,33.63
1199793,95.71
1068780,131.85
1085401,199.63
1037192,31.4
1400718,39.94
1073403,85.93
1456771,72.08
1250564,161.6
1487779,57.85
1336818,91.61
1010555,65.7
1002043,299.62
1242012,311.68
1166145,94.1
1440436,571.88
1146215,472.32
1043014,214.34
1310723,46.28
1008614,84.22
1076975,39.83
1149000,301.11
1415442,470.4
1136838,512.13
1070227,152.01
1297253,161.88
1061532,274.1
1221557,622.14
1213113,227.0
1101454,609.34
1199855,98.24
1258187,92.38
1176775,63.66
1406839,174.64
1016677,200.89
1219958,23.34
1102306,55.58
1394484,40.47
1237611,427.19
1001680,2182.82
1408762,1904.74
1096050,33.28
1253938,39.57
1494171,28.15
1202063,180.91
1269353,213.16
1425528,336.88
1083018,74.84
1254356,40.33
1096392,33.57
1291874,93.68
1012825,71.64
1411856,138.39
1389546,80.43
1332496,34.93
1218626,399.3
1060240,342.04
1051688,294.67
1070142,173.39
1261392,160.09
1206482,47.66
1205025,36.34
1414894,34.22
1201822,135.58
1065852,234.31
1010653,253.7
1393959,141.06
1238587,136.42
1410003,188.63
1420919,220.91
1247163,87.91
1494734,183.81
1421622,30.76
1076991,26.81
1455585,74.78
1199090,52.72
1417240,22.8
1252660,175.75
1251333,1946.05
1353734,1117.1
1107468,19.59
1173002,122.71
1329582,105.36
1144663,194.28
1107196,30.07
1144647,32.84
1161763,28.41
1091117,18.86
1327267,33.49
1214601,39.85
1136504,21.53
1221756,223.12
1394196,196.48
1376542,76.05
1377519,1493.5
1373036,625.74
1414248,645.12
1303417,92.19
1374782,66.14
1119799,56.44
1238224,482.51
1368565,478.84
1209454,906.6
1465217,108.41
1326935,63.29
1418145,127.56
1496743,905.22
1391503,419.98
1014063,902.41
1072843,169.26
1179267,127.56
1086413,189.6
1379056,207.21
1321694,127.25
1474917,28.37
1046579,94.4
1378510,67.96
1264839,539.43
1387414,4052.37
1011628,2853.99
1361035,66.02
1288726,60.92
1063469,203.36
1153382,313.91
1437433,310.44
1448288,128.71
1001552,70.96
1375215,36.09
1257492,61.25
1112246,208.65
1484213,312.53
1427638,53.64
1327005,35.86
1315112,46.03
1354041,241.68
1388619,301.3
1284859,323.65
1123242,109.85
1093878,107.44
1201131,84.81
1134701,337.87
1351203,306.71
1167481,235.23
1242087,1008.45
1492615,398.11
1200152,287.96
1126912,122.3
1106260,51.75
1461252,62.54
1098918,591.77
1029001,829.48
1367814,944.43
1302999,244.88
1144931,249.81
1248673,402.87
1313222,707.43
1158067,497.25
1432675,657.78
1012475,91.37
1177901,66.52
1495339,51.05
1476033,24.66
1055591,38.36
1452758,28.53
1161069,60.38
1186251,659.78
1033877,5240.35
1413258,3977.16
1211863,29.06
1498754,29.22
1119251,32.31
1305260,129.01
1219991,57.45
1120047,109.86
1488566,67.22
1449824,61.29
1433843,180.16
1061572,208.35
1309177,191.26
1174310,25.81
1450619,29.67
1110276,33.17
1327917,117.96
1028529,216.49
1229877,116.0
1303565,30.11
1094342,44.39
1424443,32.24
1444668,251.68
1484000,320.11
1280618,315.72
1480428,674.7
1455643,673.07
1285656,382.17
1372762,68.19
1432834,111.74
1237460,69.96
1295014,264.9
1244513,452.2
1385541,528.61
1035060,83.91
1121323,83.58
1085830,206.19
1462127,373.12
1295783,323.35
1326454,539.28
1055864,123.76
1234254,95.61
1041769,105.92
1160937,141.13
1342313,234.86
1016474,170.79
1110194,27.2
1251550,66.9
1431845,41.22
1353126,486.14
1056291,1411.5
1325664,1463.74
1459553,34.35
1254297,47.66
1449312,35.82
1458496,127.21
1378698,147.69
1234170,272.52
1226667,43.88
1397179,53.12
1034705,48.61
1140008,117.86
1158536,70.24
1000316,141.66
1025702,47.18
1260965,94.22
1071743,79.49
1209313,317.89
1339877,286.5
1061709,182.76
1252003,473.11
1254045,213.01
1455149,99.44
1037986,29.91
1243872,59.22
1481039,57.91
1287198,160.94
1467395,233.41
1433692,358.68
1090565,86.84
1048727,143.57
1431670,163.17
1351526,328.6
1468658,157.46
1140102,262.21
1191743,22.47
1021450,37.97
1272459,19.43
1222494,29.38
1207845,29.7
1283850,300.55
1254566,1058.99
1065743,1148.91
1293087,15.62
1211532,125.31
1336103,197.81
1248026,208.62
1334098,17.97
1354295,26.69
1335974,22.33
1277523,19.81
1178038,25.64
1108132,49.21
1476589,53.63
1095707,26.42
1342490,344.39
1112212,407.34
1251432,201.03
1345064,56.14
1365578,55.08
1430307,76.01
1097311,30.56
1179754,54.32
1093267,122.19
1268084,135.97
1027654,58.02
1304946,87.89
1308505,172.75
1355349,193.1
1151988,70.22
1066688,118.91
1265837,25.88
1451100,22.0
1129429,17.04
1360992,82.6
1092034,723.57
1431359,720.49
1020389,32.9
1495262,34.19
1416203,153.68
1026691,183.56
1038947,234.89
1280856,44.32
1267098,18.98
1063760,17.11
1070558,13.95
1316514,159.99
1246990,118.32
1278694,163.07
1044833,846.62
1082537,261.63
1290623,253.66
1002960,70.05
1097353,92.88
1197924,26.33
1447615,295.99
1073580,383.48
1459132,640.6
1229468,70.9
1436975,78.97
1209334,149.67
1162245,408.28
1128432,216.86
1266348,468.2
1156193,70.03
1058895,72.68
1342347,63.03
1186897,64.95
1093559,113.81
1189431,74.35
1464252,32.7
1378898,27.28
1307236,32.96
1278502,201.66
1210378,1457.94
1274934,1596.42
1091749,26.46
1381034,38.85
1421914,25.64
1456658,214.78
1137166,212.28
1144564,267.57
1181209,99.26
1134920,61.48
1460464,83.22
1235873,84.45
1104114,127.62
1404886,187.3
1191448,34.92
1270020,35.16
1349855,183.1
1038419,129.02
1372105,86.08
1466539,31.8
1049894,50.64
1165845,45.62
1184351,155.73
1020232,183.65
1176566,154.62
1142567,392.23
1247424,332.95
1331093,200.09
1065120,36.17
1379552,74.62
1373275,67.04
1044528,134.9
1405516,273.08
1480437,310.66
1116430,61.66
1094315,60.4
1115681,150.79
1487577,375.8
1206620,228.21
1006717,365.71
1455478,131.2
1473148,106.32
1108700,105.6
1494266,61.55
1142552,185.03
1119868,137.65
1112572,58.05
1001450,32.65
1035747,256.25
1426081,1235.47
1302643,1412.47
1091771,22.98
1368796,25.82
1418344,59.53
1213867,153.31
1428614,167.8
1323445,37.83
1400294,29.74
1202102,131.9
1351443,108.96
1469614,219.05
1241717,37.47
1435336,95.49
1129632,25.19
1497604,214.23
1153131,177.42
1165802,88.6
1397430,1709.8
1421700,1062.26
1199301,597.59
1217162,66.34
1314371,131.52
1438430,83.15
1161906,606.27
1437201,802.41
1105750,928.57
1276479,109.27
1385089,98.71
1363114,263.14
1386434,1501.0
1009855,559.35
1456556,1269.15
1362834,105.38
1397380,120.07
1148711,77.55
1425133,76.3
1406516,188.17
1410348,144.08
1080589,25.81
1257696,145.58
1197163,29.85
1492896,633.33
1390966,5346.93
1300869,5315.74
1346062,39.27
1440801,49.08
1457400,467.48
1129511,437.78
1206563,489.15
1463167,123.42
1127290,147.59
1152630,117.57
1319449,84.05
1085416,143.31
1148437,386.55
1021989,29.44
1222373,42.01
1487297,39.41
1464106,273.79
1120848,426.77
1161361,223.75
1385103,86.09
1035520,119.82
1272865,91.44
1115214,345.21
1482473,301.14
1173061,247.36
1160004,147.55
1209168,131.55
1131071,63.97
1437124,26.26
1132303,107.93
1066597,46.13
1204147,175.82
1347735,255.72
1471974,133.28
1006545,99.75
1181713,107.85
1310282,422.85
1403767,123.77
1142620,220.18
1101218,20.54
1064390,18.1
1302997,39.58
1394499,199.24
1220035,1672.39
1301610,1395.49
1192894,148.35
1086367,230.46
1024610,161.48
1066449,21.91
1014622,18.69
1102434,31.02
1094038,136.63
1024198,93.0
1480962,491.55
1058212,492.44
1034193,182.66
1133734,796.97
1368841,427.38
1307976,263.23
1353818,40.58
1203717,61.81
1261194,57.29
1429330,515.34
1093502,519.4
1396514,704.16
1164080,96.22
1496571,160.18
1456487,254.18
1124122,863.93
1344652,281.2
1045314,529.42
1313065,68.81
1453858,50.48
1391383,47.75
1386732,68.23
1131958,49.85
1411353,29.45
1183217,40.9
1004907,50.77
1370612,521.82
1059227,2103.52
1044076,2689.27
1461383,18.48
1370497,16.71
1201558,382.91
1009155,375.36
1108733,324.42
1067902,76.95
1182115,80.76
1275446,107.72
1303182,148.88
1347823,290.62
1193439,52.16
1093068,188.85
1313752,101.69
1431000,82.92
1405764,74.04
1167876,62.41
1216873,44.37
1219158,230.83
1140986,268.17
1225887,285.58
1136954,1011.44
1072381,274.02
1466210,268.86
1224719,77.48
1275996,53.23
1014424,67.28
1343873,417.88
1215447,445.8
1047563,881.91
1130244,109.4
1144237,94.23
1375781,166.87
1074647,602.21
1266701,276.54
1022706,662.1
1125457,137.1
1291420,150.12
1309030,98.15
1090177,167.97
1027770,157.67
1320976,41.69
1086618,59.31
1426062,63.3
1386393,483.96
1365708,1381.39
1296288,1226.98
1105095,43.41
1490527,41.29
1290461,28.67
1207023,158.48
1161985,320.2
1091579,200.89
1083415,152.31
1481004,184.78
1210068,159.84
1092395,72.84
1098833,143.7
1276935,220.85
1232445,65.1
1334966,47.77
1170489,72.78
1051286,336.63
1172343,251.99
1063250,194.09
1262276,48.21
1086671,83.29
1403410,80.75
1416327,226.23
1466980,302.24
1209617,201.81
1358442,64.14
1021640,74.02
1458255,49.58
1076401,72.07
1466523,74.02
1009398,157.12
1365750,51.74
1020333,117.36
1302929,151.15
1049098,129.03
1275886,243.86
1377436,183.22
1339401,107.14
1296573,19.2
1382490,22.37
1105475,197.66
1345869,1061.13
1246051,1326.64
1395793,142.48
1161426,194.3
1169752,195.58
1075712,36.57
1396750,22.87
1369446,114.38
1250772,33.64
1228466,553.91
1363888,548.01
1346906,190.31
1440877,592.46
1284314,479.6
1469441,166.37
1434417,58.76
1137425,124.26
1043915,68.18
1470343,249.29
1348031,497.73
1153756,512.37
1236706,141.81
1140362,115.83
1385981,135.25
1479530,716.14
1117421,274.35
1464250,801.8
1407622,119.21
1036421,97.85
1002959,97.51
1426563,268.88
1247670,290.67
1462768,42.93
1334259,78.76
1454376,57.81
1489795,478.39
1126940,1723.89
1067683,1382.9
1052663,65.37
1135752,54.55
1027714,59.54
1083688,139.02
1118433,252.78
1393099,291.9
1009083,83.4
1218541,31.69
1238031,32.24
1105141,145.78
1098287,200.87
1299929,391.96
1192747,64.04
1353255,131.68
1370526,83.8
1034948,391.55
1443790,366.19
1258783,135.84
1266289,309.68
1371943,247.76
1134369,203.19
1439573,65.02
1162693,65.53
1337595,28.74
1476185,285.32
1277210,575.3
1353948,321.1
1481232,172.55
1489354,197.06
1015807,192.24
1430066,261.82
1456342,306.11
1113435,184.83
1427628,35.11
1200050,40.71
1406961,58.87
1042014,24.51
1378115,35.46
1080704,235.58
1427400,1377.47
1183169,1333.67
1337149,18.45
1147099,18.81
1082994,19.01
1438733,108.52
1105548,171.61
1115545,135.77
1331116,96.73
1146566,29.77
1211395,50.12
1499922,23.27
1491288,427.2
1417275,606.67
1248994,135.91
1258709,1571.27
1394819,924.26
1135533,210.21
1051730,77.8
1165520,68.45
1197088,66.39
1465199,657.55
1401826,772.87
1392220,1060.19
1021878,151.87
1400369,141.52
1021693,203.09
1483559,791.75
1475544,357.83
1300625,914.27
1197565,113.43
1355784,74.47
1111727,71.93
1376997,92.43
1244359,52.35
1373136,62.72
1083651,59.29
1410171,481.42
1327045,2761.69
1343053,2631.72
1499459,39.79
1381205,25.99
1308369,38.19
1236789,96.41
1322057,142.6
1402380,133.65
1495133,257.76
1135723,386.03
1177453,158.89
1237932,154.33
1265825,244.66
1407678,311.94
1166219,27.95
1472113,27.43
1149680,212.75
1280831,160.41
1099376,93.42
1310205,41.51
1100532,99.43
1232899,72.78
1231600,307.52
1116674,296.82
1422960,217.97
1050205,353.11
1416864,212.22
1337366,71.85
1125197,31.41
1086371,62.54
1341997,240.15
1032394,322.66
1447457,342.22
1243007,155.1
1303301,150.42
1106702,112.84
1385548,453.77
1216801,231.45
1313139,624.51
1230530,122.53
1229440,77.01
1173475,81.62
1361085,116.64
1012153,146.61
1010245,35.41
1425334,67.78
1009825,33.62
1271945,199.93
1084568,2560.86
1021535,2179.52
1011457,27.41
1429661,27.01
1429395,116.98
1391550,119.26
1476176,224.99
1346514,26.2
1257642,33.41
1437428,28.3
1093473,71.74
1321968,55.6
1262804,62.87
1226903,33.11
1280458,59.1
1232919,30.25
1017140,242.99
1322867,153.93
1196131,220.88
1141874,441.99
1377332,396.13
1377521,173.34
1292453,21.91
1056097,39.4
1271999,20.4
1036445,197.75
1469373,300.78
1339817,364.92
1210375,84.45
1041090,277.39
1299861,154.04
1439928,268.23
1174553,181.93
1084641,347.38
1172007,65.66
1276111,61.8
1222758,42.47
1123142,116.16
1200813,92.54
1058764,26.22
1105638,27.52
1386900,405.35
1090223,1659.71
1168500,1763.91
1478388,19.12
1018488,21.28
1365428,129.51
1354563,129.0
1074154,241.34
1012293,40.73
1317898,18.64
1326234,124.55
1231970,36.55
1462420,80.33
1356535,37.4
1282500,55.54
1234238,29.92
1287568,368.61
1336390,341.08
1416376,216.75
1412072,879.97
1157631,263.3
1460512,197.88
1238865,58.79
1077300,53.68
1247292,291.39
1015227,468.04
1029269,233.94
1074211,284.8
1069951,171.25
1455666,167.59
1369533,409.85
1221494,150.36
1030934,437.92
1454801,31.34
1055201,56.17
1228440,55.99
1448901,50.66
1180107,41.59
1461549,254.44
1232809,1162.2
1356402,1041.79
1258158,36.76
1420628,33.53
1059120,82.2
1478189,145.15
1363426,81.33
1071794,23.36
1455436,119.98
1214569,36.24
1463916,103.3
1305060,44.09
1233157,50.11
1042434,35.17
1185694,189.68
1293729,310.12
1136776,106.25
1413517,483.75
1259598,404.25
1436258,206.93
1382915,24.0
1378089,77.59
1020754,208.68
1311330,354.96
1347849,345.09
1223036,148.42
1443948,124.91
1031537,130.24
1241557,167.12
1080727,112.97
1304133,322.92
1376166,63.08
1040003,47.38
1169082,47.7
1186723,27.79
1038950,58.95
1004288,98.48
1307572,24.98
1286873,53.96
1141389,46.24
1031169,214.48
1182172,1378.72
1025645,1269.23
1109353,24.03
1310175,49.07
1241604,30.08
1149972,96.93
1119709,119.33
1016210,162.98
1143861,75.1
1448070,55.67
1180256,97.23
1028658,44.28
1385596,45.08
1224224,174.17
1321495,189.44
1044081,156.34
1262088,557.29
1165396,366.95
1030700,369.27
1260150,45.21
1443457,88.56
1249975,42.47
1325306,418.61
1032733,402.41
1307045,417.14
1478238,143.18
1403904,143.64
1159996,118.85
1393212,338.84
1144115,258.46
1231616,377.3
1175049,35.6
1073731,34.55
1133318,45.13
1025446,37.6
1029180,39.63
1072871,26.94
1019252,385.58
1231475,1510.31
1251909,1789.61
1259666,22.55
1347514,209.06
1421537,186.73
1490547,58.95
1031512,79.84
1201497,90.52
1358702,64.59
1294819,123.16
1252270,100.86
1404874,24.18
1052619,23.98
1415070,65.25
1131404,88.14
1114748,26.92
1478278,37.01
1385580,64.98
1053602,23.59
1373446,218.82
1254188,180.57
1064722,197.19
1017611,526.36
1478736,254.36
1319448,244.05
1068050,35.6
1168512,57.49
1225854,36.3
1281168,302.77
1090747,385.51
1334066,482.4
1109736,130.0
1444828,79.25
1370445,190.35
1434316,330.55
1158124,231.1
1149325,352.33
1125965,63.56
1084734,37.09
1149415,52.1
1209328,41.11
1163249,39.05
1380450,28.71
1053981,28.26
1414115,246.61
1026120,1413.96
1096794,1424.88
1146050,171.82
1331189,184.06
1382755,202.76
1041188,64.47
1184878,58.34
1480216,80.39
1397576,115.78
1048682,148.35
1233664,30.53
1016670,32.6
1178070,191.53
1278946,127.11
1166260,65.29
1046348,46.13
1335428,69.94
1293935,261.84
1287888,151.79
1359856,82.11
1020415,550.53
1082289,163.62
1099898,151.33
1358318,52.34
1086585,95.23
1111735,59.41
1358085,326.32
1238125,518.85
1035424,493.43
1356727,103.88
1329534,122.55
1099878,117.98
1268385,349.95
1209282,449.18
1245282,644.88
1288831,62.1
1425235,58.69
1383338,86.0
1217413,44.44
1476508,90.36
1391751,42.96
1331642,68.02
1031204,51.99
1466616,180.69
1079710,2547.92
1264375,2243.95
1042616,42.81
1240964,139.25
1160082,245.76
1039277,165.83
1353139,100.34
1333671,38.78
1290071,55.79
1403753,62.0
1243092,108.58
1280359,193.2
1087974,33.72
1239630,33.78
1234605,129.86
1340890,132.11
1163887,102.84
1426026,59.56
1427154,90.43
1044017,47.83
1279847,334.62
1456120,315.94
1253370,219.04
1278810,151.38
1117394,161.92
1012670,86.85
1025188,56.1
1332233,35.96
1323407,38.86
1034869,210.21
1376226,192.68
1309756,131.85
1303248,110.09
1298371,126.58
1228447,169.91
1392600,264.54
1210989,109.95
1224929,141.76
1006863,15.68
1046576,25.38
1131373,34.01
1099601,35.52
1165145,135.05
1243449,1037.09
1272532,1031.62
1038824,75.81
1274071,148.58
1035671,115.18
1143118,20.52
1284066,24.92
1346299,32.47
1019250,16.41
1148436,64.27
1002446,35.59
1367571,449.06
1430226,442.51
1459893,176.66
1435663,462.9
1145434,238.78
1165874,129.69
1480615,48.41
1465173,170.24
1377131,202.75
1499074,201.46
1458855,32.36
1264284,84.67
1380981,107.97
1408379,207.16
1355328,163.0
1046966,439.53
1406927,89.25
1049031,55.51
1404257,69.79
1355175,109.98
1107709,92.01
1449044,25.47
1347707,21.63
1121174,23.57
1117633,222.89
1242523,938.01
1415856,803.91
1449012,17.43
1027293,66.28
1409385,84.75
1302226,145.13
1454173,30.61
1055319,31.39
1104911,109.81
1073327,71.84
1247615,165.88
1081843,61.01
1085992,41.78
1114342,32.48
1181597,154.5
1109296,70.06
1275019,94.62
1414111,393.16
1410252,312.5
1023485,191.03
1008417,64.16
1228962,123.83
1255627,78.44
1228545,253.27
1291262,356.85
1122503,397.68
1456341,76.86
1075103,81.02
1194241,244.92
1447660,225.75
1384680,237.1
1073552,333.92
1004768,54.16
1143648,58.2
1187892,39.96
1107358,83.44
1156352,83.07
1133290,27.27
1341616,89.95
1415018,41.14
1267108,309.52
1360251,1475.07
1044036,1125.26
1231149,23.52
1030937,104.72
1436012,106.68
1092893,177.87
1026836,28.25
1311633,27.5
1026271,53.21
1367333,37.18
1087697,94.79
1402406,51.5
1007970,109.14
1110234,44.21
1042031,301.22
1354819,291.06
1088259,215.25
1085852,176.51
1468989,191.41
1403733,76.25
1344775,53.58
1442285,96.86
1250784,58.15
1408134,273.59
1323039,405.6
1066138,153.84
1256418,128.0
1077102,375.0
1061292,257.22
1077010,282.54
1477799,209.22
1146321,232.59
1086118,33.04
1329979,26.53
1108620,124.79
1314338,921.62
1277718,934.31
1020303,16.25
1376133,98.5
1451917,136.5
1037515,134.8
1095876,27.21
1484068,34.4
1418055,23.0
1189836,22.88
1196248,30.23
1064741,57.95
1476995,33.76
1489210,362.22
1105338,359.4
1209310,188.78
1193672,317.94
1015109,245.48
1451337,100.84
1070810,71.4
1252731,57.31
1337324,33.91
1464476,232.6
1325073,233.12
1476644,151.26
1471167,92.18
1177828,82.45
1012132,120.41
1457332,405.77
1420723,211.49
1379716,311.11
1461586,73.61
1014910,68.78
1062544,23.56
1228539,48.79
1315305,65.86
1171787,25.83
1320329,29.41
1378417,31.29
1352952,146.67
1422386,1525.94
1203825,1061.0
1498811,26.02
1389677,143.96
1458614,179.13
1394090,28.52
1074370,66.84
1258772,43.38
1207443,61.2
1135503,40.29
1417871,154.84
1190598,53.05
1397164,284.92
1184400,315.07
1002018,176.46
1382148,527.17
1381389,380.76
1487211,297.87
1007065,59.16
1339580,52.4
1409201,41.05
1472746,289.67
1102375,283.95
1473267,368.43
1048698,117.27
1379561,79.98
1301623,172.06
1014278,451.66
1330464,197.75
1342395,533.79
1375806,74.08
1096741,99.78
1041615,185.66
1342423,173.15
1059627,34.71
1409682,53.22
1059549,35.82
1210915,306.81
1450042,781.56
1210149,947.53
1179255,39.61
1101161,28.99
1268053,111.97
1352488,100.96
1221355,189.85
1067239,48.97
1111111,36.4
1313652,26.53
1480871,246.75
1422291,173.55
1179933,267.76
1274357,30.02
1298823,82.91
1046935,29.56
1016063,248.84
1455416,266.27
1313904,137.54
1428093,1308.66
1198610,795.17
1157707,350.36
1189918,43.48
1174307,92.47
1000187,60.07
1342306,659.11
1318282,767.52
1270201,969.18
1280808,145.03
1150862,170.25
1021413,400.96
1094162,624.02
1118654,502.83
1429684,778.61
1190688,99.16
1426016,65.94
1009331,67.53
1404482,97.06
1320186,39.71
1485305,59.69
1320053,55.48
1276724,525.28
1216781,5051.71
1403279,5029.96
1269402,405.09
1367021,734.41
1371505,470.79
1330348,75.03
1103851,59.22
1077092,46.76
1339617,182.94
1110478,216.39
1228645,297.71
1170029,30.25
1192549,33.66
1176563,32.55
1413110,204.98
1435293,205.04
1113104,103.59
1029982,36.8
1387250,104.86
1188932,65.12
1067502,472.75
1372355,313.8
1010398,383.26
1002774,363.72
1300715,338.33
1034963,176.2
1450299,27.18
1101152,80.27
1225707,32.9
1280976,597.31
1272924,295.45
1157862,237.16
1308727,81.89
1396355,38.97
1319853,83.46
1025693,213.24
1174284,154.55
1127315,384.3
1365949,81.09
1217224,78.49
1380028,47.29
1171896,87.22
1232711,223.94
1101191,291.18
1261322,38.99
1015454,47.7
1496729,51.73
1388842,178.18
1241413,1134.48
1427406,1113.2
1221106,55.63
1140020,19.48
1229693,94.59
1251379,115.7
1376260,195.03
1156319,45.28
1228144,36.25
1014899,70.04
1431873,124.2
1020355,79.32
1430423,148.04
1457210,45.95
1406481,51.52
1220988,34.66
1290134,121.22
1415673,131.25
1263946,101.7
1157662,238.08
1342442,205.61
1372892,119.7
1444251,118.52
1084196,35.94
1336601,362.77
1046867,513.38
1101521,219.56
1236459,95.94
1145992,140.08
1338064,176.45
1050100,304.25
1220899,262.76
1498515,287.03
1056902,19.7
1377760,22.38
1267745,36.27
1132536,61.49
1362590,37.98
1069068,268.19
1021121,2606.92
1487401,2681.48
1084470,201.4
1295002,154.59
1445770,257.41
1102502,20.3
1084519,22.75
1263659,41.77
1279234,39.99
1460038,123.32
1449879,74.73
1352135,421.88
1210368,346.02
1331126,508.64
1112151,469.92
1441960,351.41
1145346,183.76
1258825,56.73
1207668,70.75
1383149,302.51
1343838,665.19
1439672,405.99
1184574,238.26
1023277,239.26
1248368,349.27
1227706,293.81
1479882,196.44
1337785,492.21
1004906,83.05
1174598,99.42
1051295,108.56
1017785,52.0
1310192,50.65
1028507,68.02
1373044,314.55
1304053,1206.24
1448738,1337.73
1071840,29.95
1313954,26.28
1309908,143.33
1342142,187.57
1473460,244.77
1370089,41.21
1004343,46.08
1222106,39.83
1002928,81.74
1058873,43.52
1044864,134.28
1486442,89.4
1425021,42.82
1008397,453.36
1391911,467.07
1182013,164.13
1165663,646.38
1223006,202.46
1206804,254.69
1027745,32.37
1314357,60.2
1288466,53.53
1358293,311.04
1489205,290.38
1133029,517.69
1341287,80.03
1015315,71.1
1218770,137.84
1011342,239.82
1386993,236.57
1207436,326.34
1188771,40.54
1205146,70.12
1154191,45.28
1138460,41.07
1039828,19.47
1255252,36.28
1481540,232.27
1211453,1411.88
1431576,1850.7
1335487,28.45
1214871,30.02
1014275,153.85
1298741,173.28
1404202,235.97
1338188,61.03
1280709,49.13
1165109,46.17
1476298,75.27
1199618,80.41
1285808,156.98
1011785,24.9
1387575,128.76
1038249,69.68
1011495,89.2
1295212,35.78
1336050,64.3
1428648,47.68
1194854,225.92
1474301,229.35
1095188,161.71
1140825,752.88
1012491,515.03
1497644,226.22
1151991,62.81
1315803,51.56
1233071,451.82
1435116,500.58
1266694,510.85
1418807,206.84
1067946,118.99
1315882,181.2
1244420,272.44
1239651,351.76
1139412,576.19
1086494,63.17
1454318,31.64
1451628,23.4
1425203,38.99
1035969,35.65
1378876,47.23
1219684,32.64
1036703,581.21
1254847,1944.49
1367168,2043.14
1472953,17.98
1245301,15.91
1447359,74.37
1068290,118.63
1028432,84.52
1293894,101.11
1319514,87.43
1421014,151.63
1043326,157.25
1115177,260.81
1492822,22.7
1432265,18.79
1231740,59.94
1099596,83.96
1159070,45.46
1162208,45.5
1496945,20.32
1118760,307.46
1003526,306.56
1416907,237.86
1297011,2072.68
1428408,734.8
1410693,539.68
1200410,71.79
1012549,100.66
1232566,68.09
1376393,723.28
1376744,764.13
1097535,1075.39
1408804,85.12
1057605,105.01
1463699,260.17
1115966,1200.8
1381909,546.09
1347530,1143.2
1081570,176.78
1073718,132.99
1258520,67.36
1244035,324.54
1199619,218.26
1181360,245.83
1438920,61.89
1245281,40.66
1043910,755.68
1264747,2988.33
1046474,2957.57
1138104,30.57
1493956,64.1
1311461,32.14
1418312,343.14
1321027,513.59
1281767,507.72
1431943,127.44
1337912,108.88
1212536,113.44
1499629,131.05
1183617,172.98
1023943,545.14
1374112,50.54
1401086,45.49
1112152,39.24
1078963,401.7
1440398,346.07
1345916,336.99
1059854,68.76
1191834,103.77
1444602,66.52
1353033,516.58
1480966,295.02
1271162,369.17
1022214,1955.8
1322521,732.2
1451871,454.79
1216122,66.25
1370092,92.55
1419779,107.88
1217665,878.39
1450493,841.39
1172413,1251.89
1428154,121.56
1402384,146.02
1376519,327.76
1304828,994.28
1050874,435.98
1191531,1087.77
1334827,111.91
1074290,122.76
1399635,77.3
1437531,37.86
1447746,130.04
1286648,59.47
1471256,74.01
1111125,40.86
1280472,524.87
1405202,3577.75
1412855,3190.93
1255011,56.28
1444429,51.89
1431689,27.11
1057013,293.57
1062879,289.13
1475701,403.67
1283397,148.05
1379872,151.35
1270313,111.3
1468982,176.56
1480847,198.9
1445130,419.46
1122641,41.7
1039587,18.38
1343012,25.5
1077222,291.72
1274961,324.82
1175881,287.26
1365452,92.13
1369894,132.12
1340262,64.6
1016428,262.6
1462301,386.34
1488572,342.78
1347909,184.98
1085203,153.48
1052223,103.31
1222718,71.09
1253183,42.47
1210461,138.82
1449409,367.44
1229870,215.46
1238139,220.58
1112819,111.41
1498591,349.38
1412257,270.84
1443612,250.09
1143336,38.92
1022823,28.59
1237795,38.64
1400097,41.79
1118613,33.1
1425005,39.98
1010680,169.85
1136512,1174.71
1321775,1122.48
1439583,77.62
1150078,159.19
1238367,126.81
1052769,24.17
1060114,32.78
1265100,36.63
1307344,37.05
1455678,30.29
1344579,100.63
1011086,40.52
1028198,439.21
1064176,479.34
1219223,190.48
1182935,339.13
1323652,262.3
1021705,124.8
1166342,23.35
1041932,113.27
1278141,46.9
1083324,202.55
1128618,234.36
1012488,173.07
1166709,98.12
1145228,101.93
1120213,255.08
1220509,228.35
1268931,144.52
1469555,15.46
1074239,33.67
1222461,40.03
1408874,29.4
1142667,40.9
1006214,175.08
1052051,1391.0
1398603,1173.85
1335959,92.65
1458865,78.72
1026960,173.19
1179700,15.52
1162651,18.28
1427076,45.73
1119155,26.94
1379147,40.39
1017987,35.38
1289441,77.14
1137331,40.18
1214021,317.56
1174671,400.48
1461201,181.3
1398303,110.56
1367089,99.42
1256674,79.46
1199333,20.33
1254323,124.77
1438074,119.81
1344297,79.34
1185356,38.84
1480365,65.05
1234957,121.03
1215113,251.91
1025390,144.85
1049389,168.94
1008860,22.99
1016268,20.77
1342540,17.25
1217742,20.47
1310874,56.19
1061134,827.82
1234303,799.67
1059861,21.45
1133468,36.68
1097908,95.33
1060435,175.66
1067572,206.48
1399894,49.05
1251454,17.93
1451676,64.61
1482243,34.01
1044549,235.62
1452199,125.44
1144351,200.96
1161571,951.53
1245748,432.79
1038351,366.15
1438548,42.02
1038899,80.76
1257054,426.28
1234568,427.0
1068382,637.08
1179351,124.6
1466438,138.47
1035017,208.08
1130037,300.71
1140942,283.8
1296093,632.04
1284992,37.45
1479107,50.31
1310017,80.41
1235880,115.3
1170505,79.38
1303906,44.98
1450217,31.03
1474709,32.25
1319063,350.17
1113253,1940.83
1415791,2185.15
1184610,39.75
1349187,24.51
1275358,209.19
1098663,180.88
1220959,227.48
1027500,85.5
1479989,97.05
1485800,127.79
1166204,147.1
1321628,169.31
1382323,246.94
1445659,40.43
1363337,35.07
1343554,33.97
1396212,164.56
1261211,110.43
1197475,110.58
1014814,30.96
1058775,102.9
1328757,210.5
1140301,232.91
1282209,274.32
1146752,590.53
1442651,123.18
1456596,152.39
1144878,43.08
1272485,152.81
1185809,124.42
1157763,378.31
1116511,378.29
1209870,473.15
1113723,57.67
1099468,72.49
1336292,100.69
1156318,528.5
1029010,259.59
1439153,431.6
1314559,38.7
1220168,51.11
1022520,42.15
1187105,23.47
1426235,56.89
1337721,40.33
1154373,265.48
1110111,932.17
1476894,989.48
1033712,26.33
1287693,36.34
1133560,156.16
1454309,220.97
1078557,117.58
1288182,109.54
1382330,133.55
1065959,74.35
1037450,101.32
1476614,117.38
1393195,110.61
1377502,31.4
1038259,30.0
1060062,35.11
1070288,121.85
1114802,113.16
1436867,75.02
1379819,49.13
1009706,54.66
1368507,183.46
1101879,170.96
1102835,107.91
1486989,1162.37
1368489,639.32
1017840,332.11
1348427,50.89
1124985,113.68
1392976,43.22
1306068,450.1
1015283,600.83
1303490,772.27
1220929,63.67
1095880,100.12
1243385,113.0
1397343,844.97
1237369,317.75
1090286,807.99
1138081,82.33
1449096,76.66
1203267,150.92
1366456,244.79
1494238,103.26
1029262,30.67
1496731,30.85
1284339,429.57
1423953,1937.13
1024722,1469.89
1481106,32.89
1421779,23.71
1352223,27.62
1393402,163.49
1433357,253.26
1266900,204.9
1489761,66.34
1261209,67.58
1361332,66.2
1189301,130.14
1151371,133.28
1354092,176.81
1454122,50.88
1393161,27.33
1060096,28.74
1392558,229.95
1001732,196.55
1197558,187.26
1278126,55.99
1058809,101.24
1186000,50.14
1103916,259.23
1427474,255.63
1140198,220.57
1000259,182.68
1244589,179.64
1181187,83.63
1410710,43.49
1213578,133.81
1394387,47.09
1109580,227.83
1191686,374.14
1165523,164.01
1018734,131.57
1384724,70.45
1343596,134.34
1260186,206.64
1304941,205.37
1099076,248.82
1319873,30.87
1152002,29.0
1358467,30.37
1410651,29.3
1110968,54.92
1288751,65.63
1027386,21.53
1282178,25.82
1170610,34.98
1319455,204.76
1365356,1767.06
1496220,1315.82
1478163,23.04
1223865,108.07
1123698,154.0
1176259,144.62
1225808,25.45
1154154,28.91
1131039,44.79
1166112,38.24
1320612,64.56
1189106,35.06
1085459,89.47
1376960,43.64
1142743,334.36
1180975,298.44
1325950,200.41
1490788,246.9
1140043,231.59
1332302,123.54
1096751,46.54
1194289,73.94
1393706,40.04
1165972,168.87
1009271,102.35
1061618,271.82
1384048,67.88
1362799,66.17
1294741,56.69
1086077,242.45
1311575,220.4
1145973,419.26
1395057,96.43
1313483,66.85
1067885,68.7
1409690,109.08
1115066,57.49
1479423,170.6
1412869,36.64
1224761,62.16
1412050,64.9
1499647,289.09
1283680,1615.09
1215485,1562.45
1357170,18.47
1278322,45.4
1401883,22.53
1248961,89.4
1236313,121.19
1175091,136.46
1055999,28.11
1127793,22.81
1029950,97.31
1302076,123.26
1365136,159.89
1414357,41.15
1237820,57.52
1432803,67.2
1284324,236.87
1170956,250.72
1276537,100.78
1384893,227.5
1117763,160.61
1208718,88.25
1027462,56.53
1018552,108.08
1046677,61.22
1363181,294.37
1349629,480.24
1394082,297.21
1106562,179.38
1455589,193.25
1287051,185.02
1314839,270.16
1166553,293.35
1084654,251.37
1020212,21.17
1412950,25.66
1276636,48.0
1468217,42.54
1174079,16.56
1313487,38.02
1488686,33.97
1094443,128.82
1350187,1953.9
1236784,1807.5
1473799,14.17
1158244,108.35
1134075,119.74
1268433,172.61
1040229,19.86
1459297,29.62
1133119,26.92
1171397,25.16
1456419,36.55
1019974,48.48
1087561,37.17
1212269,348.2
1101704,426.09
1202252,205.11
1039269,1481.59
1077204,433.35
1281620,529.92
1248159,162.35
1259615,281.61
1368165,239.5
1044893,780.67
1479002,1535.39
1169109,1260.24
1416683,130.97
1152295,164.76
1497570,183.25
1051717,1854.29
1360988,907.99
1033512,1737.08
1070940,282.61
1387675,270.15
1280308,166.35
1312899,203.77
1030517,315.88
1230721,86.74
1379341,95.44
1310857,132.59
1145669,79.68
1448045,714.71
1399880,2700.32
1277874,2315.5
1175687,99.43
1271245,22.96
1431405,73.23
1013079,481.74
1022695,670.73
1053367,602.63
1133154,71.27
1486084,74.84
1259677,56.6
1284400,182.58
1459875,347.21
1436130,586.29
1119175,36.75
1054274,31.0
1362180,36.24
1006812,521.94
1197105,560.17
1407386,450.1
1436480,138.9
1449481,285.94
1199727,172.2
1387510,603.74
1010322,558.47
1114835,455.75
1315294,502.74
1347977,154.91
1020443,183.51
1073586,33.29
1252414,60.67
1256432,38.6
1483205,459.64
1119877,421.99
1113981,518.01
1135082,234.21
1488789,267.94
1147171,199.15
1402916,296.37
1292161,367.96
1242985,508.39
1321783,37.51
1241472,31.17
1251058,28.99
1450588,20.25
1409084,29.71
1228425,418.55
1465746,1309.93
1387365,1182.88
1259885,21.99
1314218,88.82
1499434,59.23
1205825,73.16
1201097,121.65
1215049,148.04
1414563,133.28
1371908,127.83
1171282,251.89
1227184,229.56
1197503,19.72
1239490,19.67
1097524,60.39
1461607,41.74
1365702,37.13
1012906,30.68
1012078,62.78
1389080,33.7
1032631,387.32
1489207,283.17
1337131,269.75
1029910,717.94
1430031,432.15
1283025,258.99
1165027,37.28
1440018,57.71
1158456,77.69
1285597,455.68
1316448,517.04
1061646,545.21
1031293,195.53
1488101,142.1
1073802,152.71
1361654,425.83
1272308,526.21
1485680,401.41
1005877,29.0
1451554,19.79
1159245,25.07
1444521,42.35
1469869,22.01
1225464,33.88
1407934,34.89
1305028,21.29
1042129,697.65
1034545,2558.61
1413444,2848.47
1066882,31.57
1152169,85.35
1307675,142.51
1488555,162.36
1059414,100.44
1189218,75.52
1320171,124.78
1146016,96.89
1136398,192.2
1059505,230.2
1293366,42.99
1182802,32.77
1253115,33.46
1159178,120.09
1446058,73.49
1064794,43.76
1141553,42.98
1006695,31.09
1272585,34.08
1070762,580.74
1106209,429.63
1102625,369.24
1460117,1917.59
1168450,1356.76
1174472,643.8
1091126,144.48
1327692,168.45
1369944,138.89
1076195,1140.09
1230370,1417.64
1219857,1372.77
1392774,166.33
1490074,147.14
1142707,352.89
1256335,1857.54
1022752,678.13
1199404,1551.57
1089782,128.24
1012275,88.65
1108032,114.07
1376737,95.5
1095976,278.62
1459794,66.36
1336320,43.99
1141097,111.84
1173016,101.32
1062590,733.99
1494011,8882.6
1290319,9140.85
1255521,54.46
1323579,41.29
1118887,34.9
1020945,630.58
1208235,1017.74
1241695,1015.98
1001480,135.07
1179178,154.88
1356902,107.0
1108487,219.41
1123371,348.19
1115630,552.82
1494723,45.06
1276791,32.61
1264964,344.91
1339935,414.77
1142372,253.08
1456131,69.14
1376618,202.04
1460120,163.28
1180767,464.9
1298827,414.94
1373829,668.57
1289790,719.84
1000845,644.67
1175552,323.45
1034495,42.89
1095641,49.59
1116171,54.03
1045651,455.88
1494879,312.16
1340094,589.91
1380047,168.94
1451824,130.51
1118019,285.9
1319044,685.33
1083302,258.51
1006498,553.03
1044635,92.32
1191040,76.16
1046701,68.71
1271141,122.77
1064573,343.77
1221491,304.67
1296974,49.54
1047082,38.46
1123740,530.78
1166878,1582.78
1261158,2230.9
1372710,34.03
1414865,46.34
1343421,21.36
1339455,254.46
1284344,197.34
1331011,800.89
1316044,76.93
1417012,44.55
1335062,42.07
1479042,188.82
1281399,124.94
1445942,167.03
1426027,46.5
1103454,117.58
1354917,64.26
1181945,371.91
1068392,318.44
1094413,278.71
1133590,231.79
1198539,239.27
1228516,120.15
1470418,51.0
1282233,137.34
1119341,105.56
1350163,179.64
1446868,361.65
1117788,221.57
1084785,91.65
1027170,130.66
1256383,405.86
1111687,391.6
1161810,254.46
1108175,28.27
1291832,20.57
1363596,30.23
1344083,34.5
1165848,15.35
1167386,39.97
1488976,43.87
1110700,331.56
1180580,1628.48
1032181,1680.77
1297855,16.89
1273681,16.91
1013479,85.14
1195397,139.59
1238309,179.92
1170347,33.09
1253863,18.84
1497076,27.79
1399955,73.41
1345131,207.04
1193006,161.33
1130482,653.43
1346635,774.35
1386232,304.13
1324076,347.07
1238197,277.83
1226958,117.17
1167651,26.63
1377265,46.49
1093956,26.65
1186891,216.16
1329524,426.01
1166094,277.74
1157852,163.06
1393643,219.34
1040223,164.11
1132197,248.88
1318938,232.63
1031516,179.59
1021553,58.97
1099673,32.04
1404951,19.43
1293997,24.07
1008418,133.0
1343984,1331.45
1055151,1248.65
1182352,17.2
1478005,84.87
1425808,120.79
1247373,90.73
1478214,27.86
1370534,43.39
1373810,17.58
1471246,39.65
1181627,21.42
1324824,36.16
1230085,21.34
1338642,405.36
1490842,583.67
1235778,131.24
1265348,628.46
1140817,504.26
1151804,112.32
1294014,36.26
1100330,99.05
1483740,51.68
1498209,311.97
1188956,458.12
1299376,524.34
1410308,191.89
1166161,208.77
1116043,218.91
1424215,369.29
1495417,296.69
1404092,445.23
1039123,71.86
1111277,51.4
1139068,47.66
1086312,151.73
1259287,85.09
1463066,29.98
1065535,47.58
1156579,255.82
1379605,1777.8
1486944,1515.42
1173657,20.96
1180510,22.07
1044288,123.75
1004602,186.56
1298548,271.84
1227429,17.75
1017637,39.6
1374626,35.69
1176686,43.58
1259881,88.46
1374717,27.85
1286552,55.92
1143236,55.73
1169118,270.31
1035523,307.68
1153354,207.54
1353572,1278.89
1401750,584.06
1379838,241.61
1364501,28.24
1272770,75.75
1136753,62.68
1445380,453.12
1074980,580.12
1018768,833.36
1425189,149.79
1410687,157.98
1311666,191.64
1196160,411.56
1180246,211.54
1445424,666.05
1140293,80.62
1459707,85.16
1340917,140.5
1129751,96.37
1040828,107.26
1269429,49.14
1296440,46.49
1156987,42.29
1084536,558.86
1011499,1432.56
1331936,1625.44
1478284,39.45
1193669,39.38
1314601,211.16
1180813,198.42
1325430,226.91
1025820,84.69
1417343,97.43
1480159,96.08
1184839,82.21
1030600,149.67
1497263,321.3
1315618,39.71
1300190,141.25
1485473,288.6
1466699,191.91
1060841,36.3
1153088,46.88
1156794,68.93
1354571,229.85
1306540,260.38
1126286,291.02
1272724,442.86
1250749,269.42
1491136,102.67
1223675,48.63
1461596,59.74
1323173,40.9
1170114,464.01
1486353,482.1
1082713,567.22
1368359,111.4
1071832,131.18
1315271,206.38
1350903,500.14
1282712,264.72
1035677,524.28
1214037,108.44
1363943,37.61
1283246,30.88
1064678,24.65
1494499,33.74
1176996,26.54
1354566,33.11
1264805,620.51
1149490,1834.44
1052724,1902.46
1190650,29.04
1128180,24.17
1056054,125.17
1464990,134.97
1209341,114.85
1443512,258.88
1386679,185.36
1455226,188.26
1036582,98.96
1104071,173.74
1296384,202.12
1010965,40.57
1076152,24.0
1022987,112.14
1438853,121.22
1266241,70.39
1327869,34.3
1245685,29.26
1067176,30.14
1078061,154.33
1184457,228.48
1432490,180.05
1211091,343.49
1011810,127.24
1223589,109.89
1382200,68.86
1281621,52.16
1200055,47.32
1135854,469.24
1152426,554.74
1457016,317.85
1169619,159.95
1009972,179.87
1044613,205.71
1486088,711.31
1160493,459.05
1266884,639.99
1490414,25.23
1435013,23.4
1182337,37.78
1367579,31.96
1368544,38.85
1143009,326.67
1241406,2369.22
1170745,2346.14
1103739,16.12
1210148,17.68
1270934,18.34
1162454,19.4
1254800,75.87
1127680,90.72
1036573,76.52
1041890,141.64
1286252,160.92
1053706,269.07
1042536,340.21
1148882,30.47
1002965,29.54
1201957,31.43
1253859,30.59
1022589,31.46
1303470,33.29
1046575,73.6
1488705,41.12
1035904,290.26
1442346,302.06
1153982,733.61
1036998,318.03
1278095,419.57
1411809,222.02
1020805,39.37
1328836,39.25
1181173,142.26
1025274,354.03
1470656,290.5
1164774,78.34
1380580,60.76
1326021,147.69
1413176,305.47
1301867,219.61
1386255,494.75
1234828,81.94
1159403,97.87
1468811,63.21
1053458,74.61
1171409,143.94
1464535,117.2
1069545,28.34
1454545,28.83
1306570,41.79
1049976,215.77
1153957,1473.26
1303057,1152.86
1348621,34.37
1055667,33.55
1058365,20.47
1243932,101.7
1239395,138.43
1161696,277.21
1474139,42.25
1345464,48.19
1278245,104.93
1400537,172.38
1129714,153.73
1015578,54.4
1068792,83.66
1293285,48.36
1060968,313.21
1239108,295.7
1470601,126.35
1149110,1396.82
1129712,489.88
1112770,423.49
1292616,64.36
1121022,520.9
1456174,513.32
1335302,705.95
1214165,790.19
1293785,854.76
1122416,123.0
1076876,116.2
1299844,258.7
1042610,955.82
1362527,461.13
1389759,769.62
1320070,103.89
1218228,76.12
1226340,75.41
1072910,61.38
1148925,102.2
1037381,68.19
1410707,37.87
1218504,90.38
1311896,46.79
1112551,504.02
1420579,3224.61
1286918,3362.22
1449835,29.37
1400554,24.87
1081878,181.75
1390925,185.41
1329042,168.26
1416439,58.16
1421839,90.59
1007921,40.33
1004209,115.3
1328949,202.78
1170392,480.14
1004884,29.38
1173989,20.37
1230794,24.03
1226492,154.31
1390275,338.9
1153201,223.38
1387153,54.14
1213176,131.95
1194770,67.7
1371064,170.37
1058889,262.02
1491239,367.53
1390565,484.07
1067430,330.62
1415266,204.06
1133144,56.92
1498026,87.6
1449527,39.49
1225608,351.91
1117216,307.53
1376447,286.81
1365100,81.64
1472642,118.22
1084459,102.02
1257730,509.1
1081562,179.14
1365891,556.05
1090421,53.31
1400908,201.43
1322295,107.48
1217120,17.97
1151282,50.26
1236742,28.13
1012208,473.02
1341806,1201.04
1030268,947.95
1020768,45.09
1349171,40.79
1197199,177.99
1499865,197.63
1182041,209.5
1155018,37.36
1371818,30.57
1489037,84.4
1498376,114.8
1083050,121.25
1472579,42.67
1061995,71.06
1191159,250.89
1498310,278.58
1036698,179.98
1475006,96.2
1384202,115.59
1490265,71.03
1136291,65.78
1143903,200.69
1305039,262.0
1007680,186.83
1455214,80.01
1107803,193.44
1497051,140.72
1137292,1478.77
1119382,440.48
1481138,307.74
1110622,27.88
1156847,25.45
1294222,18.47
1465355,21.39
1424034,301.62
1432135,251.72
1401817,183.39
1177475,14.57
1392970,95.79
1387450,143.52
1092832,182.73
1187774,68.33
1230384,121.6
1413073,148.71
1057181,16.39
1384325,38.8
1197779,26.56
1246576,39.56
1281547,22.95
1273445,305.11
1298458,119.06
1159193,281.71
1301491,1520.99
1288037,915.03
1394194,370.37
1342405,159.11
1485086,699.47
1165678,779.57
1275241,880.78
1039169,136.09
1232376,86.16
1310613,190.11
1356333,1517.71
1488737,504.75
1369399,930.61
1172680,81.23
1446589,61.51
1406320,143.29
1213094,67.43
1021503,101.7
1188526,39.55
1413577,111.43
1466508,143.3
1427970,755.4
1081163,483.46
1201316,291.21
1114584,50.69
1307947,62.91
1315048,130.21
1404475,120.73
1093917,231.21
1134271,187.5
1054344,187.78
1140184,94.58
1336056,178.32
1404546,216.07
1102060,354.11
1000438,38.35
1498881,44.12
1488663,26.71
1317341,230.97
1347698,279.71
1193177,288.33
1257741,246.14
1207399,154.3
1029660,458.62
1477569,394.23
1257386,225.53
1249982,1478.12
1082477,468.25
1458850,428.01
1369044,78.36
1088993,69.75
1102729,71.09
1165398,851.23
1142113,738.0
1433454,962.15
1245395,147.58
1389486,133.72
1334127,171.0
1403491,4932.98
1254313,517.66
1393545,971.44
1403443,79.06
1461030,78.68
1400194,88.24
1366087,83.28
1113434,70.77
1083699,25.62
1052075,81.95
1164383,27.64
1413603,513.98
1449493,568.22
1374174,311.05
1453386,33.33
1060343,42.16
1484093,398.94
1465019,451.64
1179976,596.4
1080615,287.58
1023956,133.8
1238698,151.33
1442361,142.31
1439670,186.38
1118797,285.11
1162264,48.04
1490069,30.5
1289654,31.48
1295480,633.58
1032470,230.87
1044002,180.55
1291242,52.88
1169772,94.24
1010857,71.99
1250542,432.18
1484291,229.15
1480595,316.79
1296937,757.37
1011404,572.95
1267180,307.23
1191319,84.49
1278620,58.89
1054665,357.51
1171791,572.44
1464177,412.22
1088431,323.3
1216870,169.42
1081002,298.34
1330482,3201.98
1168663,251.43
1492648,517.15
1315398,92.14
1027496,69.62
1117973,66.61
1171872,105.28
1227132,124.6
1398968,155.81
1042446,37.86
1022113,57.72
1432466,40.97
1394665,342.44
1237631,502.4
1031723,296.85
1348589,31.43
1288087,59.96
1341137,17.62
1034628,146.91
1181980,195.1
1125602,158.82
1452460,50.85
1347859,54.03
1289761,47.43
1455705,275.37
1231667,70.13
1242573,261.15
1464998,37.29
1079864,75.26
1148817,64.75
1069941,314.02
1296692,364.08
1292861,187.15
1121593,369.28
1311369,316.04
1442172,141.24
1092076,58.3
1352136,109.36
1277208,60.89
1373759,280.23
1492660,302.71
1111265,333.81
1221223,127.3
1131618,174.42
1083225,183.88
1017266,1596.89
1327104,228.07
1399551,408.12
1094414,88.79
1021401,62.97
1347126,105.76
1023000,51.36
1377965,109.15
1350042,88.68
1101141,38.35
1432116,36.27
1318780,37.73
1437216,294.76
1101970,703.19
1410131,208.56
1441218,24.76
1345002,143.9
1003012,208.96
1166846,230.37
1211619,61.4
1442543,36.3
1385952,48.53
1343542,66.25
1419636,133.05
1069031,77.92
1410134,92.99
1405706,43.16
1058951,361.1
1055230,394.88
1091243,206.21
1128850,1968.23
1083460,1708.67
1432832,666.92
1207105,142.89
1243318,209.74
1069047,145.35
1287202,971.37
1115805,1364.31
1129081,1891.78
1064030,151.25
1005813,127.51
1490308,182.88
1123285,6056.12
1355118,996.06
1023846,1897.93
1050805,244.43
1181728,209.09
1089820,159.17
1028575,251.73
1197855,308.97
1065339,177.9
1151883,70.63
1296652,157.41
1287520,70.11
1418889,1081.78
1180962,1100.03
1238848,494.74
1290426,91.84
1346817,59.65
1017304,60.98
1252533,445.36
1305931,653.46
1118227,647.05
1219611,185.72
1153638,206.06
1175536,191.15
1211565,177.09
1438304,236.24
1361280,703.06
1143967,67.67
1205095,94.58
1285971,85.55
1116992,1013.06
1458672,574.25
1263640,405.62
1400947,103.95
1079989,259.05
1242560,144.84
1022578,384.06
1316583,471.03
1255226,350.36
1157382,828.45
1224651,419.55
1465329,217.67
1155477,34.95
1425214,87.66
1017688,59.67
1355123,410.32
1092801,457.64
1075732,601.58
1395004,106.88
1341114,119.55
1493423,223.79
1026311,2129.11
1208371,236.69
1275872,493.51
1087742,37.21
1019163,33.7
1432227,93.36
1318880,25.07
1072806,50.86
1212692,46.73
1186034,506.95
1129955,381.48
1296742,218.34
1347479,26.72
1095511,22.63
1025011,23.79
1434986,188.53
1058578,517.79
1077386,460.97
1444618,34.71
1188114,37.88
1280734,78.98
1301264,123.57
1347366,166.4
1063451,29.6
1199519,24.06
1345899,26.19
1311108,145.45
1207170,106.23
1011084,74.74
1455758,57.39
1474158,71.59
1449132,52.35
1250243,246.05
1187828,260.39
1419894,147.72
1066229,2091.95
1059223,680.47
1251110,532.51
1303607,127.92
1243023,262.81
1370522,153.64
1090686,1023.69
1092779,1735.66
1040294,995.01
1473297,144.95
1180711,91.48
1164408,258.12
1116327,4405.24
1248608,814.01
1384273,1216.43
1130338,80.37
1252790,79.11
1454949,56.46
1195881,87.1
1244857,162.72
1134036,148.1
1421711,76.92
1325543,157.91
1095715,66.31
1446388,750.52
1319088,942.85
1446649,347.57
1255825,78.96
1406646,39.45
1464385,58.74
1140455,423.34
1377695,694.77
1162780,506.58
1408273,133.88
1300038,104.84
1207337,109.54
1077235,186.47
1408756,272.43
1491799,441.81
1390594,45.67
1007038,50.35
1453448,26.25
1205643,384.39
1188139,402.24
1058780,256.93
1498345,113.41
1309473,178.7
1076176,131.42
1220100,420.14
1314150,359.33
1191669,355.5
1205862,374.15
1305192,248.7
1145983,130.28
1133342,56.61
1412024,62.43
1234430,63.2
1053634,223.43
1014376,321.55
1452041,223.53
1305031,120.06
1447194,98.15
1087268,173.53
1461768,1178.59
1024168,208.58
1334533,383.87
1296737,107.54
1407133,50.42
1062484,100.16
1022671,68.32
1211721,21.47
1026257,30.54
1221066,268.67
1202794,565.23
1416723,263.74
1401330,19.6
1489408,109.76
1452181,169.0
1421929,234.12
1084847,57.25
1320336,39.99
1286910,44.01
1464443,55.16
1334218,36.89
1211291,53.55
1294628,34.57
1180905,103.85
1160861,87.32
1408670,271.21
1069139,290.13
1082763,212.31
1464784,357.93
1351878,198.72
1310686,128.14
1210002,64.58
1152761,59.23
1111646,186.97
1015441,216.08
1270649,224.73
1049040,79.58
1337564,81.8
1176480,108.56
1354961,1516.23
1140272,135.35
1204224,267.82
1044578,43.78
1493529,31.48
1128363,70.3
1105354,26.98
1142156,39.13
1295169,20.88
1305277,166.64
1390829,384.72
1124512,149.9
1054161,19.23
1486767,91.77
1409057,164.89
1214830,178.02
1088743,37.96
1443416,41.76
1179858,34.83
1202928,47.23
1178834,32.73
1232019,63.05
1414904,34.79
1007438,82.38
1222138,45.51
1349810,205.64
1370541,180.92
1417446,102.29
1425834,379.47
1021911,282.78
1100790,191.12
1154027,74.93
1145320,97.61
1108768,238.44
1197778,630.81
1327740,411.96
1441050,75.13
1021862,79.84
1394751,41.98
1327428,2027.35
1137638,288.03
1007532,1013.57
1047794,110.73
1010401,110.48
1255792,104.36
1098488,122.62
1158689,313.56
1355724,275.21
1017698,57.59
1037024,104.1
1313984,65.55
1107034,655.15
1329704,592.31
1069435,252.22
1066432,72.75
1266557,75.45
1168203,129.62
1137040,228.34
1173632,209.95
1312163,82.27
1228377,63.87
1281640,69.6
1420267,153.88
1044984,169.54
1389581,219.48
1427116,95.0
1070522,213.38
1066826,148.7
1335399,472.34
1052262,351.48
1058953,160.71
1300150,123.52
1474476,126.23
1068378,73.32
1078602,60.16
1048840,15.84
1111109,172.74
1376356,416.23
1152106,112.84
1055398,133.17
1474008,291.65
1495048,161.2
1183152,1762.27
1177025,225.44
1495955,128.49
1430035,20.23
1130885,23.06
1123031,25.27
1317079,154.72
1124690,327.15
1181485,162.26
1423816,109.65
1353087,126.48
1014478,136.54
1057620,21.03
1008257,20.62
1333761,22.58
1003271,42.91
1252700,36.47
1191895,426.85
1041442,372.49
1186584,194.29
1465438,344.5
1383578,229.07
1190534,94.56
1439659,36.21
1078212,85.94
1278947,25.56
1167627,291.14
1026880,323.14
1405756,246.42
1131842,128.78
1246946,154.56
1293553,101.4
1168641,2245.94
1205504,186.34
1113528,210.92
1050543,58.38
1030912,30.52
1143714,37.77
1300935,42.7
1081036,100.58
1208459,250.83
1373869,91.1
1453860,16.05
1423957,83.82
1158140,141.28
1326657,150.5
1190765,31.61
1391378,42.76
1207357,42.98
1148002,25.9
1401836,40.85
1202765,47.86
1244907,194.88
1445987,209.75
1323180,273.77
1160970,864.36
1216036,280.79
1184723,306.96
1439245,61.06
1291779,78.66
1217287,69.0
1053057,503.87
1306863,631.92
1250601,897.07
1295532,151.01
1128300,168.78
1050487,251.53
1214188,3490.3
1087693,414.48
1150054,655.3
1218017,80.4
1235705,45.75
1041777,41.54
1246532,48.22
1366360,47.3
1439838,21.43
1357905,51.94
1274256,36.94
1181159,388.12
1451702,503.15
1327497,145.46
1475694,24.48
1487694,187.44
1100972,237.86
1387906,301.55
1282871,128.38
1448426,95.96
1444966,89.39
1061560,59.86
1369299,124.39
1000595,181.56
1151124,64.45
1476914,39.49
1322287,192.39
1091082,147.43
1459424,67.74
1026523,46.76
1432230,100.77
1387685,34.21
1014083,252.44
1425330,203.99
1393199,303.11
1323969,671.17
1064394,361.7
1024275,205.33
1284858,33.07
1421003,83.83
1149871,31.04
1009777,505.21
1405071,444.93
1421744,308.08
1054235,176.14
1244369,172.06
1152361,184.8
1314817,2556.38
1429669,362.8
1401368,432.29
1043714,35.49
1247275,25.34
1091285,17.63
1400124,19.49
1173609,33.76
1345228,484.63
1361907,890.86
1133091,253.04
1044810,19.73
1038293,16.22
1221090,76.67
1371163,99.31
1399552,91.36
1455533,45.26
1155624,28.11
1323328,39.18
1447191,168.9
1319741,175.86
1494451,280.21
1401467,22.5
1087090,35.1
1492694,78.5
1314434,50.02
1396061,29.16
1286769,63.6
1308591,25.5
1420711,358.12
1056161,380.8
1263433,436.18
1321298,338.19
1414498,196.14
1380619,95.33
1398482,32.96
1098955,68.55
1115387,25.69
1282341,234.02
1466509,206.89
1104312,291.17
1083401,33.26
1361200,91.67
1332402,91.63
1400131,1859.97
1457605,193.43
1156399,655.97
1187229,80.74
1168000,62.23
1136500,63.78
1477445,80.96
1185418,88.88
1379297,197.96
1290975,34.32
1195673,74.05
1107763,327.62
1220364,354.33
1133018,213.74
1281020,41.72
1168545,26.53
1295957,33.63
1285908,92.59
1147387,110.5
1230963,165.84
1026121,57.72
1032396,52.64
1296867,79.3
1005761,58.64
1412208,161.84
1141792,58.94
1433602,98.79
1467609,67.46
1358854,299.62
1166976,311.68
1291777,94.57
1488196,563.51
1419175,455.18
1219837,214.34
1493855,39.49
1356351,72.2
1072256,52.85
1113377,248.63
1279459,550.24
1326030,510.1
1125353,177.75
1255680,159.9
1031241,192.61
1117672,4516.74
1167346,227.0
1184273,610.08
1478743,104.45
1459196,101.54
1026126,50.59
1040908,154.79
1295373,190.01
1480951,55.58
1131655,39.96
1465922,433.2
1290443,542.91
1095333,316.78
1118030,32.28
1380861,41.81
1442168,40.0
1444462,178.11
1130227,217.69
1453846,346.9
1168700,78.54
1220623,60.38
1345025,58.63
1383474,98.62
1306478,64.96
1130724,139.4
1283100,36.47
1249514,80.57
1219073,34.54
1273704,311.03
1213853,323.71
1167223,293.58
1158077,201.18
1489922,202.81
1212175,67.57
1107262,19.78
1365276,68.39
1460597,35.82
1498182,158.91
1354618,245.24
1229452,214.72
1251204,80.6
1176143,100.58
1268568,205.11
1050733,962.41
1461187,118.56
1206012,192.73
1090305,32.57
1195531,26.81
1021422,25.8
1252744,74.78
1265564,39.41
1435109,24.02
1349638,173.2
1164536,277.7
1084794,264.65
1208439,19.59
1215737,122.56
1414635,108.21
1103525,216.87
1416819,58.81
1182334,15.38
1222002,25.3
1245847,41.83
1463746,202.9
1004465,180.55
1409362,89.94
1310657,1455.9
1309199,605.47
1071904,648.34
1154781,61.2
1064336,74.76
1357303,56.7
1445032,491.01
1056508,470.49
1280610,929.09
1284838,92.28
1421533,66.19
1400390,134.76
1439487,4289.14
1099252,408.0
1257761,919.8
1074625,118.09
1103358,118.49
1174609,195.96
1320666,141.0
1220511,142.04
1232070,91.92
1197398,63.27
1131282,539.43
1134038,591.0
1449610,260.2
1042151,52.76
1006248,60.36
1348094,52.7
1284641,221.66
1262708,287.39
1083339,322.08
1469785,113.55
1207003,66.27
1152899,46.87
1166466,71.18
1128675,202.98
1383207,312.53
1047461,54.27
1303327,32.6
1278374,40.28
1270384,240.8
1433284,332.99
1000502,313.88
1294566,109.85
1170942,101.79
1253449,91.71
1225717,369.83
1121215,307.45
1471887,242.41
1043619,1031.94
1006586,428.78
1183897,285.94
1331346,112.69
1410886,51.01
1474533,49.02
1208791,585.9
1121941,796.03
1271501,913.37
1344130,181.26
1206962,236.67
1117487,262.72
1179829,4890.76
1048678,559.53
1475773,712.98
1138392,91.71
1439633,61.71
1269606,96.04
1081813,24.66
1288550,45.67
1256887,63.61
1145216,633.39
1377670,467.07
1356382,172.43
1476145,32.34
1113612,87.71
1440011,124.51
1361881,72.93
1132152,133.53
1184657,67.46
1353652,62.65
1068858,174.93
1165313,208.33
1410555,191.26
1487849,33.41
1085916,33.17
1452772,117.3
1408664,248.4
1213424,81.67
1421454,33.22
1166273,71.51
1137664,30.92
1194100,251.68
1466931,293.53
1225125,305.39
1420069,664.75
1054872,780.6
1399178,349.15
1070911,70.65
1104820,66.25
1154573,39.49
1077590,263.5
1075589,408.83
1436174,452.67
1225651,84.83
1259921,94.82
1125663,106.6
1005260,1802.48
1310563,255.77
1405676,601.51
1149140,122.54
1322227,94.54
1239451,101.55
1349435,149.42
1455649,222.7
1496045,213.41
1173932,33.15
1344627,72.69
1422420,41.22
1190022,476.08
1041967,719.83
1172045,256.82
1134348,29.22
1169748,39.05
1331663,116.74
1386797,147.69
1391597,311.53
1184350,98.62
1309690,71.83
1398806,77.36
1128860,120.35
1048271,68.96
1319295,139.06
1026610,46.22
1489804,96.26
1406565,77.48
1407123,321.13
1418984,286.61
1097923,177.9
1352888,202.08
1392602,216.34
1338727,103.85
1174242,26.52
1065542,53.05
1310572,162.79
1286932,236.52
1312122,351.9
1300353,133.42
1006233,95.96
1129977,181.8
1072003,1343.79
1025677,157.46
1048802,256.15
1236936,18.56
1276823,38.01
1042371,18.15
1403403,27.88
1336688,30.93
1066268,253.34
1057706,491.5
1441830,171.73
1005103,15.87
1365024,127.82
1385647,187.12
1292318,194.6
1046455,61.06
1473427,46.54
1369584,31.06
1074310,17.98
1171185,29.33
1362940,36.21
1381427,50.43
1091182,24.55
1348533,341.29
1155253,409.23
1286984,203.44
1401294,75.96
1419626,55.08
1253049,76.01
1319597,51.52
1173814,124.57
1476536,118.14
1365653,89.7
1313934,120.67
1435633,212.68
1419613,721.52
1044024,70.22
1050944,138.63
1356525,22.82
1074440,22.3
1282502,17.49
1069927,74.52
1236029,313.38
1022402,151.61
1397322,15.92
1472174,68.14
1394998,154.42
1024597,178.71
1396320,234.26
1217729,45.8
1374721,22.07
1256517,17.5
1205603,186.25
1149550,107.88
1460527,171.6
1350447,846.17
1484097,259.31
1359200,257.1
1489067,61.13
1212254,97.11
1337255,27.37
1409269,286.44
1125848,370.35
1442394,679.43
1347887,73.73
1122080,78.97
1135795,136.85
1274195,2141.01
1029605,206.81
1334765,500.84
1248747,47.62
1238793,54.35
1161849,66.2
1447467,174.95
1327017,64.75
1133732,46.28
1112041,24.44
1220551,32.96
1185545,246.26
1031376,359.24
1320020,769.39
1462573,40.39
1128691,43.06
1092475,210.44
1014502,203.84
1304218,217.78
1043905,94.59
1341225,69.56
1089717,91.42
1186917,79.94
1459400,127.21
1061342,184.42
1176790,32.47
1198557,182.2
1254866,145.51
1380214,78.49
1091359,27.77
1249689,66.49
1435470,44.41
1113836,152.67
1336350,185.94
1132246,166.29
1044267,380.05
1302516,311.82
1112099,195.82
1354994,22.07
1287518,88.12
1437465,23.12
1105318,134.46
1237484,265.31
1058997,283.34
1118886,80.61
1011887,71.74
1220849,103.68
1261598,1637.04
1166459,213.61
1376856,379.96
1382910,128.14
1336352,118.87
1306433,102.35
1150869,59.88
1468892,149.7
1152662,163.0
1104172,55.09
1411848,27.31
1308291,33.82
1124009,290.93
1476284,387.23
1009642,301.6
1404076,24.28
1395219,20.61
1334087,66.01
1029199,161.64
1410589,171.43
1411845,66.68
1483373,52.16
1287371,69.39
1387050,134.9
1428011,101.85
1089927,146.23
1060354,50.36
1176491,106.96
1270431,51.43
1053653,214.23
1491472,175.83
1134201,94.93
1083089,1744.46
1095834,1060.62
1323295,629.36
1272790,75.66
1099354,137.64
1011649,83.15
1010865,596.73
1332203,770.99
1001499,980.36
1157583,126.76
1353835,109.58
1421040,189.8
1062686,3248.54
1375467,537.69
1186540,1241.27
1372825,101.5
1127289,73.02
1169207,60.01
1104431,86.44
1021686,158.75
1330379,137.23
1128383,48.66
1103602,143.92
1030401,29.85
1044219,602.58
1207032,1033.38
1077843,182.69
1461113,46.57
1490055,70.63
1084848,430.51
1480157,514.93
1342655,511.73
1209802,107.79
1114943,129.93
1332072,116.24
1221686,84.05
1458913,158.89
1307388,378.71
1371009,37.77
1378911,39.15
1165966,276.9
1014416,426.77
1073713,206.83
1483936,86.92
1474882,152.75
1476491,115.39
1440633,345.21
1315422,299.54
1275935,263.0
1274185,137.42
1106716,153.82
1368660,53.0
1440286,22.47
1257856,111.11
1096629,54.57
1000796,186.55
1456243,245.06
1013299,132.69
1400409,247.43
1427360,278.71
1414766,101.29
1214363,1929.06
1232994,123.77
1392306,191.14
1335329,18.32
1374399,18.1
1102705,29.45
1456666,117.81
1462839,813.3
1150676,285.4
1417329,18.57
1378787,17.42
1001951,138.89
1316077,230.07
1404758,181.14
1008008,30.81
1005166,29.31
1167138,56.2
1090311,21.73
1105815,137.21
1069242,102.09
1323812,486.99
1103651,499.17
1340687,532.65
1096643,791.69
1409653,449.07
1328697,264.31
1063035,35.36
1111706,61.81
1230150,57.29
1488638,504.83
1461412,548.33
1039985,735.34
1095594,72.24
1142142,157.23
1204895,200.7
1192277,2728.29
1362439,263.03
1270338,466.21
1029171,17.15
1051248,54.86
1402801,68.23
1014626,46.71
1344949,43.05
1127961,50.9
1218651,544.88
1304119,488.66
1112081,269.67
1112961,370.15
1007348,354.28
1243875,329.17
1016818,66.83
1301690,80.76
1454082,107.72
1323756,147.54
1295629,336.91
1168925,36.86
1069584,188.85
1097004,91.7
1223860,76.61
1147888,41.46
1053807,64.32
1190133,50.43
1356081,230.83
1166061,251.28
1326777,277.98
1214539,965.17
1388909,253.93
1117823,257.81
1001894,74.39
1343377,54.34
1045929,66.35
1182906,419.5
1278933,440.98
1178879,931.68
1154927,108.15
1346381,92.16
1343300,114.39
1382460,2674.27
1335307,269.75
1332316,808.58
1222122,113.01
1215295,132.17
1318453,80.49
1086521,166.61
1086495,145.83
1122586,49.25
1008385,60.43
1299613,55.87
1488071,472.46
1170204,535.44
1482384,213.4
1324608,44.93
1339397,28.53
1482128,144.09
1493763,221.66
1218417,288.44
1292299,150.48
1439152,153.06
1303043,107.07
1133574,72.66
1175421,143.7
1220000,235.4
1202382,65.71
1244264,47.77
1094898,65.42
1082555,269.77
1022093,256.1
1159917,181.06
1431194,55.39
1371703,56.49
1359459,67.59
1460374,228.26
1485499,300.43
1027031,205.13
1330108,84.39
1210569,74.32
1348866,58.56
1343116,29.42
1334815,79.48
1244519,198.61
1155946,45.29
1261895,128.42
1019797,138.14
1142848,142.58
1248091,995.43
1487481,116.26
1098229,123.15
1185338,14.56
1190027,21.23
1493672,15.95
1498885,29.0
1449195,88.14
1071799,729.05
1090476,347.15
1185766,19.05
1383002,16.68
1038462,145.05
1425253,195.25
1302845,216.42
1005828,29.36
1054396,27.9
1103720,22.61
1318240,33.72
1324663,20.59
1284559,112.14
1160375,33.36
1235177,483.1
1353104,483.4
1013720,176.64
1259634,590.75
1119425,478.65
1148888,167.04
1413074,84.64
1029137,124.41
1221198,62.42
1198659,219.52
1044121,624.61
1257122,493.47
1340005,173.37
1093489,137.14
1446581,143.89
1208280,3123.38
1249450,285.48
1022006,861.3
1278133,107.75
1448369,102.7
1298595,268.38
1150813,296.39
1193401,47.12
1091570,70.59
1252642,76.65
1496426,445.62
1306695,608.14
1497405,157.1
1274204,59.57
1264958,143.06
1181657,254.27
1291876,292.19
1045986,85.58
1275925,68.01
1038208,70.04
1079507,144.56
1065954,181.33
1251682,380.35
1456541,63.78
1114499,145.58
1120043,83.02
1326066,354.5
1263578,327.3
1260565,137.21
1172743,871.34
1269951,248.32
1353368,209.14
1373315,18.2
1305141,34.43
1390310,34.8
1304452,280.23
1146622,616.93
1033537,302.71
1129914,179.45
1158075,201.78
1391639,404.99
1125215,2138.84
1010920,311.5
1237466,256.31
1446591,50.37
1345355,40.34
1386811,55.25
1000162,21.7
1021057,28.52
1164623,258.47
1409674,253.65
1286878,67.37
1275118,18.98
1280847,18.98
1398572,108.37
1149460,170.28
1188052,111.36
1125203,53.32
1331389,34.02
1014021,43.36
1499384,25.52
1111061,31.32
1474722,44.63
1211269,428.14
1127001,597.97
1472655,140.59
1016250,1571.27
1239193,945.07
1412599,210.21
1057003,77.8
1238261,84.38
1278646,74.74
1127418,649.29
1398001,757.55
1218477,977.76
1483622,123.32
1221061,154.47
1383719,180.91
1492798,3011.93
1387338,369.08
1457308,1012.17
1315474,84.07
1203809,45.51
1274050,92.43
1309989,60.01
1414505,60.07
1193931,59.76
1317093,481.42
1435007,553.63
1150330,171.4
1465076,39.12
1169740,36.41
1450849,98.33
1076835,113.35
1271788,124.78
1338580,295.53
1303003,354.19
1096484,169.92
1381017,157.14
1370764,239.67
1097909,318.76
1433812,30.92
1018121,22.31
1331429,29.27
1254249,207.6
1122865,126.0
1473464,78.33
1462837,40.72
1397074,86.23
1435021,78.87
1419408,304.43
1342580,261.66
1269068,196.89
1355831,363.07
1229607,253.79
1024231,55.64
1422466,71.43
1019692,68.58
1147960,242.1
1141538,307.75
1192636,344.44
1132306,139.53
1012579,160.92
1487597,127.54
1215768,1920.94
1167114,201.35
1400723,387.71
1131155,122.53
1414406,77.01
1142151,81.62
1487225,116.64
1283463,155.89
1288211,37.21
1128357,66.08
1486357,32.63
1181613,193.65
1207158,622.7
1299660,213.33
1197131,27.14
1353028,120.21
1163155,115.43
1350709,222.92
1047803,66.44
1142607,36.61
1033302,67.94
1163208,55.6
1175785,73.19
1423338,25.79
1016568,50.57
1230330,37.9
1295838,228.17
1119772,161.12
1197288,168.39
1219813,441.99
1318602,704.53
1400997,174.98
1433070,46.11
1356467,56.3
1318405,207.43
1466874,280.99
1295357,356.84
1451900,83.46
1365341,107.86
1389595,92.87
1216659,1778.95
1268473,201.16
1447721,324.91
1157530,65.66
1089354,52.95
1326527,42.47
1286263,89.32
1029236,92.73
1231939,24.25
1404957,417.28
1402826,486.39
1287087,260.22
1017068,23.74
1239986,22.97
1307258,118.69
1322625,127.37
1416019,258.16
1046847,99.68
1032701,53.54
1225413,52.99
1132323,126.39
1323329,57.95
1209830,89.34
1350253,37.73
1143492,59.63
1141019,32.59
1268488,355.46
1233276,360.14
1472372,199.29
1063733,956.17
1446675,247.0
1057481,184.11
1028109,43.04
1329141,43.86
1312387,17.51
1352064,290.99
1268228,498.95
1140303,232.13
1319989,174.72
1394657,179.85
1393896,172.86
1267353,2541.41
1029101,127.66
1262550,464.85
1251730,34.22
1486591,55.91
1222358,54.75
1063345,24.74
1296889,50.66
1154617,263.5
1187479,357.81
1499223,115.26
1391288,36.76
1033467,25.34
1378120,87.37
1287261,146.58
1217809,117.7
1325393,67.52
1343891,32.62
1210472,119.74
1309837,63.44
1390277,110.14
1022178,44.09
1474573,29.11
1272062,41.31
1075073,189.68
1454012,298.71
1227062,106.25
1079468,673.03
1403541,396.75
1254725,198.17
1135823,43.06
1490445,38.53
1161508,247.48
1476081,378.72
1045776,330.34
1134987,139.87
1401506,113.59
1203109,97.97
1056516,2513.18
1487939,174.69
1485109,341.97
1164762,63.08
1065210,47.17
1470954,27.79
1444536,59.26
1444755,111.86
1456322,23.96
1402952,50.51
1242193,189.06
1026845,324.14
1253204,131.2
1487989,21.15
1134018,49.07
1345822,29.88
1014740,94.38
1046854,120.32
1210558,162.98
1457667,47.76
1343162,47.77
1223574,75.1
1179183,55.67
1421002,97.23
1409616,28.94
1491544,42.24
1062528,186.81
1210468,169.01
1466579,159.67
1059783,531.64
1460743,366.95
1460017,419.81
1467327,57.74
1091205,89.39
1056109,41.83
1215047,430.31
1213087,423.66
1023914,488.19
1049845,164.08
1021726,172.16
1223966,212.08
1413792,2308.69
1257509,244.13
1066223,394.66
1055416,24.88
1489756,34.49
1030594,35.94
1084257,44.08
1036557,26.4
1180163,382.97
1380749,308.23
1088323,24.73
1324777,155.93
1170030,214.03
1401627,95.31
1267384,61.37
1199397,94.68
1146124,60.42
1152672,131.16
1134544,98.63
1226475,25.41
1234331,61.71
1086225,89.22
1492680,25.31
1089189,37.01
1457759,63.15
1236743,27.49
1129872,181.66
1115861,180.57
1116704,187.34
1062279,508.12
1468754,258.16
1372525,242.98
1348154,38.26
1388227,57.02
1126089,43.13
1353592,282.45
1326067,363.39
1454911,368.26
1250867,117.64
1235646,101.6
1437300,175.57
1200882,1919.33
1073879,242.91
1485355,349.04
1035490,37.76
1251697,45.29
1057610,46.99
1277966,33.84
1457409,34.07
1487585,29.08
1030541,234.35
1160422,165.0
1187668,306.95
1323747,24.62
1439793,29.61
1243817,168.8
1424339,231.02
1215093,155.91
1319940,66.56
1118194,61.99
1478575,76.27
1085214,116.82
1443052,160.51
1207621,34.46
1171413,31.9
1471943,159.09
1390076,122.68
1461337,65.29
1351338,43.26
1052206,71.27
1218549,61.46
1023451,259.72
1468614,150.5
1026021,76.5
1490702,550.12
1471863,165.12
1323584,151.85
1025989,52.2
1254545,93.71
1113139,59.16
1406245,321.28
1101607,528.61
1039304,519.55
1063529,125.35
1221070,102.4
1233810,117.98
1103038,2654.03
1475925,450.88
1419732,648.34
1338846,61.54
1446660,40.66
1003354,85.72
1092817,31.15
1234783,66.66
1058107,51.43
1030455,67.14
1483452,43.82
1379221,180.69
1402174,476.24
1489838,396.3
1455308,37.73
1353443,147.05
1370253,234.23
1148728,196.84
1386779,97.28
1318074,38.78
1360420,69.22
1242671,64.25
1369093,108.41
1105804,193.2
1360174,32.97
1040269,132.15
1294652,140.73
1050678,102.14
1362004,60.05
1374026,89.03
1006107,54.13
1089493,336.97
1210638,376.97
1018465,238.79
1286425,177.27
1131780,209.64
1240287,61.11
1042157,59.75
1071612,53.4
1429223,200.85
1124573,275.87
1462779,133.25
1493585,173.89
1482350,205.39
1128513,175.15
1007620,1098.9
1392125,90.66
1087629,371.74
1114839,15.68
1070359,28.11
1242070,41.4
1479434,138.23
1372564,586.23
1484749,161.84
1351129,14.46
1202518,60.68
1260736,129.33
1431880,115.18
1078767,35.05
1483726,25.34
1463665,32.0
1291968,16.41
1156317,63.88
1280812,35.59
1142375,449.06
1479522,442.51
1285114,201.17
1499834,489.12
1302570,220.83
1441628,190.21
1370968,61.92
1188126,46.01
1387823,31.79
1120799,176.21
1045486,184.11
1120923,228.71
1263616,37.8
1287395,56.92
1496803,53.29
1352836,1851.19
1033485,150.39
1276295,376.67
1108108,50.8
1426656,88.7
1190308,114.32
1322690,93.19
1293409,26.43
1024189,31.35
1323222,28.58
1357097,247.97
1212286,367.57
1452412,245.35
1312958,17.48
1345841,59.76
1412256,79.55
1005678,114.4
1230382,65.6
1433933,49.3
1483091,112.23
1428894,46.62
1230168,165.88
1091185,51.63
1402411,29.56
1174381,45.63
1468666,157.2
1045706,69.94
1250849,94.62
1290325,412.45
1412366,330.47
1253042,204.89
1094914,60.05
1218951,139.39
1131296,77.2
1144060,189.56
1348532,356.85
1151545,398.88
1035674,95.94
1430774,64.48
1065106,90.81
1204319,1692.34
1245643,220.38
1022559,292.85
1156294,55.37
1128910,58.58
1492015,39.03
1346015,72.83
1344824,83.07
1235620,22.25
1152702,37.38
1037485,246.02
1281762,503.57
1089556,224.06
1417527,27.26
1112851,26.41
1112119,102.43
1190243,125.52
1219577,327.68
1334475,30.82
1337310,32.09
1399077,24.86
1397525,53.21
1383887,67.79
1340231,50.28
1059438,134.36
1046452,82.91
1468651,301.22
1175159,275.71
1270555,197.56
1334748,184.46
1264726,186.14
1096183,76.25
1131610,37.78
1276853,53.29
1473793,38.56
1207235,260.99
1382156,402.27
1006670,172.08
1085624,134.89
1381116,254.64
1070437,279.68
1296562,1917.19
1308074,195.54
1441295,221.56
1218843,42.04
1129897,32.92
1217302,18.79
1286496,26.04
1225175,34.92
1288665,130.32
1148815,333.46
1070188,125.83
1410979,96.38
1325398,138.74
1348845,133.17
1370856,33.87
1043212,23.0
1231775,22.63
1089249,40.52
1296913,54.05
1303459,32.88
1173974,368.52
1179101,285.11
1129508,192.18
1177716,285.52
1173440,242.91
1241407,256.99
1098200,35.31
1378709,62.8
1198550,225.08
1383672,285.7
1009485,153.42
1149469,112.31
1417973,87.75
1453182,111.26
1397423,1933.93
1184112,208.83
1475256,306.41
1174372,62.7
1225764,25.09
1312262,45.12
1364529,59.16
1039292,35.83
1419826,28.67
1161538,143.78
1127343,615.2
1408481,208.23
1386710,21.23
1182831,114.57
1167194,132.68
1422666,171.21
1112550,48.2
1038974,37.12
1330798,64.8
1148904,40.11
1452851,54.79
1040443,40.29
1381232,102.65
1404442,86.81
1412741,320.2
1264550,340.46
1397022,172.3
1066186,519.4
1252196,380.76
1278525,297.87
1436260,32.34
1030469,60.08
1481360,347.48
1014321,302.24
1388450,316.6
1379696,125.23
1221505,79.0
1427811,166.35
1322531,3232.22
1191436,218.34
1317334,514.47
1072425,86.36
1023198,75.23
1414362,105.18
1345269,185.95
1489884,173.44
1452397,36.93
1278364,27.41
1003296,60.63
1106162,289.18
1408203,450.47
1239382,209.24
1391663,35.35
1248962,39.61
1343335,29.14
1305051,106.89
1287516,100.97
1247935,189.85
1194966,59.65
1118109,59.21
1233389,59.15
1364896,153.23
1298285,144.26
1150951,291.1
1033582,40.11
1173925,91.59
1452681,37.61
1465923,232.0
1445438,270.14
1255247,133.55
1163409,1305.01
1079437,374.29
1063227,348.61
1408983,45.63
1100873,78.31
1133779,51.7
1246717,682.86
1363101,767.52
1395431,969.18
1010670,172.18
1491323,172.89
1486243,401.86
1285324,4066.49
1207039,470.45
1425949,807.72
1284979,90.59
1128705,60.84
1052528,61.26
1379887,58.64
1365852,48.48
1317467,51.96
1051225,51.89
1256991,567.13
1089356,549.04
1336453,295.45
1321282,20.77
1345499,20.74
1100430,437.81
1441592,763.64
1362932,659.56
1255123,62.19
1405218,59.22
1333879,34.53
1067651,180.89
1358068,217.46
1076130,297.71
1426318,33.3
1463256,39.6
1158052,211.93
1271891,120.62
1250210,76.46
1014155,25.06
1375589,95.47
1284311,73.46
1122463,474.33
1267073,302.37
1264859,339.58
1159437,364.01
1376035,342.96
1223053,175.91
1457399,25.12
1182646,56.15
1061460,59.14
1278113,505.68
1064613,281.51
1094134,228.63
1064523,49.29
1377697,98.11
1224204,139.41
1229151,2217.79
1054029,167.72
1441457,380.38
1441761,69.76
1255217,79.75
1163632,51.29
1340676,88.53
1457306,208.85
1415650,289.13
1361920,36.04
1217178,62.21
1298382,50.28
1069600,170.32
1217461,364.14
1211765,156.21
1134901,19.96
1224714,95.0
1100091,116.79
1463761,172.44
1197604,57.64
1456463,39.97
1024487,54.05
1057308,130.04
1342654,91.8
1489595,148.29
1374108,45.29
1373420,66.36
1488412,32.73
1033917,183.09
1036779,127.07
1030522,101.7
1365942,233.08
1139563,213.31
1120515,123.44
1102120,56.82
1213606,99.54
1442846,29.8
1229162,362.86
1336797,494.87
1464391,214.28
1158042,77.11
1049420,133.72
1391890,211.43
1447978,2488.75
1176114,201.39
1233129,252.85
1089582,63.09
1138537,16.89
1393980,52.6
1090735,232.37
1317447,702.66
1204380,315.54
1254006,17.59
1177978,201.76
1448868,160.28
1114381,257.41
1492928,32.24
1054929,21.05
1492790,30.09
1140213,40.6
1193240,133.7
1410895,52.86
1263834,421.88
1260599,347.4
1412296,493.96
1219827,1387.43
1183895,1185.93
1036709,343.14
1361685,54.49
1482926,75.62
1395186,35.71
1008601,335.67
1193872,515.52
1005400,388.31
1355189,371.96
1014891,236.51
1468695,238.96
1390410,2563.16
1385985,196.44
1048223,477.37
1069511,104.91
1129172,105.38
1029297,47.48
1425307,50.21
1127166,62.18
1245969,290.46
1352827,373.53
1464317,166.52
1443431,39.84
1069778,32.64
1016495,144.05
1000429,186.83
1077871,255.71
1191951,60.33
1008761,49.96
1082837,77.67
1201538,47.42
1337110,134.28
1171071,40.33
1302946,89.18
1323453,41.19
1202688,357.96
1340955,518.18
1213041,164.13
1115081,640.99
1257596,267.58
1434708,254.84
1472011,70.53
1212811,53.53
1179258,330.47
1345123,313.01
1003561,428.53
1149009,72.75
1100625,85.37
1493085,115.73
1383378,2004.11
1024697,241.53
1117271,338.47
1313926,28.42
1195095,78.47
1319139,46.08
1455947,39.24
1093143,17.89
1405175,203.23
1148474,580.86
1336624,152.96
1483824,26.42
1071207,20.61
1273605,135.33
1361024,172.34
1196684,213.45
1475777,61.03
1363658,48.42
1008951,62.5
1209903,81.62
1207618,162.78
1010577,26.41
1187741,37.53
1364643,145.97
1288149,69.68
1298947,92.63
1120237,35.78
1299433,63.67
1437108,51.07
1470372,225.92
1421735,236.76
1073321,154.38
1340524,745.96
1373298,520.16
1397906,225.26
1298578,23.83
1401355,72.95
1087548,53.89
1255103,464.59
1238094,482.93
1495739,617.13
1286622,208.27
1090206,158.27
1020053,173.39
1016563,2211.69
1068029,381.34
1227744,539.3
1460795,49.39
1369172,67.99
1401927,37.85
1079289,31.74
1270851,36.82
1110506,40.96
1028807,558.93
1057178,689.75
1220587,263.71
1416699,21.55
1264067,19.37
1351534,98.34
1157302,93.14
1412243,69.95
1090685,96.96
1155242,83.56
1143695,151.69
1449009,157.25
1343512,263.1
1231346,42.84
1392147,19.74
1008596,53.31
1260443,86.44
1085513,39.32
1441042,23.39
1054680,43.16
1264920,32.41
1109972,322.34
1241837,325.5
1121489,219.11
1015985,2072.68
1100774,736.56
1107017,535.71
1169666,70.8
1097146,94.8
1483477,67.23
1248664,697.38
1346422,780.92
1294933,1030.37
1179836,104.07
1287959,94.88
1156176,238.53
1198576,4158.78
1431593,558.99
1468567,1160.63
1245157,113.23
1404165,111.81
1062432,103.84
1008087,318.55
1095691,219.68
1207317,246.27
1086536,45.28
1073117,77.96
1080663,38.42
1324159,704.25
1125632,836.69
1250174,557.07
1288442,64.99
1252908,21.28
1341648,375.9
1269832,501.88
1133908,557.61
1144443,109.7
1097049,111.68
1432242,112.88
1333510,150.66
1121929,172.98
1210305,590.97
1275546,46.79
1381340,46.06
1156397,39.88
1117593,422.97
1184580,346.07
1228419,345.26
1445630,68.76
1266002,90.77
1402889,69.61
1237434,507.77
1225163,298.51
1255596,391.74
1109852,1955.8
1345620,982.68
1484128,440.13
1321233,50.81
1226369,118.04
1433653,93.18
1152701,875.68
1081449,826.97
1444494,1276.84
1119021,68.23
1489585,140.08
1134580,310.91
1375598,3606.58
1305270,409.77
1284327,960.8
1073391,100.59
1041760,95.14
1316356,103.18
1214154,36.89
1279444,126.63
1422458,78.8
1046971,86.7
1412767,132.93
1294818,524.87
1483332,652.1
1176830,308.01
1405681,48.66
1028719,47.69
1272650,37.64
1367340,290.87
1008287,334.74
1047518,340.57
1394281,148.05
1434750,152.95
1388225,121.26
1437287,173.64
1008536,198.52
1495302,419.46
1006713,44.61
1156578,21.17
1161779,30.46
1165593,288.5
1193794,331.0
1457081,291.62
1144977,81.03
1271614,109.67
1179825,67.45
1395652,262.6
1256292,385.09
1070158,362.39
1124487,165.94
1371386,175.74
1087971,86.13
1128435,48.48
1090797,113.73
1450451,37.17
1405891,142.07
1393405,360.86
1497134,227.83
1255484,139.4
1143886,90.1
1323892,126.18
1147438,1747.93
1133657,269.86
1074216,286.29
1078228,38.92
1082992,28.59
1168507,38.34
1423468,47.71
1443674,21.02
1315359,34.07
1368872,34.7
1296051,242.71
1198927,823.83
1378647,238.91
1067203,17.66
1388229,14.3
1207936,80.55
1217839,142.96
1427300,125.46
1237497,36.63
1205066,31.09
1381518,40.56
1406296,110.33
1201586,44.65
1215471,384.67
1265298,402.63
1345121,247.21
1163522,292.57
1488422,316.03
1489126,147.99
1245703,73.19
1364476,44.69
1311779,205.27
1204524,198.05
1453079,172.98
1346583,73.59
1343513,98.25
1270215,1617.65
1167611,222.77
1250643,120.45
1483071,15.86
1128774,28.05
1066086,40.78
1073159,28.46
1156715,26.68
1167396,41.29
1154326,170.7
1404009,692.8
1081181,240.51
1397855,102.18
1490628,103.14
1370443,173.19
1410231,37.82
1099647,44.32
1076400,26.94
1042262,73.1
1479532,79.25
1193871,40.18
1192427,359.98
1358679,360.15
1128577,178.18
1297500,110.05
1159398,92.36
1295791,75.91
1083928,65.68
1421326,142.22
1070011,137.87
1172465,80.96
1040153,43.21
1240015,173.47
1470791,100.75
1078367,1485.67
1302448,145.91
1478516,20.23
1208057,23.28
1394274,21.08
1079649,16.41
1066010,20.55
1206124,60.95
1162193,273.93
1459527,223.48
1096264,22.97
1461384,17.43
1423886,27.99
1415920,91.57
1393922,191.98
1462163,197.67
1336059,49.05
1213767,20.15
1157287,64.31
1056066,29.95
1128096,235.62
1254860,106.83
1025173,213.24
1049477,951.53
1433608,433.47
1312390,366.15
1124545,36.51
1264535,80.76
1188918,396.65
1242215,423.49
1127032,577.47
1308289,127.94
1021318,70.19
1286859,189.61
1440281,2353.95
1352739,290.0
1411783,629.94
1302350,37.56
1433670,34.88
1060069,74.16
1449369,116.71
1460584,78.33
1356206,32.74
1033641,368.65
1353961,466.88
1013842,246.95
1407391,27.43
1256963,201.72
1285209,190.33
1389206,207.71
1074865,82.72
1295162,70.58
1006987,127.79
1006312,153.45
1257443,168.52
1014526,246.16
1176168,28.17
1003166,28.94
1025197,165.7
1432540,98.16
1270332,38.24
1233784,82.87
1068820,40.44
1493096,223.81
1107381,240.34
1208037,279.73
1427935,581.75
1409134,125.11
1153622,152.68
1422767,61.22
1362852,57.14
1494354,55.22
1057624,426.64
1356690,382.29
1482022,598.78
1397919,48.12
1445308,87.32
1020982,96.15
1291422,1223.47
1297299,256.73
1365373,478.7
1439539,50.32
1258083,56.43
1003250,56.59
1113910,74.35
1205630,265.48
1310574,256.31
1117265,102.75
1165333,35.72
1114035,114.9
1194145,200.73
1420653,155.51
1360946,118.86
1433378,137.44
1495520,66.63
1177169,105.08
1234726,114.35
1223629,110.65
1034536,31.49
1149922,28.36
1467073,114.98
1083269,124.8
1257323,76.36
1208257,48.1
1291108,47.3
1111605,62.56
1198651,186.08
1336104,177.74
1346782,108.71
1061075,1162.1
1369233,650.78
1048357,331.57
1186575,35.64
1265526,110.02
1303529,70.27
1398609,449.71
1335904,559.6
1410175,771.02
1319121,129.6
1321490,103.8
1060454,158.54
1370186,1490.35
1302878,321.46
1161679,808.16
1318665,80.45
1172065,63.64
1346275,129.8
1051466,129.71
1405723,159.45
1197177,36.12
1186649,45.29
1162814,482.21
1114245,445.43
1216193,257.95
1086401,32.89
1479831,30.45
1232866,215.72
1339315,299.63
1164756,361.46
1207479,78.26
1132637,72.68
1299828,70.86
1340940,129.67
1332269,125.95
1175470,187.65
1300661,53.49
1059386,25.44
1289801,25.1
1321571,274.43
1452847,242.45
1230982,176.26
1458264,57.35
1343550,83.27
1070140,59.2
1268975,266.38
1158915,261.26
1454863,182.85
1361688,152.91
1100387,176.46
1044453,90.14
1446311,42.15
1392146,137.26
1065082,68.08
1394030,211.76
1110858,355.9
1023502,165.59
1040888,105.25
1446797,110.11
1343455,134.34
1268073,2029.06
1481457,206.84
1249361,245.88
1329468,25.25
1436626,30.37
1361934,45.19
1447072,65.63
1258552,31.47
1236319,36.8
1198216,219.55
1160539,693.12
1117606,235.05
1030646,27.25
1155205,24.42
1294200,108.07
1148219,166.75
1164274,184.44
1407284,33.76
1247144,62.99
1203344,41.75
1371459,44.7
1422129,31.25
1492225,90.05
1286449,50.19
1498844,302.76
1197780,329.18
1034337,200.41
1054015,245.7
1358812,233.08
1314671,122.46
1394382,35.82
1251230,56.71
1476089,42.32
1452428,153.07
1238845,117.37
1276246,306.95
1331565,74.14
1018544,96.96
1011365,98.61
1016409,2268.27
1339048,216.84
1219376,378.35
1473348,95.85
1131997,47.99
1282886,51.74
1275226,100.08
1196696,43.85
1454891,159.33
1335568,31.32
1214246,55.21
1062359,57.37
1326814,283.53
1379654,399.33
1205968,182.37
1279690,45.01
1471954,89.4
1474566,120.82
1179357,148.09
1293041,62.93
1238568,37.56
1026804,50.99
1326414,105.2
1109560,158.62
1051164,138.25
1429024,56.2
1150675,55.64
1116325,236.87
1175645,253.65
1402353,100.64
1295493,166.97
1016076,165.98
1185405,88.25
1371466,31.64
1346530,106.81
1331432,26.36
1294124,302.41
1024221,520.3
1094935,291.63
1197378,134.82
1427470,122.19
1158914,209.88
1443394,2179.1
1450602,260.01
1235655,213.52
1248147,24.44
1340735,25.0
1322947,51.35
1117415,44.21
1172976,39.22
1193844,32.78
1389248,112.06
1074022,501.7
1131319,163.85
1366358,109.72
1252216,120.83
1357317,156.11
1300041,29.88
1018011,28.92
1057180,19.74
1243421,36.67
1309173,45.47
1123735,39.99
1132139,447.86
1294776,434.86
1323841,204.57
1436545,1453.55
1438728,433.76
1005866,520.04
1457927,145.52
1175328,279.85
1422379,216.28
1220430,804.86
1281555,1510.61
1231535,1224.61
1118412,175.01
1348202,139.17
1316773,219.47
1431922,5783.56
1298022,970.49
1249878,1677.8
1283616,227.14
1043351,198.73
1167103,159.06
1279295,218.38
1413036,298.6
1281633,69.71
1403602,134.1
1315483,134.63
1286261,71.92
1320697,820.07
1494417,1144.48
1128160,454.57
1126635,83.84
1093884,22.96
1179430,78.5
1361178,432.83
1011110,764.45
1066051,597.81
1344662,84.16
1007567,74.84
1148205,45.78
1228589,185.19
1369352,347.87
1097496,623.84
1149199,39.25
1197821,37.05
1402804,38.75
1205020,556.27
1181471,551.82
1497500,475.38
1279838,151.96
1409784,314.54
1467998,179.02
1020597,691.71
1366678,437.08
1115501,446.5
1282318,433.97
1445235,161.1
1464381,183.51
1461970,34.93
1476428,65.64
1212985,481.27
1364771,480.37
1396513,553.45
1180798,337.48
1247508,123.51
1110507,224.94
1027653,1228.72
1099989,424.92
1498374,498.5
1349364,46.05
1479790,31.17
1035192,27.22
1229754,23.28
1130786,43.44
1024113,417.76
1268625,272.57
1210136,192.02
1184287,80.99
1091316,80.22
1079675,73.69
1481016,141.8
1041134,162.07
1394323,123.01
1279456,129.45
1392045,254.47
1203740,232.0
1151322,17.68
1430200,54.66
1083166,57.19
1385875,26.02
1409929,30.68
1086440,61.19
1153559,33.3
1111856,387.07
1493103,288.63
1122711,232.63
1228946,668.5
1193698,409.48
1469190,256.98
1325065,35.38
1164610,73.71
1118651,209.25
1131213,455.68
1315318,541.78
1071202,564.59
1221401,89.68
1176648,114.09
1188251,136.34
1223632,4713.18
1135659,545.6
1031838,432.9
1007386,14.26
1256754,47.8
1147978,22.01
1296900,31.33
1059977,42.08
1109538,41.85
1218255,697.65
1386995,551.36
1150346,451.52
1411001,29.64
1341159,26.85
1310691,87.6
1102882,154.09
1050887,155.89
1354141,106.13
1161886,75.52
1357176,117.42
1200229,80.81
1279574,192.61
1435781,231.81
1057374,41.75
1149792,126.18
1046977,69.22
1398521,50.15
1486055,36.26
1310669,39.48
1225073,39.89
1337657,576.96
1446703,435.7
1088738,379.61
1366885,1903.82
1392666,1357.59
1427657,654.26
1252445,140.85
1099768,199.44
1426505,178.69
1264257,1200.91
1405510,1472.39
1280093,1306.67
1088550,156.35
1358294,145.52
1231327,332.97
1295935,7556.61
1357421,639.5
1424116,1532.38
1303695,90.89
1013681,82.5
1055296,73.1
1238615,104.79
1331958,277.69
1467815,71.19
1344543,43.55
1237041,121.97
1462080,101.32
1088084,724.74
1342237,903.47
1409429,445.69
1004292,48.32
1008571,43.22
1322939,39.51
1008568,576.24
1284797,1064.68
1295216,1017.37
1285713,127.15
1043271,152.03
1144010,113.81
1145767,184.05
1291337,309.5
1260544,518.75
1323348,52.42
1498511,39.71
1063475,39.85
1044536,324.81
1321554,414.77
1359413,253.08
1048715,71.02
1249682,205.12
1366542,149.81
1113149,366.0
1247598,288.11
1152698,799.27
1036601,719.84
1188391,678.56
1457208,346.81
1411800,43.8
1270236,53.04
1312433,71.42
1411635,432.54
1173357,379.62
1091113,589.91
1488338,295.31
1460152,127.45
1065364,190.08
1082944,3202.55
1476967,246.08
1435652,593.78
1291482,95.31
1345720,80.35
1316364,76.57
1178189,89.01
1082240,384.29
1480631,314.62
1384332,33.88
1246960,44.65
1058253,36.26
1495516,489.32
1077710,970.99
1311456,309.73
1070786,29.94
1001701,51.45
1455377,20.86
1071891,257.28
1462931,193.27
1213126,482.38
1181013,73.34
1332262,59.22
1323447,63.82
1204703,188.0
1343836,119.75
1145830,194.63
1114280,35.64
1098157,92.47
1419588,60.19
1082740,369.96
1433681,319.92
1067435,390.42
1155657,202.04
1281207,182.52
1490318,92.21
1084864,46.78
1435085,112.83
1356353,88.45
1415607,180.8
1334640,379.48
1297961,206.98
1342342,111.55
1029422,133.78
1190784,1679.45
1441059,353.4
1134065,258.38
1010627,30.23
1136200,32.15
1382153,46.67
1096987,45.41
1158069,311.05
1121635,1041.05
1150358,295.03
1077324,18.74
1215019,95.76
1363375,158.83
1137912,183.99
1468001,37.77
1317986,35.23
1465417,25.57
1172075,63.92
1394786,114.18
1175490,83.5
1363049,668.12
1358565,768.23
1312142,289.83
1473003,932.93
1043675,635.68
1189088,139.81
1103745,24.8
1077514,47.12
1200158,27.45
1468882,296.85
1151507,417.27
1007265,264.91
1185048,167.35
1488743,172.24
1134676,196.93
1217059,1567.45
1337499,220.6
1257318,174.24
1486782,53.8
1252862,60.58
1289314,136.7
1254687,279.62
1020087,52.97
1468256,16.18
1073474,82.62
1205259,121.61
1201329,87.32
1054541,37.84
1237169,33.6
1035323,21.44
1280934,35.68
1155695,423.89
1211335,588.69
1328196,129.19
1083041,594.17
1025411,419.49
1275812,110.09
1132104,45.34
1459804,75.84
1052572,37.98
1123645,322.34
1350405,453.57
1292193,527.99
1397778,258.99
1237836,225.0
1155353,202.79
1057722,2709.52
1274485,291.73
1497047,437.63
1269935,60.51
1317971,43.73
1316420,45.11
1076136,56.34
1465717,168.33
1192548,78.92
1272411,28.77
1307453,35.05
1390209,44.36
1396591,235.18
1207029,468.54
1386805,255.01
1221459,33.75
1204605,123.75
1218108,207.75
1434356,262.65
1097232,69.79
1116834,46.59
1186950,35.9
1080504,38.58
1401133,91.61
1005512,31.17
1087904,53.95
1233422,55.73
1451461,294.0
1060105,300.31
1402994,265.19
1015394,1182.97
1064767,732.74
1492943,230.04
1410066,38.82
1139055,82.84
1489232,49.99
1070424,492.7
1405502,579.51
1259325,840.54
1361061,111.52
1431485,101.12
1064580,207.07
1304965,1607.1
1047356,213.16
1307778,660.23
1457212,93.95
1213952,68.33
1191343,139.36
1154706,99.8
1271717,85.64
1398750,46.04
1341876,43.5
1422024,568.53
1413467,383.73
1325121,191.55
1151232,46.51
1279111,41.0
1360376,252.84
1169611,194.55
1311405,204.48
1310403,86.8
1248441,89.46
1329548,92.02
1046279,132.56
1497254,150.04
1163695,308.06
1274761,29.12
1495378,22.62
1362663,32.73
1019457,253.47
1191888,321.76
1013907,279.35
1063119,27.48
1234655,53.93
1259715,62.89
1284851,294.53
1015130,266.39
1167983,291.02
1423160,439.96
1434042,283.69
1129473,103.62
1076570,30.06
1042497,52.2
1190479,27.92
1038318,469.01
1000127,485.3
1011159,677.9
1495646,105.44
1076420,139.89
1010745,168.41
1402515,2384.51
1197982,268.14
1043744,551.9
1457953,76.8
1130000,31.6
1059530,33.38
1466396,35.0
1077306,40.16
1102343,33.66
1316991,599.71
1391982,469.19
1052729,205.27
1047101,32.54
1325280,23.75
1191994,116.99
1009944,106.64
1353405,231.21
1080744,168.54
1411958,178.04
1412982,98.67
1020171,173.74
1031252,202.12
1016213,37.76
1428133,138.16
1385890,69.23
1392951,36.29
1232151,58.9
1359146,46.78
1441886,155.26
1218820,306.11
1267627,180.05
1373638,680.01
1212950,518.32
1313223,112.72
1040381,49.32
1380927,60.36
1027765,47.32
1033339,472.56
1425660,549.47
1113685,204.09
1401462,161.97
1273474,177.26
1091363,185.63
1492838,3023.65
1320703,439.08
1194501,574.06
1324100,24.1
1471562,53.48
1272207,23.83
1386706,28.03
1475574,40.01
1109837,378.48
1118679,919.13
1190647,616.72
1328963,20.36
1430846,71.49
1158154,67.99
1197145,245.32
1190178,213.71
1378832,211.25
1322978,163.82
1379618,269.72
1003304,326.93
1210043,23.97
1213573,19.77
1245394,32.3
1436052,32.07
1481719,31.35
1146138,62.2
1114349,39.45
1217859,308.49
1108742,305.7
1251268,526.31
1006386,300.47
1161492,382.77
1358060,227.23
1371287,41.65
1256315,70.65
1121055,53.62
1475537,142.26
1347318,378.52
1454603,250.38
1358350,81.87
1213905,60.76
1253272,144.31
1487325,1775.1
1013460,187.87
1315234,424.16
1250556,81.94
1265800,97.87
1465665,63.21
1103726,137.69
1494205,110.47
1189067,27.88
1471552,38.7
1453612,42.49
1377134,215.77
1130559,746.81
1357157,232.76
1409994,33.02
1294522,18.8
1151562,104.72
1050376,185.85
1428932,278.3
1465957,64.15
1319696,55.2
1407657,67.95
1352086,107.64
1418187,156.56
1048311,196.28
1165831,56.84
1132616,102.22
1083784,45.87
1416037,316.49
1435204,277.46
1186545,125.31
1268657,1396.82
1181753,628.19
1458923,393.84
1344823,81.06
1479610,96.67
1274250,94.89
1323910,739.47
1003508,794.68
1092809,884.48
1275720,129.78
1408837,114.81
1481979,195.51
1028951,4627.48
1373822,431.85
1378974,995.57
1046692,120.8
1011254,149.21
1273103,102.2
1327930,67.83
1055553,38.8
1383239,87.07
1026289,49.24
1318608,602.18
1313750,867.49
1325803,283.5
1256323,31.0
1037238,156.33
1368563,135.13
1079212,163.97
1167023,55.92
1278023,98.0
1231837,61.05
1035823,141.62
1253401,203.45
1061037,480.14
1292684,25.15
1124624,24.69
1111998,27.8
1109928,150.92
1490077,292.31
1033222,211.53
1198020,33.84
1466824,111.97
1233925,70.36
1470068,169.15
1218519,252.07
1336140,387.16
1301315,481.75
1155421,330.62
1194917,204.06
1173000,56.92
1354418,82.62
1215320,44.91
1061139,306.47
1180146,336.09
1090955,285.84
1147950,129.35
1207215,106.78
1318775,100.39
1204027,2929.32
1413965,211.8
1331579,559.15
1312626,74.7
1218834,62.68
1032713,201.43
1271703,106.72
1085153,18.43
1084295,39.79
1359593,31.39
1047132,378.87
1270406,510.96
1018816,240.07
1152664,43.81
1041786,36.89
1094765,37.09
1347013,179.04
1491511,193.8
1389945,210.46
1055106,55.04
1289462,40.47
1008838,84.95
1247371,124.4
1126864,121.25
1451674,39.84
1385517,77.2
1154247,24.55
1179404,250.49
1405934,278.58
1142085,179.98
1009709,107.36
1327954,107.28
1348230,69.29
1317437,58.7
1358874,191.7
1066722,276.27
1426661,210.27
1189682,63.97
1361421,83.8
1488795,147.96
1394848,771.31
1412980,423.4
1388481,313.85
1482717,29.01
1207154,18.29
1080646,297.2
1423780,251.72
1076968,183.39
1492097,15.39
1444295,79.19
1338940,147.78
1066511,137.44
1156979,73.66
1056205,112.24
1418176,151.87
1041452,34.09
1287446,16.39
1401376,38.56
1365246,25.92
1368785,22.95
1101540,306.47
1364650,127.0
1010363,183.84
1059056,1498.83
1325139,915.03
1002435,371.31
1354416,166.68
1276165,670.97
1327823,878.8
1463775,958.39
1401014,152.32
1348216,93.54
1284993,193.75
1307954,1526.94
1097182,526.79
1460667,1099.9
1116900,81.23
1141794,61.51
1423616,143.29
1297883,78.76
1338844,106.13
1270382,65.8
1176990,90.04
1109609,139.83
1125886,807.46
1459649,641.52
1370105,292.96
1365258,53.65
1217805,65.79
1383782,143.92
1332940,120.73
1415280,233.0
1281939,182.59
1377594,209.89
1097453,94.58
1187092,172.55
1392729,216.07
1232474,410.39
1119483,67.57
1130256,54.06
1042242,55.07
1122806,261.58
1493799,271.27
1487003,275.79
1322423,246.55
1465439,140.3
1357396,399.88
1055674,394.23
1061706,233.43
1188591,1478.12
1345516,500.63
1164926,428.01
1157352,73.83
1162495,126.88
1439572,70.28
1252122,867.86
1473136,773.85
1414239,1137.31
1227902,108.84
1475674,137.69
1074156,180.91
1124415,5079.27
1429469,569.49
1196202,1155.0
1207213,78.68
1220768,85.54
1219884,90.18
1476173,68.94
1258695,49.07
1190890,81.95
1302775,32.5
1166615,516.16
1168141,558.0
1347061,266.02
1234023,32.91
1217405,41.12
1137757,342.42
1142488,444.59
1312713,572.2
1254886,281.09
1175778,131.59
1273113,146.83
1438146,137.61
1311889,177.67
1109876,283.41
1314145,57.16
1140803,58.6
1026912,637.22
1455331,247.58
1156368,175.81
1224254,58.87
1423832,107.35
1432432,70.96
1218398,430.58
1189072,301.16
1349200,316.79
1210564,746.82
1306324,558.63
1246324,351.68
1007274,46.53
1416495,96.39
1482738,56.76
1112624,363.26
1071982,534.86
1007464,417.59
1032604,177.69
1373185,158.67
1491158,167.52
1185291,3077.15
1364764,276.45
1193094,515.83
1386568,92.14
1204718,69.62
1412333,66.61
1371558,70.16
1107600,138.33
1413888,173.07
1427250,36.49
1044881,58.14
1332733,45.68
1325149,338.7
1286591,500.98
1066069,288.85
1274735,37.38
1471120,60.26
1252651,161.05
1477762,193.47
1331846,155.73
1368853,50.85
1309782,54.29
1105042,50.2
1099051,273.79
1294198,66.03
1204789,240.92
1341777,37.29
1455309,84.0
1433285,322.13
1012505,363.05
1104929,206.6
1114635,313.87
1084924,341.95
1157371,134.75
1190987,49.52
1041636,68.54
1089516,24.25
1020854,287.41
1307783,331.92
1201333,311.9
1462723,122.6
1110181,147.06
1165740,162.25
1398485,1779.26
1071026,281.14
1183503,370.55
1215898,88.79
1052604,62.97
1239988,105.76
1363046,52.36
1337424,138.78
1015074,107.89
1221444,55.63
1113063,33.98
1154806,48.38
1109703,358.89
1021912,689.41
1298180,197.06
1384906,27.4
1308789,25.01
1427380,143.1
1210445,228.45
1377696,210.59
1041733,63.9
1458994,37.37
1455799,33.81
1341588,48.54
1034394,71.08
1396890,150.79
1429960,48.13
1267932,134.4
1211830,44.32
1272619,356.75
1095155,389.56
1260998,206.7
1446344,1859.58
1113545,1093.21
1165254,690.31
1035393,137.3
1190535,204.12
1135656,145.65
1387179,981.97
1016058,1343.08
1213128,1708.07
1498348,139.54
1037275,122.94
1306497,182.81
1173215,4504.34
1313071,1000.25
1243501,1902.27
1181479,244.43
1251517,209.09
1019878,159.17
1179192,239.29
1395274,378.68
1323008,136.17
1277683,71.01
1348796,152.43
1357767,79.82
1261781,1019.07
1317465,1173.6
1404060,512.34
1067530,99.26
1441892,56.18
1188240,462.62
1223568,490.39
1477410,641.17
1341241,186.08
1084874,211.72
1176180,180.02
1350329,181.14
1172618,237.29
1449340,724.75
1377191,83.42
1478466,98.47
1412159,81.95
1415286,983.01
1496971,574.25
1429780,398.06
1018985,127.4
1463282,226.88
1228365,146.93
1078001,403.64
1097877,349.96
1145821,342.26
1168967,721.09
1102821,439.46
1440816,222.81
1307971,31.92
1480181,90.04
1398113,65.23
1481125,597.77
1238037,118.05
1302813,125.53
1157998,230.73
1100814,2210.44
1414249,236.69
1064239,464.52
1239602,42.64
1364760,31.79
1087470,67.92
1122068,24.23
1101824,45.82
1318121,45.02
1459062,465.46
1150712,395.44
1097552,237.44
1335537,408.56
1233535,553.29
1253969,33.19
1042781,36.08
1153942,78.56
1087640,126.36
1479828,162.78
1140662,48.34
1411918,44.61
1149789,48.06
1359316,173.29
1312063,106.23
1272016,78.16
1140449,64.49
1043355,72.26
1025691,56.49
1224186,251.92
1426162,250.72
1048220,146.07
1025558,2090.2
1047097,673.05
1422931,527.58
1471480,126.08
1415987,184.23
1079860,135.14
1351993,1012.88
1461917,1138.55
1148180,1238.77
1196301,115.8
1093029,107.42
1045723,266.83
1395446,4272.62
1231823,715.03
1218303,1213.05
1221218,80.37
1208015,79.11
1395932,56.46
1133957,152.88
1120215,159.44
1061156,101.49
1038221,76.92
1362836,138.8
1297712,110.28
1061253,648.59
1400730,942.85
1123458,348.4
1166811,49.43
1016126,41.77
1261795,56.16
1139004,541.14
1207970,570.15
1006063,536.71
1201464,133.88
1469353,107.75
1237384,102.9
1205460,180.08
1184746,272.43
1051349,424.66
1309800,71.6
1191930,61.07
1482127,67.71
1255449,413.04
1134444,399.83
1198260,259.01
1461834,105.22
1440765,172.74
1272010,131.42
1251272,466.9
1062635,359.33
1316515,342.67
1215917,370.72
1095872,248.59
1329014,133.26
1425452,41.47
1187938,101.97
1023244,54.7
1175478,176.22
1126925,329.72
1398366,240.88
1152312,119.5
1363630,98.64
1221495,120.01
1058161,2328.96
1049337,288.87
1227943,438.41
1224486,107.54
1304927,56.95
1011053,54.95
1286223,77.74
1283181,86.51
1067400,20.96
1441563,38.81
1418704,25.51
1000531,260.41
1044876,570.4
1370466,261.76
1174805,111.57
1488970,169.0
1305781,238.86
1009743,39.42
1029249,55.16
1347941,30.62
1493775,46.09
1419171,34.95
1301631,104.3
1434397,48.48
1320423,279.59
1125818,288.93
1491444,221.99
1440692,370.46
1143262,166.36
1429564,129.67
1403272,44.48
1336168,45.95
1103794,37.9
1100366,172.89
1231147,250.3
1318939,225.59
1323615,96.7
1400460,91.28
1267608,84.62
1254236,1661.08
1493015,111.48
1397681,256.3
1432364,43.78
1147010,74.98
1450106,26.98
1301647,44.36
1398942,25.05
1468483,178.11
1390931,390.1
1209189,158.17
1488426,91.73
1225360,154.61
1240032,158.47
1350236,41.78
1223002,44.43
1302037,33.51
1087910,56.73
1268663,29.06
1320986,77.16
1446108,55.21
1233956,205.64
1175659,180.92
1400458,102.29
1105463,339.06
1251776,285.6
1479035,190.51
1313337,88.29
1227743,100.13
1210597,64.22
1081595,212.01
1451525,587.56
1180851,413.85
1144575,75.86
1219773,54.34
1393045,65.24
1212895,4328.77
1037638,307.07
1207482,1057.44
1372137,110.73
1374959,110.48
1378330,104.36
1359565,135.38
1321731,313.56
1215039,271.21
1489247,54.68
1176682,104.1
1388982,637.9
1020188,617.79
1255737,248.46
1473804,64.92
1015629,129.73
1461366,208.53
1331567,193.96
1132288,83.2
1387910,64.67
1273491,69.34
1262326,156.53
1346952,175.71
1174172,224.8
1215881,82.48
1033219,216.26
1041770,138.75
1218567,472.34
1402114,349.03
1276377,170.31
1231259,127.17
1049402,121.81
1431933,68.99
1002726,34.24
1432281,55.71
1294224,40.02
1049747,208.49
1402031,438.82
1099823,114.27
1333295,236.33
1233979,133.55
1255867,302.49
1204185,1744.48
1157387,237.95
1061848,209.55
1282758,164.1
1084106,376.19
1387632,130.95
1404581,112.41
1399873,133.78
1469693,156.11
1312840,30.73
1367681,30.91
1287575,25.41
1158242,22.54
1042443,45.34
1445581,58.67
1446321,331.4
1080016,343.98
1456847,176.64
1035890,356.37
1482218,230.41
1011587,94.55
1075257,53.72
1388606,54.93
1294557,288.21
1144032,329.92
1352556,236.58
1379192,99.99
1147337,152.96
1059909,67.49
1499828,2228.96
1128779,180.41
1356527,173.88
1144794,52.56
1493213,43.11
1474599,21.51
1471305,37.77
1230194,108.25
1278981,139.76
1424334,66.63
1132799,83.42
1167044,142.85
1478019,146.86
1271271,32.01
1290510,42.76
1049307,44.13
1238277,18.41
1266690,44.16
1199433,49.56
1088470,194.88
1324588,197.55
1060321,276.74
1310566,881.61
1225001,280.79
1226502,326.45
1287196,61.33
1071387,72.67
1328779,535.23
1031721,625.73
1388615,987.64
1314481,145.68
1108889,160.46
1300350,272.6
1358310,3489.6
1356066,414.48
1431400,627.55
1311218,80.4
1182403,58.06
1116567,55.64
1377731,35.94
1167940,48.22
1302524,47.3
1169331,59.0
1359107,62.43
1085144,388.25
1028427,493.18
1021678,169.98
1476370,24.48
1371620,184.15
1062346,199.85
1049778,243.1
1222112,105.67
1028218,98.46
1102147,93.65
1033765,59.86
1398637,125.31
1424899,181.54
1003967,46.0
1216755,45.88
1382848,205.58
1006636,152.81
1255187,86.49
1002825,53.08
1432434,99.44
1458669,29.61
1136618,252.44
1298435,206.08
1017459,295.66
1480827,618.88
1299518,376.28
1176115,210.84
1215512,33.1
1356082,92.71
1133587,58.6
1386654,440.72
1123716,430.03
1109478,320.77
1438311,160.25
1114154,236.57
1150037,247.79
1066068,2662.67
1351758,356.56
1435257,435.4
1112290,35.49
1402527,23.08
1443517,28.29
1020688,53.26
1113888,411.76
1307127,820.92
1497480,444.31
1451868,25.88
1252788,91.36
1408863,97.2
1208940,85.65
1466302,38.5
1303316,28.14
1158006,42.79
1384034,168.19
1309594,180.5
1346198,278.8
1352497,28.99
1362391,36.13
1027892,83.07
1418720,46.34
1310185,55.94
1445820,22.84
1050364,356.13
1249726,329.4
1337606,502.88
1475476,307.44
1453888,204.46
1305515,95.33
1140432,50.84
1239456,66.42
1070446,201.68
1119188,326.69
1218581,261.99
1370288,64.46
1375139,32.02
1031326,70.35
1405867,1719.4
1028118,250.51
1044889,660.82
1481854,80.74
1373268,62.23
1246191,63.78
1469635,57.72
1141599,93.76
1206791,180.83
1227566,72.46
1176711,55.02
1071025,331.72
1098869,380.97
1134748,213.86
1431191,40.73
1321009,25.24
1014062,94.03
1296580,117.2
1286715,170.18
1281292,57.44
1172572,51.16
1374201,93.1
1263233,58.64
1481851,148.89
1245821,56.41
1330516,96.29
1321932,66.41
1237549,291.2
1146827,323.75
1457955,90.95
1084735,575.87
1372396,464.66
1496028,209.09
1296951,39.49
1118153,68.21
1402941,287.46
1484875,537.18
1198850,508.08
1283683,146.71
1356046,165.09
1224330,171.98
1090698,2610.77
1295691,254.62
1292802,611.51
1475126,104.45
1429767,101.54
1020680,59.64
1356602,170.34
1199633,211.66
1217087,23.7
1033763,77.93
1150992,35.78
1014413,445.24
1327452,565.86
1319045,316.78
1051015,34.5
1243278,36.3
1285602,31.33
1019836,180.67
1352515,216.6
1282703,336.75
1394147,79.25
1376159,60.38
1025888,67.65
1318041,93.28
1391652,62.17
1486220,152.64
1360701,39.1
1270031,75.71
1438003,35.86
1120877,310.22
1489926,317.4
1459041,292.54
1263948,213.14
1401658,159.72
1016096,49.14
1414784,41.57
1135055,52.07
1165756,152.77
1029652,192.35
1176747,205.79
1297987,111.03
1360564,76.99
1353409,946.68
1055062,94.4
1331601,221.87
1400538,26.81
1272139,116.42
1121842,51.14
1089929,22.56
1350289,21.19
1300844,173.2
1083292,283.82
1360072,244.92
1021981,20.21
1372749,19.26
1474101,127.16
1380886,113.59
1197547,206.09
1185551,38.24
1493218,18.31
1429824,38.75
1095993,22.33
1196527,216.49
1012703,212.38
1379033,84.14
1491023,1455.9
1171211,628.57
1233401,586.59
1322706,59.57
1402535,77.0
1417777,73.69
1433797,462.97
1176726,480.09
1110072,921.53
1319585,84.49
1069064,64.89
1422708,180.79
1117036,3961.22
1144316,462.61
1337096,927.51
1110407,118.09
1031522,118.49
1210516,198.39
1282552,141.0
1103032,127.37
1134238,28.37
1173143,94.67
1460062,59.17
1289857,539.43
1081483,601.79
1293946,257.6
1169768,62.53
1019604,38.28
1373197,50.33
1057638,215.75
1061420,285.59
1010307,302.0
1424009,126.9
1143977,70.96
1484953,46.87
1461892,71.18
1260223,208.65
1235435,317.35
1054157,114.66
1080254,34.65
1156508,58.94
1270266,241.68
1207528,335.68
1091118,306.51
1476847,113.9
1136234,107.33
1233036,80.52
1238986,338.25
1325999,301.2
1456063,269.23
1222185,1031.94
1000914,428.78
1391457,287.83
1154903,117.33
1282451,51.75
1153827,61.6
1203036,591.77
1359060,671.28
1102552,858.72
1482823,236.98
1308925,279.8
1062083,376.65
1381272,4851.61
1304391,545.33
1366625,743.65
1486675,91.71
1467660,51.05
1417238,24.66
1265645,30.93
1307235,77.35
1116488,32.82
1056319,559.21
1320396,467.07
1057904,181.5
1313695,29.07
1363498,87.67
1196056,136.84
1142410,72.65
1448722,136.94
1399814,66.82
1234686,64.45
1031013,174.25
1237510,213.27
1454059,190.77
1228616,56.36
1140133,32.82
1175672,35.24
1142843,119.75
1485113,269.86
1385344,180.46
1119550,33.22
1199984,57.7
1496575,25.96
1009225,258.23
1049774,296.09
1340348,267.07
1125502,693.85
1465520,724.35
1113406,384.13
1162490,62.79
1139260,69.28
1252295,21.72
1306567,264.5
1165362,445.52
1207409,465.53
1269716,80.01
1270504,83.58
1277434,207.57
1178206,1838.81
1264587,323.35
1114439,589.7
1375688,122.54
1277972,94.54
1217436,101.55
1174466,145.21
1114608,221.38
1293797,177.78
1317154,30.2
1240320,90.3
1413250,47.23
1299662,488.3
1161052,601.62
1381124,252.77
1337395,116.74
1330452,150.37
1183080,312.92
1116990,98.4
1024218,73.18
1187068,73.21
1321905,119.56
1321815,70.42
1022883,144.36
1112746,46.22
1499105,96.26
1303623,77.99
1362036,276.27
1300135,303.87
1388988,183.65
1128508,187.35
1443272,251.44
1293085,97.27
1456990,50.0
1331381,53.05
1264789,36.76
1474583,184.64
1117604,250.74
1211899,358.36
1308012,130.69
1068633,120.54
1312066,151.99
1162592,1396.04
1202168,178.24
1251786,261.96
1444312,19.74
1349255,39.42
1140050,29.38
1289787,30.93
1491526,237.1
1487137,478.78
1071687,182.7
1300579,125.31
1171591,183.22
1055337,207.51
1473987,62.57
1399761,52.61
1274564,30.01
1269004,64.31
1110962,74.0
1227656,49.21
1419068,59.6
1463873,27.49
1402030,344.39
1146461,407.34
1309768,195.35
1024879,56.7
1195370,51.66
1432323,77.23
1192832,30.9
1139374,71.03
1251873,123.08
1425548,77.72
1420456,129.19
1386849,171.85
1367988,1218.65
1426570,104.98
1489321,133.52
1205477,19.3
1173914,15.75
1160894,61.42
1168852,313.38
1113928,159.41
1222271,16.12
1425594,153.68
1116633,182.0
1043673,229.99
1139943,14.28
1222855,189.29
1231529,107.88
1361358,149.16
1347690,846.17
1325444,260.81
1118472,256.29
1269724,59.09
1084827,99.06
1185867,30.55
1197167,426.75
1499035,392.49
1131544,639.76
1251976,70.9
1315178,137.72
1261856,2132.64
1263106,215.48
1463681,487.04
1227492,47.62
1361780,54.35
1478158,50.02
1115766,64.31
1473259,133.62
1211035,64.75
1223903,32.57
1438832,28.79
1481698,201.66
1177597,342.23
1155127,166.47
1244735,40.27
1433866,207.24
1278599,208.81
1395217,264.48
1033551,95.08
1415100,62.44
1156808,87.75
1151999,85.38
1263309,128.42
1172110,226.78
1360848,56.13
1225582,29.52
1238226,28.11
1221492,203.18
1227242,129.49
1339516,78.49
1486528,38.05
1100757,66.36
1410218,47.55
1132798,155.73
1381030,184.6
1292348,171.77
1263998,472.19
1171030,273.34
1096804,195.08
1450673,20.0
1414571,54.7
1017270,160.52
1060387,241.08
1242119,295.8
1452755,62.78
1403191,59.28
1048938,142.13
1210751,1540.88
1189297,197.18
1164305,358.83
1111577,128.14
1041201,118.87
1286442,102.35
1245747,65.97
1050380,145.1
1276162,137.65
1088612,56.02
1245639,36.34
1133040,30.89
1353005,281.65
1482150,386.68
1001037,222.73
1259996,22.51
1304546,67.77
1032834,168.93
1255320,159.59
1245004,66.68
1197587,52.84
1197492,54.12
1454073,134.5
1190207,108.74
1092532,189.35
1138143,38.12
1321540,104.8
1297442,475.79
1136775,164.61
1352852,87.99
1138673,1664.79
1175473,1056.97
1325558,624.5
1301604,62.82
1339781,116.88
1495463,96.35
1362178,630.54
1025247,786.48
1445468,940.22
1435668,87.27
1121782,104.16
1355617,254.11
1258300,5569.84
1495420,559.35
1188205,1247.35
1261755,101.5
1205071,73.02
1192336,60.01
1468731,86.2
1005332,187.63
1065783,138.48
1201129,56.18
1380060,143.92
1483696,34.43
1047140,613.24
1277215,692.82
1490233,259.78
1088986,39.27
1301668,449.12
1036327,565.51
1290673,509.42
1316201,125.75
1179480,141.15
1387257,105.34
1450663,74.29
1392222,163.27
1203171,382.7
1450107,78.18
1053905,48.93
1461034,42.62
1439454,281.6
1424299,399.02
1287364,227.72
1127484,86.09
1436002,146.6
1038852,111.38
1173767,345.07
1154170,324.16
1316352,216.92
1271542,136.73
1104690,147.75
1403213,63.97
1115564,19.35
1019496,91.45
1266012,44.99
1314952,188.63
1294366,253.56
1420814,135.28
1240207,155.88
1079149,101.48
1017146,84.95
1203613,1626.57
1107845,96.36
1143676,199.34
1103583,16.09
1145942,17.1
1148385,35.55
1156704,28.75
1026147,117.81
1287164,807.35
1116620,285.51
1325619,16.15
1421430,140.23
1061575,181.81
1337054,166.44
1316677,50.81
1167018,33.39
1314631,129.73
1492637,102.09
1061472,486.94
1066515,492.44
1000237,164.36
1095601,793.52
1251129,431.23
1193459,263.64
1352845,38.15
1394938,65.08
1107553,55.04
1413805,523.33
1458659,721.48
1441231,87.3
1162420,148.8
1271507,218.52
1413046,2356.38
1089623,263.03
1491051,599.29
1490279,23.06
1194113,17.15
1124427,46.59
1487219,72.85
1350558,51.9
1449547,28.6
1207523,43.84
1374767,461.5
1062397,496.06
1128597,308.79
1065924,16.25
1441542,307.75
1257698,361.6
1444290,330.32
1451414,76.95
1043957,73.34
1373757,112.23
1219727,143.78
1318474,364.87
1219711,58.36
1036885,40.0
1068866,36.76
1188384,188.85
1295157,91.46
1381768,82.92
1488755,42.3
1237785,61.71
1430193,51.01
1251853,222.41
1147826,268.17
1133252,286.01
1341789,1007.02
1280894,248.35
1159601,258.89
1045452,71.64
1494843,54.16
1076974,65.05
1349421,421.71
1274572,457.52
1432042,903.47
1338612,84.68
1046381,158.53
1241247,2686.69
1294489,276.54
1185615,759.21
1443391,113.01
1216208,132.17
1149470,98.15
1002439,168.36
1115754,135.44
1405315,52.82
1220660,59.31
1339963,52.76
1073468,482.7
1288220,536.33
1354149,214.75
1320422,43.41
1153097,49.63
1287733,229.1
1322822,252.71
1086325,305.74
1308336,178.52
1368778,184.78
1208742,105.88
1237123,73.91
1105577,143.7
1201804,238.33
1036178,72.17
1226196,61.69
1158425,65.03
1494002,261.79
1056075,258.69
1237960,183.82
1427037,55.99
1450481,64.13
1363262,67.59
1417288,228.6
1141529,298.69
1498763,207.74
1368952,62.86
1442046,84.65
1013564,58.43
1145496,28.92
1469983,145.46
1356790,88.88
1292764,133.48
1213627,70.44
1182264,1072.28
1098551,116.26
1079642,125.99
1179564,14.55
1025744,21.1
1183189,19.04
1184297,29.11
1093850,88.14
1330035,691.62
1450161,351.63
1346626,142.48
1055652,203.51
1195185,196.14
1148634,30.18
1278952,27.36
1067294,28.86
1046741,33.72
1265951,21.74
1300214,114.68
1107432,36.89
1463183,483.1
1281332,483.4
1292460,189.63
1197323,588.47
1071315,483.38
1076174,170.43
1246394,86.69
1103208,116.33
1237425,121.45
1497568,275.58
1133254,563.18
1204857,491.91
1217303,113.4
1356618,116.94
1437446,87.78
1214026,2088.08
1446810,268.61
1148475,845.5
1295424,119.21
1420350,107.75
1449451,102.7
1148750,235.74
1215972,293.53
1323629,42.93
1102858,88.9
1081770,57.81
1471166,465.86
1067847,573.94
1427690,157.1
1317813,61.21
1043065,68.73
1100547,142.9
1278379,253.04
1239530,295.01
1233374,84.66
1431065,70.46
1463915,145.78
1117031,200.87
1187963,376.97
1223264,63.78
1297409,145.58
1208972,81.95
1102430,354.5
1474898,358.34
1291095,135.84
1028916,876.88
1124463,244.78
1340396,208.88
1222836,20.8
1013437,58.06
1456018,267.74
1036876,625.0
1486601,284.9
1238863,190.23
1042125,153.9
1482372,149.92
1053604,2095.03
1056436,312.59
1271238,194.76
1142944,37.01
1068268,38.86
1323791,54.96
1227936,22.15
1027805,24.64
1302218,258.47
1459589,250.01
1144960,60.15
1162539,20.04
1319182,110.37
1274740,165.18
1071305,111.36
1057456,34.03
1348911,53.32
1315441,30.99
1346976,45.87
1359818,26.74
1066167,33.64
1478541,428.13
1426278,608.6
1455569,140.06
1291439,1571.27
1466747,898.9
1381463,210.21
1024922,57.94
1498440,70.44
1133390,72.92
1065475,630.43
1316995,730.69
1391805,1102.22
1166168,99.78
1304194,98.72
1171600,173.19
1289811,2951.31
1410167,359.34
1222485,968.54
1273699,44.81
1124837,57.37
1071845,92.97
1129187,61.21
1040528,51.87
1011546,59.94
1317257,59.76
1296819,520.8
1477335,537.91
1064636,169.89
1378578,38.64
1396028,23.64
1437845,29.25
1210423,86.85
1214700,126.7
1417694,103.97
1408893,295.01
1255517,382.9
1490021,158.89
1044217,152.18
1102828,240.63
1308103,318.76
1029438,47.82
1147448,31.84
1180567,29.75
1055471,207.6
1364734,154.93
1172936,78.33
1233491,43.27
1218270,87.9
1397443,84.34
1493367,299.3
1100337,299.81
1464291,208.81
1205352,356.71
1488828,304.97
1081336,78.11
1352120,31.43
1441344,75.61
1392642,23.66
1305871,241.04
1367679,485.18
1227524,336.49
1102349,119.76
1153179,150.43
1098178,102.08
1414645,2270.68
1327982,250.26
1344090,369.99
1090713,122.53
1271005,77.01
1453811,81.62
1476364,125.57
1011568,151.5
1267896,37.89
1219427,57.63
1078903,32.63
1066252,186.15
1489889,587.96
1355379,216.48
1269505,29.13
1395715,25.09
1176424,27.54
1143026,120.33
1413929,122.77
1335032,213.3
1441521,44.76
1246340,51.24
1010649,36.61
1226646,73.79
1238200,67.36
1422436,59.43
1103810,28.84
1389176,59.1
1422043,230.72
1046510,203.31
1251652,197.0
1020182,410.63
1106208,386.72
1019222,181.86
1224601,47.2
1412784,51.43
1483334,227.92
1115459,323.55
1340117,359.33
1444837,89.01
1197741,269.89
1499162,176.95
1042279,1767.44
1278195,178.96
1418429,325.24
1456270,52.95
1360411,57.58
1004505,47.82
1433634,101.42
1298996,90.58
1227612,32.33
1442439,32.92
1071851,35.72
1415551,417.28
1303923,486.39
1338978,247.82
1346333,25.57
1138796,24.01
1090656,118.69
1294117,109.95
1039342,258.09
1254043,99.68
1227283,52.4
1084326,52.7
1222544,128.56
1312264,57.95
1334845,80.33
1033531,37.95
1296537,55.54
1339243,35.41
1129395,355.46
1064304,322.06
1185689,203.21
1196516,415.84
1171196,244.69
1435184,155.0
1183910,48.48
1259803,51.44
1026735,289.53
1369293,649.19
1295180,226.11
1209709,173.33
1342487,175.63
1078164,172.98
1120902,2122.84
1034243,149.4
1352451,511.12
1495918,36.94
1011382,53.44
1259767,49.53
1362892,42.64
1325722,41.59
1084175,223.09
1388369,300.8
1276621,122.02
1259464,36.76
1033678,33.62
1087374,25.34
1121365,81.18
1100902,152.78
1309141,117.7
1250190,59.52
1029979,33.75
1179024,115.49
1340245,44.88
1107277,116.98
1267082,43.24
1219309,48.73
1408207,41.31
1230994,187.51
1251881,292.08
1253118,106.25
1462434,484.0
1101243,385.07
1421375,204.9
1270557,28.52
1235260,36.07
1181176,48.72
1374528,215.97
1413988,342.67
1452750,355.36
1062304,99.2
1253336,98.86
1071558,115.71
1103361,2271.07
1295266,174.69
1485137,336.08
1344143,63.08
1322258,47.17
1368908,26.69
1283324,58.95
1074093,111.86
1170957,50.51
1209068,44.0
1145750,157.43
1346301,339.79
1150554,148.04
1121159,20.92
1448035,39.39
1022510,96.93
1283164,120.67
1123675,162.98
1024014,53.39
1456445,75.38
1395822,45.83
1053628,94.31
1059512,28.94
1163145,56.81
1057817,180.9
1203757,301.35
1014859,157.86
1068765,557.16
1210591,334.47
1461262,419.81
1039490,38.08
1059392,79.77
1329687,385.92
1008542,404.04
1438726,488.47
1100984,149.9
1376640,179.24
1268664,193.11
1114795,1939.6
1022568,255.65
1173940,384.94
1185125,31.13
1478252,37.82
1072315,26.29
1317402,44.08
1249595,28.64
1403728,373.82
1214542,310.99
1237409,214.86
1322645,134.69
1333229,173.32
1358531,89.46
1165991,78.03
1213797,96.16
1318590,57.41
1415430,131.16
1239796,83.38
1000846,38.02
1328041,41.78
1098339,42.25
1147425,65.0
1169837,89.22
1338998,26.47
1487636,34.45
1042647,62.73
1298612,23.98
1392880,181.66
1075316,171.15
1161161,196.54
1237961,526.36
1392549,259.22
1197527,243.39
1149086,36.59
1149006,58.24
1104094,38.63
1355437,386.03
1096576,403.71
1104719,60.99
1149262,94.21
1333249,130.77
1130820,1077.29
1426907,245.36
1114099,282.12
1101134,37.76
1143725,45.29
1037961,66.89
1184480,38.39
1200526,38.92
1189724,30.58
1088619,28.26
1062207,202.6
1366903,154.12
1164828,306.95
1017091,33.62
1385751,172.41
1357786,203.58
1440248,169.14
1408109,71.4
1181673,73.67
1157233,76.27
1041296,115.78
1034404,148.35
1438842,41.09
1100085,46.18
1153425,42.39
1050157,191.53
1410654,122.68
1206736,66.82
1337583,49.73
1279988,69.35
1033103,62.73
1049464,294.29
1199908,147.74
1097467,131.37
1214923,555.82
1288038,163.62
1009805,151.33
1043811,59.55
1497981,84.75
1382163,48.73
1472622,517.97
1355785,502.19
1123761,99.75
1030670,121.04
1032702,159.15
1332843,2428.95
1034380,450.88
1356967,637.4
1365220,40.66
1154695,90.33
1432128,68.94
1029816,47.37
1320982,67.14
1476539,46.88
1326947,203.9
1200214,649.77
1442240,206.85
1042596,39.56
1404746,169.35
1228452,244.77
1206354,199.74
1147372,72.82
1354178,57.16
1141635,64.67
1145169,107.44
1258734,177.08
1471735,44.85
1069886,40.73
1326502,126.68
1221638,142.55
1198759,104.76
1375131,46.31
1224238,85.74
1221523,55.88
1439739,334.62
1042424,329.95
1029599,204.38
1287421,177.27
1242389,167.43
1463854,99.47
1452732,25.11
1130326,58.32
1412128,70.73
1479594,163.43
1214594,222.29
1339369,129.97
1207746,171.01
1239703,203.85
1193256,205.65
1046609,1526.69
1469797,102.31
1007589,793.52
1030237,19.93
1048552,17.55
1261208,27.87
1032114,17.74
1459844,33.27
1103124,167.79
1123616,586.23
1118851,182.44
1029384,14.91
1059545,75.81
1133680,119.1
1143822,133.54
1258953,28.72
1147536,18.11
1496509,26.81
1125901,544.15
1349727,442.51
1105654,162.57
1185266,490.46
1158968,246.81
1188416,231.27
1111518,45.69
1178819,52.32
1313703,167.75
1271657,194.39
1370620,199.3
1367996,66.42
1199233,67.21
1315046,51.93
1126752,1689.94
1167571,163.0
1253177,404.05
1473278,89.25
1030576,50.8
1008950,97.8
1161328,110.56
1366614,79.88
1420343,25.47
1401716,31.54
1034463,266.61
1459181,350.19
1472537,235.94
1029223,20.5
1014001,17.51
1172393,60.56
1408387,91.52
1095882,110.54
1311631,65.73
1188123,49.58
1265203,109.81
1220082,73.46
1218623,170.71
1168970,40.31
1398181,32.48
1486532,154.5
1154017,69.94
1451903,95.14
1064432,407.95
1491157,308.38
1336992,199.39
1335339,50.59
1450157,71.15
1372817,39.59
1006721,236.4
1099484,362.3
1154377,406.49
1128260,84.64
1463395,74.17
1386594,99.52
1152041,1692.18
1083613,220.38
1483098,332.48
1425233,55.37
1439261,58.58
1034544,43.5
1341848,100.62
1314386,75.24
1484884,22.6
1392433,89.34
1203390,37.21
1368561,280.99
1439399,523.57
1330753,214.81
1289695,28.64
1000917,19.73
1117017,111.54
1411936,143.2
1197753,184.13
1434413,52.79
1148023,32.09
1082409,42.96
1293237,53.21
1445108,35.38
1310014,70.67
1419886,44.31
1479835,124.54
1154396,78.7
1208468,272.63
1273334,273.34
1272194,197.56
1224780,181.79
1023588,194.63
1457003,80.55
1103267,21.2
1005699,90.26
1168482,28.47
1430711,245.73
1065731,402.27
1163733,175.48
1398280,128.24
1192516,190.3
1400213,149.39
1299196,1861.45
1083942,195.54
1354132,252.52
1303575,42.81
1415045,34.01
1194852,20.04
1389923,136.45
1395200,298.61
1159747,111.55
1016413,93.03
1045480,139.54
1009769,152.08
1008610,36.42
1161665,31.28
1151982,34.11
1147300,24.51
1173280,40.52
1227442,48.41
1170531,31.9
1180811,416.19
1078277,331.8
1169715,198.36
1125817,312.23
1115717,264.87
1422806,184.72
1137125,63.67
1246695,110.12
1416785,43.02
1165233,184.5
1365529,247.25
1387837,176.03
1481394,93.48
1275299,106.45
1220398,92.3
1376094,1539.36
1221119,208.83
1486316,305.43
1169548,62.7
1292156,26.27
1289077,47.06
1017902,61.13
1047032,25.83
1334195,72.84
1449238,36.94
1462226,118.25
1110599,642.98
1120407,203.07
1094241,28.64
1022118,27.46
1309812,21.23
1279959,114.57
1285662,175.47
1178714,201.41
1030887,48.3
1367692,37.12
1150034,63.83
1064510,34.99
1468089,67.06
1348806,41.74
1146102,102.65
1372716,61.24
1110318,325.88
1307651,340.46
1323243,173.2
1437787,529.77
1125403,364.55
1072156,297.87
1131468,50.7
1222532,99.87
1385955,33.56
1097637,296.27
1460731,322.23
1375965,314.19
1494614,112.86
1025904,80.62
1026720,173.59
1386627,2170.69
1041527,203.16
1499718,495.67
1183053,86.36
1173743,75.23
1064559,85.48
1188222,159.9
1050683,175.61
1426515,29.78
1390694,49.63
1050250,34.78
1132122,288.72
1366613,449.19
1175679,209.65
1350344,110.08
1021170,100.96
1277356,189.85
1359094,59.64
1292839,59.21
1200593,62.86
1229308,153.23
1236996,157.41
1388915,306.6
1290145,40.15
1476878,80.68
1493038,30.89
1419496,221.37
1185819,270.14
1311217,137.54
1040148,1305.01
1472394,373.45
1142405,350.36
1426060,38.44
1261480,97.24
1496005,51.12
1147802,667.37
1076052,834.96
1208254,916.65
1175851,99.25
1243524,168.24
1094528,398.99
1394930,4112.1
1220371,464.75
1103470,779.39
1090382,90.59
1173801,60.84
1226125,64.94
1235095,67.86
1472456,30.3
1437219,41.73
1464615,61.56
1025401,51.89
1311616,497.49
1174345,533.24
1412376,141.47
1427225,23.29
1254841,407.29
1011620,642.54
1390394,628.94
1149007,68.26
1145032,59.61
1076556,34.53
1173991,179.91
1263993,218.77
1074690,297.71
1414178,60.19
1130627,60.93
1057329,51.25
1398579,209.52
1070444,103.44
1087198,69.29
1398464,91.26
1071854,62.32
1417728,565.84
1176281,310.99
1041529,308.24
1089638,362.09
1247963,338.33
1267677,174.58
1424279,73.58
1340502,30.83
1210708,564.73
1417327,292.37
1340562,231.6
1043894,78.57
1131561,60.49
1161246,77.61
1472239,2180.58
1364193,154.55
1165142,385.48
1025825,69.76
1119655,79.75
1409352,51.29
1011235,240.62
1401680,285.64
1011082,38.99
1005003,52.77
1010212,178.18
1074355,364.14
1130959,168.5
1368829,58.08
1123975,23.0
1192829,94.59
1149857,118.95
1227644,170.24
1215697,57.63
1209430,39.6
1392873,123.69
1315254,91.8
1336018,161.62
1074202,45.68
1462286,35.99
1179301,146.9
1083181,127.07
1208582,101.59
1241167,230.28
1003833,206.98
1489688,132.29
1381727,41.61
1296465,92.78
1147384,315.53
1335237,559.2
1118931,207.99
1110951,182.03
1362616,103.39
1094290,144.26
1223297,2452.08
1368957,236.7
1478969,287.37
1257221,37.91
1009115,66.33
1436155,32.19
1376514,47.98
1383176,154.2
1115697,652.54
1052413,316.28
1275961,22.29
1199834,197.99
1435790,160.28
1415547,270.25
1111818,21.91
1472842,41.77
1462914,38.85
1434050,137.97
1474990,63.55
1219655,346.78
1121115,340.43
1464457,506.59
1187185,1386.36
1460906,1187.31
1218544,342.73
1480130,54.88
1462202,68.11
1115897,32.65
1318291,313.34
1172875,515.52
1106965,412.11
1300394,185.4
1036389,170.71
1223120,240.02
1133184,2723.48
1149204,260.49
1261923,489.16
1109687,81.76
1382684,122.88
1259575,105.38
1011377,49.65
1420788,54.43
1334493,68.02
1099449,325.8
1105191,369.16
1254705,173.22
1007028,28.57
1022780,35.51
1441001,142.14
1103152,185.03
1288980,242.21
1216596,60.33
1325331,55.32
1162888,45.54
1303408,70.11
1090414,39.31
1367705,183.3
1048783,40.33
1172140,78.03
1357754,45.22
1118090,472.62
1226464,398.66
1271942,161.92
1294491,640.99
1313402,204.23
1350481,251.08
1202692,68.75
1244220,49.68
1433034,302.3
1436473,304.66
1290934,455.57
1075015,97.65
1102718,92.16
1104390,116.63
1329788,2064.4
1117768,241.53
1456785,361.77
1376399,28.42
1193062,27.71
1157236,91.69
1223887,46.02
1499341,51.66
1239147,31.14
1291651,29.78
1261253,240.47
1403075,357.44
1358256,199.45
1417531,25.91
1492568,162.02
1085139,146.73
1134530,194.98
1363760,50.86
1192217,51.61
1025002,62.5
1342290,78.75
1166888,75.58
1336847,162.17
1164425,37.81
1204806,32.43
1488904,25.72
1254679,126.51
1217865,76.78
1293685,83.39
1448221,36.31
1024888,64.86
1166881,48.91
1048695,226.92
1329364,159.19
1205283,174.25
1133545,748.01
1355523,515.03
1132342,226.22
1231048,72.58
1488603,50.24
1158290,532.71
1450540,489.94
1152498,466.07
1082562,99.55
1421095,110.84
1431676,208.89
1021222,2211.69
1343834,367.51
1338180,586.22
1051784,64.27
1139987,26.09
1170446,43.42
1123143,34.73
1210067,33.3
1227375,31.16
1096407,704.98
1279677,671.39
1137033,358.82
1411185,19.37
1311428,94.85
1442262,85.41
1120664,103.12
1010064,101.14
1474460,87.43
1226838,152.22
1267008,239.57
1147761,256.83
1358808,22.29
1486204,61.99
1224794,60.63
1076736,45.46
1485303,19.0
1408716,35.06
1033868,322.34
1230803,330.59
1313498,267.78
1413327,2072.68
1495413,736.56
1374145,539.68
1109817,70.78
1069577,89.58
1288112,67.09
1366798,778.71
1149663,991.75
1168556,95.3
1073416,124.64
1182836,221.65
1400578,5171.22
1454362,556.62
1467885,1152.86
1476211,113.23
1383574,111.81
1496537,103.84
1133047,292.18
1101436,424.44
1001439,246.27
1064213,45.28
1401981,77.96
1454861,41.59
1196203,701.86
1036941,836.69
1154990,496.55
1233239,64.99
1391775,52.59
1381447,375.9
1411302,405.26
1078694,553.14
1385200,120.4
1434232,105.87
1233757,108.01
1028768,148.13
1368598,172.98
1303610,590.97
1444197,85.27
1258644,85.54
1200616,76.07
1270954,436.4
1163115,353.49
1169119,285.8
1052571,57.14
1106897,94.07
1425006,70.39
1102543,439.15
1198644,320.16
1433839,398.61
1103251,1851.09
1273456,1072.84
1403902,489.69
1378592,51.09
1125244,95.22
1163712,63.19
1058476,824.32
1280539,863.42
1478307,1279.26
1294168,112.49
1284450,115.0
1485791,322.16
1226809,2996.58
1267518,438.49
1423686,961.2
1445115,95.14
1012701,80.52
1492732,71.41
1128210,36.89
1443192,130.77
1375901,59.25
1339604,82.71
1450857,34.53
1388456,647.97
1021804,557.25
1181052,308.01
1242338,43.57
1234695,36.69
1093991,284.96
1456652,308.75
1497173,334.46
1425621,148.05
1149128,161.09
1102682,120.68
1346942,170.27
1335480,194.26
1457745,419.42
1242123,63.66
1312025,40.83
1319688,43.67
1491929,288.78
1173046,324.82
1336815,287.26
1487150,84.74
1423644,113.89
1194213,64.27
1008390,262.6
1375741,389.98
1326706,362.39
1314422,176.95
1219723,169.42
1015674,86.13
1157339,50.36
1443743,70.76
1203153,36.9
1164030,139.0
1347221,366.01
1120206,218.66
1063187,90.81
1494235,61.62
1456199,79.59
1228840,2033.35
1141832,269.86
1287822,267.96
1240376,38.92
1474734,28.59
1306170,36.32
1192481,38.85
1067323,32.91
1433769,33.56
1387077,175.19
1379462,838.41
1231116,210.62
1174195,18.44
1334538,80.9
1264814,131.45
1032658,125.98
1463481,32.88
1015937,27.74
1269056,37.35
1307499,38.67
1301363,41.75
1332403,92.5
1102627,43.96
1484039,427.02
1282575,444.62
1316865,235.86
1072037,325.53
1426492,230.28
1298290,105.5
1052895,35.38
1355224,93.12
1096012,44.45
1404668,153.04
1156177,220.43
1049953,152.49
1247116,69.08
1286122,165.33
1231000,104.31
1279495,1684.22
1318187,217.88
1373331,139.8
1376540,25.89
1336313,50.48
1312708,26.24
1010806,170.7
1339522,637.3
1190478,241.16
1171886,92.65
1049275,157.97
1165387,175.46
1016899,37.88
1422391,45.73
1480338,69.24
1230486,38.79
1125619,47.57
1219698,32.48
1011073,342.06
1187231,360.15
1300341,178.89
1184259,118.97
1234591,93.72
1236452,85.53
1041818,42.46
1036769,143.32
1192321,79.34
1008719,39.03
1072056,77.08
1183173,103.57
1206651,879.84
1246317,121.47
1099913,168.43
1108218,20.93
1467171,56.19
1099223,240.14
1091726,223.48
1429192,27.78
1271099,95.33
1224512,191.98
1022601,197.39
1114250,48.89
1458370,24.12
1071776,26.28
1189803,66.69
1248566,29.16
1381724,240.16
1194661,107.44
1272944,185.94
1363599,951.53
1027214,431.59
1077444,369.0
1455070,41.34
1343261,82.21
1492493,33.5
1307324,444.73
1077297,423.53
1475728,562.47
1202474,66.0
1362220,84.89
1046651,196.67
1273879,2265.46
1444822,270.44
1076732,636.45
1441293,37.56
1112065,34.88
1197296,79.44
1287691,101.7
1170339,82.03
1038580,44.71
1393103,30.38
1124673,28.59
1349975,392.71
1320692,465.02
1325819,258.07
1093868,38.32
1458875,23.3
1427933,195.43
1379975,190.82
1268227,320.57
1306435,111.14
1293636,85.74
1456848,121.43
1287529,154.55
1417117,169.31
1103982,253.41
1129742,37.04
1325129,60.2
1076264,44.38
1437767,165.7
1132812,169.98
1437825,99.4
1027593,81.51
1260624,40.92
1371361,241.87
1049531,228.6
1457135,274.32
1012377,624.34
1051968,127.22
1116753,152.39
1284889,66.68
1129500,60.55
1023978,43.88
1031076,435.52
1014995,378.29
1430894,577.47
1491918,65.45
1183480,38.04
1489603,83.24
1380683,2330.78
1490816,259.59
1497842,446.75
1097259,36.53
1470046,51.31
1355498,31.53
1372911,23.47
1259326,56.89
1102135,40.33
1354206,356.19
1176036,281.64
1388554,107.95
1281965,24.84
1298165,103.03
1307270,192.52
1296870,142.75
1466464,118.86
1392074,133.55
1198518,47.07
1123384,104.97
1451631,117.38
1424988,117.23
1163567,19.24
1279581,21.51
1164785,25.37
1379768,114.98
1041594,111.43
1132521,75.58
1270239,42.83
1290527,41.02
1004134,65.29
1283960,180.57
1348705,181.41
1214346,115.35
1018684,1154.53
1458746,336.91
1398873,331.57
1363247,53.34
1171114,55.85
1356536,447.73
1132706,567.58
1053503,778.71
1236073,96.41
1015489,96.98
1343387,158.25
1472161,2420.75
1082810,318.97
1432350,824.62
1372995,80.45
1044476,63.64
1189866,129.8
1437244,125.75
1470269,100.97
1158671,46.94
1003890,448.56
1306638,435.24
1011181,208.95
1045123,30.0
1185691,26.42
1021932,226.73
1384499,239.74
1180117,306.95
1100808,85.82
1188748,68.7
1195665,74.97
1461400,125.95
1274328,133.28
1352189,182.93
1307899,66.52
1499860,48.49
1265042,70.52
1226420,274.43
1341886,211.84
1173627,187.26
1380871,66.57
1039843,90.05
1434891,60.55
1386877,259.23
1059423,257.17
1388620,210.36
1339452,190.2
1323102,151.12
1239433,90.14
1452837,56.71
1172957,87.74
1261807,78.22
1296678,220.78
1009792,377.74
1209466,97.99
1430688,99.89
1259932,108.18
1264095,2027.76
1458967,188.92
1003543,256.24
1124862,54.5
1144125,46.9
1027603,18.74
1084942,25.17
1290214,34.72
1256336,201.91
1436896,691.53
1158804,213.63
1490276,23.81
1195477,23.85
1427298,111.43
1369726,166.75
1175834,149.7
1321360,52.79
1118637,33.76
1337180,39.28
1299061,40.98
1104555,44.82
1158245,33.43
1142718,87.23
1059103,50.1
1254537,309.6
1138204,333.56
1401405,214.06
1394286,245.7
1384056,234.17
1103515,123.54
1362855,32.01
1240222,24.93
1240676,49.26
1019402,152.06
1139373,137.52
1202816,306.95
1166954,66.62
1188996,2768.86
1085391,216.84
1211106,419.26
1288937,95.85
1143391,47.99
1000233,51.74
1430027,100.08
1466154,222.75
1468117,167.73
1035831,40.7
1110589,66.11
1329444,73.29
1404384,289.09
1273760,382.71
1423129,185.7
1151847,18.14
1299263,45.31
1145177,18.41
1148848,82.28
1243283,117.88
1411541,136.46
1011525,62.66
1331929,49.48
1279850,106.67
1235803,117.96
1385999,152.0
1259160,43.88
1266035,61.26
1112007,126.02
1132794,253.65
1416208,100.64
1237768,230.17
1020937,163.76
1198952,89.02
1134961,54.9
1339297,54.1
1392564,27.81
1009747,289.42
1209177,519.62
1151706,291.7
1296853,203.13
1378157,132.9
1361913,196.1
1371303,2324.44
1267841,319.09
1198297,257.81
1233208,25.0
1443723,47.13
1177808,39.83
1173479,39.22
1257412,32.78
1243448,135.71
1431871,478.91
1207117,160.03
1286044,19.23
1314753,125.83
1365824,117.48
1068361,171.8
1409598,27.7
1494897,140.35
1159162,28.92
1147842,15.69
1010145,32.47
1480639,45.34
1319373,37.89
1132973,344.51
1027926,442.89
1102250,200.42
1445418,1532.42
1424161,433.34
1037632,451.55
1115454,174.55
1017133,281.61
1086047,232.44
1320834,810.66
1220629,1535.39
1475079,1198.25
1293675,201.08
1284570,78.61
1173901,141.22
1216601,5822.75
1492789,968.99
1449349,1627.06
1412687,227.14
1426735,198.73
1389109,159.06
1179644,218.24
1010010,302.92
1381624,86.74
1229591,128.02
1074295,153.38
1325159,70.12
1343551,814.87
1272597,1005.25
1088442,418.43
1215026,84.51
1259014,19.22
1176893,75.23
1097810,497.27
1005560,618.98
1073193,648.66
1038802,85.0
1005224,90.08
1325721,41.28
1136450,190.88
1279631,347.87
1095473,602.44
1297151,75.55
1048829,62.56
1379904,58.49
1281256,523.11
1352308,575.49
1194367,450.1
1251356,154.5
1181977,304.31
1007279,181.6
1419393,595.07
1190900,448.08
1184958,381.95
1206406,478.39
1365395,154.89
1291113,174.43
1139288,28.8
1352942,60.67
1038203,53.72
1078587,445.49
1309451,416.93
1018206,394.29
1014022,271.88
1174313,283.19
1419295,321.54
1301859,1730.52
1210814,340.05
1397018,505.19
1342102,35.31
1196151,31.17
1366948,27.22
1238567,29.71
1306885,422.54
1431795,428.96
1090451,192.02
1389191,90.53
1359888,64.95
1278487,22.12
1010567,133.8
1187872,158.99
1469547,133.31
1006430,129.45
1236497,251.89
1250707,233.18
1354125,36.99
1304771,59.86
1230195,58.13
1340798,29.4
1314185,25.53
1256557,61.01
1010402,387.07
1240314,281.03
1025876,363.02
1119476,668.5
1449017,364.87
1391079,258.99
1173236,58.18
1488966,76.13
1077192,209.25
1251757,455.1
1328973,511.59
1479720,612.98
1192753,89.43
1126581,131.91
1424484,154.62
1333660,4719.23
1184324,542.97
1055470,386.98
1283179,54.72
1231088,32.36
1337907,31.33
1136023,42.57
1497650,22.32
1159094,701.6
1481215,550.64
1194832,379.51
1435894,72.56
1403544,85.77
1136383,160.05
1357261,104.48
1164974,86.64
1057971,114.37
1347107,76.51
1204333,192.61
1450486,232.77
1013823,47.86
1241573,31.03
1101270,120.09
1065843,51.37
1310802,49.69
1353727,36.26
1079853,44.17
1489149,38.54
1478088,559.64
1013495,430.88
1227946,289.9
1096075,1903.82
1024666,1334.37
1403435,643.96
1433536,102.74
1086319,170.53
1299024,146.72
1195502,1156.5
1044169,1455.89
1152242,1468.43
1065051,143.8
1068255,185.39
1299213,347.88
1232035,7629.46
1410617,684.53
1017704,1619.81
1095152,90.89
1220126,73.1
1063947,104.73
1432224,278.62
1245659,66.36
1222669,60.9
1193161,111.84
1375355,81.06
1246139,724.74
1409426,903.86
1105783,506.81
1224437,41.57
1397328,653.25
1148320,1092.41
1384543,984.47
1016498,134.32
1309384,147.46
1177817,116.41
1074126,225.19
1231383,312.02
1304453,518.75
1139353,54.53
1258236,73.53
1199348,80.29
1311855,349.07
1439931,396.64
1278587,235.55
1438492,68.03
1445557,158.13
1125681,149.81
1199960,349.68
1440729,372.14
1200354,643.98
1050954,704.63
1310969,685.77
1306640,304.6
1339180,50.4
1487114,115.05
1338621,50.66
1323063,449.29
1272563,357.87
1152565,573.84
1152614,250.95
1498359,298.49
1280176,294.6
1416679,3266.65
1192208,246.08
1299727,506.55
1436060,95.31
1226984,80.35
1201456,76.57
1256806,393.42
1492689,293.74
1112022,46.77
1495161,42.72
1120533,40.47
1055893,528.52
1151813,992.25
1068712,305.94
1180446,30.26
1469466,51.94
1161712,257.28
1257974,181.63
1022307,536.58
1070137,72.93
1207324,59.93
1154097,68.74
1096925,177.2
1140896,129.01
1139043,185.1
1233775,47.18
1130726,107.65
1389913,370.61
1162384,319.92
1171175,351.4
1348738,173.72
1400789,207.65
1253513,85.99
1072273,29.59
1335889,111.4
1282158,27.73
1192568,349.4
1123998,223.74
1342060,92.03
1384721,112.8
1183641,1761.27
1041033,289.03
1200718,250.76
1497662,17.38
1368398,30.2
1458915,38.37
1330271,45.41
1479826,347.75
1140363,1004.13
1109305,295.41
1183058,126.14
1400481,153.51
1302339,183.99
1125354,37.77
1428300,28.24
1307819,51.17
1194003,55.49
1215065,125.19
1055561,88.04
1171208,677.15
1466288,771.5
1216941,284.68
1343036,818.58
1268656,640.15
1427596,140.89
1078400,41.87
1144617,63.95
1042127,244.58
1302668,418.66
1070372,240.6
1309272,152.47
1443959,140.79
1418998,203.13
1375917,1586.33
1011067,205.8
1157812,172.81
1268956,38.01
1164083,58.97
1218015,36.97
1383733,19.16
1097574,23.88
1470891,133.38
1311762,281.39
1489983,54.0
1432644,79.24
1295164,123.19
1204591,90.73
1093346,24.64
1316692,40.8
1197885,33.6
1077308,36.16
1395102,389.78
1078987,588.69
1173310,137.05
1003331,503.44
1403656,345.55
1152280,111.23
1018393,40.7
1074270,101.74
1323759,313.59
1040755,457.89
1305988,528.28
1274838,158.56
1109620,223.7
1394606,312.83
1349429,2554.82
1335756,287.55
1077049,409.01
1189136,60.51
1003422,43.73
1259792,45.11
1496530,39.93
1279859,140.47
1177141,78.92
1039622,32.19
1328288,29.98
1462612,43.92
1392103,213.7
1436681,477.74
1413768,252.89
1383885,22.07
1166180,123.83
1485765,204.57
1482492,283.76
1312352,68.97
1179503,46.59
1286570,52.83
1285406,35.69
1446354,37.95
1126127,85.26
1481939,35.57
1343655,51.69
1272934,55.73
1112696,292.51
1130600,305.91
1174600,195.33
1320654,1182.97
1070383,761.07
1308976,237.25
1005607,82.72
1035832,55.2
1324840,476.63
1012125,581.79
1497891,835.48
1099961,73.28
1457142,128.45
1006230,162.47
1163371,1578.15
1486518,236.17
1109546,718.46
1189272,93.95
1319632,68.33
1262924,85.99
1428567,100.18
1112011,78.95
1307215,48.46
1042340,58.36
1015916,40.71
1067466,543.87
1233653,436.45
1370183,228.9
1355348,32.78
1129758,32.87
1316856,185.43
1346633,181.77
1487564,230.79
1030704,87.54
1369427,97.43
1008093,96.04
1167856,132.28
1294314,284.0
1447975,373.06
1185715,65.9
1337557,34.42
1258340,34.11
1443796,135.89
1140077,325.53
1325027,182.81
1368987,31.28
1157099,54.32
1290300,67.31
1266965,287.12
1306586,259.99
1340967,235.18
1055961,441.17
1048122,306.87
1080418,106.44
1148902,27.29
1164067,54.87
1444164,27.17
1088809,403.88
1366757,417.77
1364816,122.67
1331136,120.64
1219262,210.72
1104654,2299.24
1396460,259.26
1275513,635.04
1155273,76.8
1149041,40.09
1459415,37.69
1101560,34.91
1491374,21.72
1382469,599.71
1198228,469.19
1330575,377.55
1045111,145.45
1317160,113.62
1341596,86.97
1107486,248.51
1055252,155.03
1141862,172.68
1324501,98.14
1168271,178.95
1367777,206.4
1263775,42.98
1225059,38.36
1311200,33.23
1294128,124.79
1363716,125.17
1464689,54.99
1078016,59.21
1323950,47.94
1385303,154.88
1125676,178.29
1019901,180.05
1091949,676.39
1022775,536.92
1425457,109.19
1383194,58.52
1030996,53.31
1021348,487.24
1486207,596.38
1073198,75.33
1142240,77.08
1227543,145.62
1328470,2051.0
1027062,539.58
1054423,597.65
1057859,34.73
1085056,22.78
1127458,40.03
1030570,44.18
1011280,33.64
1420026,326.67
1342717,1092.83
1217666,285.59
1064148,15.26
1143105,15.43
1443014,241.27
1053533,216.56
1159213,210.84
1299602,161.37
1466164,269.07
1364923,320.23
1345687,22.18
1490689,27.75
1054132,27.54
1283139,32.3
1174062,37.54
1210589,30.39
1402112,38.06
1191939,62.06
1282630,39.45
1032275,296.42
1345988,305.56
1284150,651.78
1412745,341.41
1189870,395.87
1313166,227.88
1461333,40.46
1403345,55.5
1080422,72.66
1123999,145.98
1321328,353.89
1499149,337.97
1204434,64.6
1471972,59.33
1154525,92.05
1180897,1711.75
1239990,219.61
1191121,497.39
1420610,81.94
1461619,97.87
1283607,63.21
1160895,71.88
1470466,138.12
1478093,118.27
1169197,27.52
1419275,57.43
1431854,220.65
1164242,494.38
1130746,229.68
1453234,33.55
1186321,98.69
1475466,159.59
1093840,260.36
1173465,63.76
1267159,56.39
1170013,57.6
1156922,110.9
1000954,152.54
1215194,170.65
1401263,56.84
1200149,94.84
1185727,48.36
1406540,281.85
1041304,294.89
1178586,126.06
1125034,1396.82
1094992,489.88
1098294,407.12
1189234,69.25
1062718,89.5
1082997,91.53
1394931,705.95
1154152,789.88
1255924,880.06
1362231,103.34
1310252,139.26
1334903,265.46
1160784,4626.49
1088651,437.56
1213880,1001.77
1320872,120.8
1410761,101.93
1402413,86.89
1169260,60.72
1326093,102.71
1286218,67.32
1126416,37.61
1074332,84.04
1163098,57.54
1171492,611.08
1251701,867.49
1041443,268.57
1427597,37.77
1129290,39.82
1049689,177.76
1123106,159.63
1079402,184.42
1115834,58.16
1451124,99.07
1372533,53.41
1373037,141.62
1160220,187.04
1285893,470.52
1181766,38.98
1049773,32.25
1458521,33.19
1359763,157.58
1426206,301.04
1317246,190.46
1021889,64.36
1318823,113.88
1345656,72.22
1101170,173.06
1416073,261.14
1208757,361.74
1033019,469.36
1136593,316.03
1205287,204.06
1422208,66.62
1174084,82.62
1323683,55.88
1265832,299.66
1123723,329.13
1367945,307.17
1326431,85.27
1422972,113.59
1256838,79.7
1234660,2556.64
1404408,211.8
1234776,557.5
1349215,74.7
1207249,66.85
1414921,193.72
1126947,146.72
1096124,17.53
1498639,35.39
1430032,28.13
1111480,295.85
1449841,504.47
1290329,220.47
1324280,55.81
1457838,40.2
1222394,181.62
1141545,196.85
1363040,208.3
1330159,54.91
1070377,40.21
1001148,53.6
1169203,84.4
1389523,106.43
1304998,95.44
1462767,38.43
1250239,71.48
1039516,31.08
1158107,250.89
1444235,271.72
1291286,179.98
